benchmark,noise_percent,seed,arm,alpha,alpha_mode,best_beta,validation_error,true_alpha,target_noise_l2,initial_slice_effect_l2,target_variance_clean,target_variance_noisy,temporal_adjoint_weight_norm
Frac. RD (space),0.0,0,clean,0.8,fractional_subunit,1.6635338566549789,0.008308080596974502,1.0,0.0,0.0,5.29578438346491e-07,5.29578438346491e-07,35.42225491186006
Frac. RD (space),0.0,0,fully_noisy,0.8,fractional_subunit,1.6635338566549789,0.008308080596974502,1.0,0.0,0.0,5.29578438346491e-07,5.29578438346491e-07,35.42225491186006
Frac. RD (space),0.0,0,clean_initial_slice,0.8,fractional_subunit,1.6635338566549789,0.008308080596974502,1.0,0.0,0.0,5.29578438346491e-07,5.29578438346491e-07,35.42225491186006
Frac. RD (space),0.0,0,target_only_noise,0.8,fractional_subunit,1.6635338566549789,0.008308080596974502,1.0,0.0,0.0,5.29578438346491e-07,5.29578438346491e-07,35.42225491186006
Frac. RD (space),0.0,0,library_only_noise,0.8,fractional_subunit,1.6635338566549789,0.008308080596974502,1.0,0.0,0.0,5.29578438346491e-07,5.29578438346491e-07,35.42225491186006
Frac. RD (space),0.0,0,clean,0.8024875,fractional_subunit,1.6634683147926157,0.00811421585089479,1.0,0.0,0.0,5.306381333024073e-07,5.306381333024073e-07,35.5691676331003
Frac. RD (space),0.0,0,fully_noisy,0.8024875,fractional_subunit,1.6634683147926157,0.00811421585089479,1.0,0.0,0.0,5.306381333024073e-07,5.306381333024073e-07,35.5691676331003
Frac. RD (space),0.0,0,clean_initial_slice,0.8024875,fractional_subunit,1.6634683147926157,0.00811421585089479,1.0,0.0,0.0,5.306381333024073e-07,5.306381333024073e-07,35.5691676331003
Frac. RD (space),0.0,0,target_only_noise,0.8024875,fractional_subunit,1.6634683147926157,0.00811421585089479,1.0,0.0,0.0,5.306381333024073e-07,5.306381333024073e-07,35.5691676331003
Frac. RD (space),0.0,0,library_only_noise,0.8024875,fractional_subunit,1.6634683147926157,0.00811421585089479,1.0,0.0,0.0,5.306381333024073e-07,5.306381333024073e-07,35.5691676331003
Frac. RD (space),0.0,0,clean,0.804975,fractional_subunit,1.6634029285054077,0.007922996398661755,1.0,0.0,0.0,5.317001527953415e-07,5.317001527953415e-07,35.718130727258284
Frac. RD (space),0.0,0,fully_noisy,0.804975,fractional_subunit,1.6634029285054077,0.007922996398661755,1.0,0.0,0.0,5.317001527953415e-07,5.317001527953415e-07,35.718130727258284
Frac. RD (space),0.0,0,clean_initial_slice,0.804975,fractional_subunit,1.6634029285054077,0.007922996398661755,1.0,0.0,0.0,5.317001527953415e-07,5.317001527953415e-07,35.718130727258284
Frac. RD (space),0.0,0,target_only_noise,0.804975,fractional_subunit,1.6634029285054077,0.007922996398661755,1.0,0.0,0.0,5.317001527953415e-07,5.317001527953415e-07,35.718130727258284
Frac. RD (space),0.0,0,library_only_noise,0.804975,fractional_subunit,1.6634029285054077,0.007922996398661755,1.0,0.0,0.0,5.317001527953415e-07,5.317001527953415e-07,35.718130727258284
Frac. RD (space),0.0,0,clean,0.8074625000000001,fractional_subunit,1.6633376972549314,0.007734409437916494,1.0,0.0,0.0,5.327644968252937e-07,5.327644968252937e-07,35.86915728852505
Frac. RD (space),0.0,0,fully_noisy,0.8074625000000001,fractional_subunit,1.6633376972549314,0.007734409437916494,1.0,0.0,0.0,5.327644968252937e-07,5.327644968252937e-07,35.86915728852505
Frac. RD (space),0.0,0,clean_initial_slice,0.8074625000000001,fractional_subunit,1.6633376972549314,0.007734409437916494,1.0,0.0,0.0,5.327644968252937e-07,5.327644968252937e-07,35.86915728852505
Frac. RD (space),0.0,0,target_only_noise,0.8074625000000001,fractional_subunit,1.6633376972549314,0.007734409437916494,1.0,0.0,0.0,5.327644968252937e-07,5.327644968252937e-07,35.86915728852505
Frac. RD (space),0.0,0,library_only_noise,0.8074625000000001,fractional_subunit,1.6633376972549314,0.007734409437916494,1.0,0.0,0.0,5.327644968252937e-07,5.327644968252937e-07,35.86915728852505
Frac. RD (space),0.0,0,clean,0.8099500000000001,fractional_subunit,1.6632692952732022,0.00754673108668764,1.0,0.0,0.0,5.338132476502483e-07,5.338132476502483e-07,36.022260283142195
Frac. RD (space),0.0,0,fully_noisy,0.8099500000000001,fractional_subunit,1.6632692952732022,0.00754673108668764,1.0,0.0,0.0,5.338132476502483e-07,5.338132476502483e-07,36.022260283142195
Frac. RD (space),0.0,0,clean_initial_slice,0.8099500000000001,fractional_subunit,1.6632692952732022,0.00754673108668764,1.0,0.0,0.0,5.338132476502483e-07,5.338132476502483e-07,36.022260283142195
Frac. RD (space),0.0,0,target_only_noise,0.8099500000000001,fractional_subunit,1.6632692952732022,0.00754673108668764,1.0,0.0,0.0,5.338132476502483e-07,5.338132476502483e-07,36.022260283142195
Frac. RD (space),0.0,0,library_only_noise,0.8099500000000001,fractional_subunit,1.6632692952732022,0.00754673108668764,1.0,0.0,0.0,5.338132476502483e-07,5.338132476502483e-07,36.022260283142195
Frac. RD (space),0.0,0,clean,0.8124375,fractional_subunit,1.6632008448213165,0.007361592014629286,1.0,0.0,0.0,5.348631911998003e-07,5.348631911998003e-07,36.17745254849715
Frac. RD (space),0.0,0,fully_noisy,0.8124375,fractional_subunit,1.6632008448213165,0.007361592014629286,1.0,0.0,0.0,5.348631911998003e-07,5.348631911998003e-07,36.17745254849715
Frac. RD (space),0.0,0,clean_initial_slice,0.8124375,fractional_subunit,1.6632008448213165,0.007361592014629286,1.0,0.0,0.0,5.348631911998003e-07,5.348631911998003e-07,36.17745254849715
Frac. RD (space),0.0,0,target_only_noise,0.8124375,fractional_subunit,1.6632008448213165,0.007361592014629286,1.0,0.0,0.0,5.348631911998003e-07,5.348631911998003e-07,36.17745254849715
Frac. RD (space),0.0,0,library_only_noise,0.8124375,fractional_subunit,1.6632008448213165,0.007361592014629286,1.0,0.0,0.0,5.348631911998003e-07,5.348631911998003e-07,36.17745254849715
Frac. RD (space),0.0,0,clean,0.814925,fractional_subunit,1.6631325531520034,0.00717908761397332,1.0,0.0,0.0,5.359154458996526e-07,5.359154458996526e-07,36.33474679231542
Frac. RD (space),0.0,0,fully_noisy,0.814925,fractional_subunit,1.6631325531520034,0.00717908761397332,1.0,0.0,0.0,5.359154458996526e-07,5.359154458996526e-07,36.33474679231542
Frac. RD (space),0.0,0,clean_initial_slice,0.814925,fractional_subunit,1.6631325531520034,0.00717908761397332,1.0,0.0,0.0,5.359154458996526e-07,5.359154458996526e-07,36.33474679231542
Frac. RD (space),0.0,0,target_only_noise,0.814925,fractional_subunit,1.6631325531520034,0.00717908761397332,1.0,0.0,0.0,5.359154458996526e-07,5.359154458996526e-07,36.33474679231542
Frac. RD (space),0.0,0,library_only_noise,0.814925,fractional_subunit,1.6631325531520034,0.00717908761397332,1.0,0.0,0.0,5.359154458996526e-07,5.359154458996526e-07,36.33474679231542
Frac. RD (space),0.0,0,clean,0.8174125,fractional_subunit,1.6630612447912416,0.006997672834713659,1.0,0.0,0.0,5.369528241919661e-07,5.369528241919661e-07,36.494155591948875
Frac. RD (space),0.0,0,fully_noisy,0.8174125,fractional_subunit,1.6630612447912416,0.006997672834713659,1.0,0.0,0.0,5.369528241919661e-07,5.369528241919661e-07,36.494155591948875
Frac. RD (space),0.0,0,clean_initial_slice,0.8174125,fractional_subunit,1.6630612447912416,0.006997672834713659,1.0,0.0,0.0,5.369528241919661e-07,5.369528241919661e-07,36.494155591948875
Frac. RD (space),0.0,0,target_only_noise,0.8174125,fractional_subunit,1.6630612447912416,0.006997672834713659,1.0,0.0,0.0,5.369528241919661e-07,5.369528241919661e-07,36.494155591948875
Frac. RD (space),0.0,0,library_only_noise,0.8174125,fractional_subunit,1.6630612447912416,0.006997672834713659,1.0,0.0,0.0,5.369528241919661e-07,5.369528241919661e-07,36.494155591948875
Frac. RD (space),0.0,0,clean,0.8199000000000001,fractional_subunit,1.6629897149281128,0.006818701165154003,1.0,0.0,0.0,5.379902114717103e-07,5.379902114717103e-07,36.65569139375916
Frac. RD (space),0.0,0,fully_noisy,0.8199000000000001,fractional_subunit,1.6629897149281128,0.006818701165154003,1.0,0.0,0.0,5.379902114717103e-07,5.379902114717103e-07,36.65569139375916
Frac. RD (space),0.0,0,clean_initial_slice,0.8199000000000001,fractional_subunit,1.6629897149281128,0.006818701165154003,1.0,0.0,0.0,5.379902114717103e-07,5.379902114717103e-07,36.65569139375916
Frac. RD (space),0.0,0,target_only_noise,0.8199000000000001,fractional_subunit,1.6629897149281128,0.006818701165154003,1.0,0.0,0.0,5.379902114717103e-07,5.379902114717103e-07,36.65569139375916
Frac. RD (space),0.0,0,library_only_noise,0.8199000000000001,fractional_subunit,1.6629897149281128,0.006818701165154003,1.0,0.0,0.0,5.379902114717103e-07,5.379902114717103e-07,36.65569139375916
Frac. RD (space),0.0,0,clean,0.8223875,fractional_subunit,1.6629183471561666,0.006642366614579001,1.0,0.0,0.0,5.390298963470852e-07,5.390298963470852e-07,36.8193665125949
Frac. RD (space),0.0,0,fully_noisy,0.8223875,fractional_subunit,1.6629183471561666,0.006642366614579001,1.0,0.0,0.0,5.390298963470852e-07,5.390298963470852e-07,36.8193665125949
Frac. RD (space),0.0,0,clean_initial_slice,0.8223875,fractional_subunit,1.6629183471561666,0.006642366614579001,1.0,0.0,0.0,5.390298963470852e-07,5.390298963470852e-07,36.8193665125949
Frac. RD (space),0.0,0,target_only_noise,0.8223875,fractional_subunit,1.6629183471561666,0.006642366614579001,1.0,0.0,0.0,5.390298963470852e-07,5.390298963470852e-07,36.8193665125949
Frac. RD (space),0.0,0,library_only_noise,0.8223875,fractional_subunit,1.6629183471561666,0.006642366614579001,1.0,0.0,0.0,5.390298963470852e-07,5.390298963470852e-07,36.8193665125949
Frac. RD (space),0.0,0,clean,0.824875,fractional_subunit,1.6628441196173378,0.006467293045538268,1.0,0.0,0.0,5.400554685610742e-07,5.400554685610742e-07,36.98519313136151
Frac. RD (space),0.0,0,fully_noisy,0.824875,fractional_subunit,1.6628441196173378,0.006467293045538268,1.0,0.0,0.0,5.400554685610742e-07,5.400554685610742e-07,36.98519313136151
Frac. RD (space),0.0,0,clean_initial_slice,0.824875,fractional_subunit,1.6628441196173378,0.006467293045538268,1.0,0.0,0.0,5.400554685610742e-07,5.400554685610742e-07,36.98519313136151
Frac. RD (space),0.0,0,target_only_noise,0.824875,fractional_subunit,1.6628441196173378,0.006467293045538268,1.0,0.0,0.0,5.400554685610742e-07,5.400554685610742e-07,36.98519313136151
Frac. RD (space),0.0,0,library_only_noise,0.824875,fractional_subunit,1.6628441196173378,0.006467293045538268,1.0,0.0,0.0,5.400554685610742e-07,5.400554685610742e-07,36.98519313136151
Frac. RD (space),0.0,0,clean,0.8273625,fractional_subunit,1.662769410874269,0.0062945761965455295,1.0,0.0,0.0,5.410798131211734e-07,5.410798131211734e-07,37.15318330068196
Frac. RD (space),0.0,0,fully_noisy,0.8273625,fractional_subunit,1.662769410874269,0.0062945761965455295,1.0,0.0,0.0,5.410798131211734e-07,5.410798131211734e-07,37.15318330068196
Frac. RD (space),0.0,0,clean_initial_slice,0.8273625,fractional_subunit,1.662769410874269,0.0062945761965455295,1.0,0.0,0.0,5.410798131211734e-07,5.410798131211734e-07,37.15318330068196
Frac. RD (space),0.0,0,target_only_noise,0.8273625,fractional_subunit,1.662769410874269,0.0062945761965455295,1.0,0.0,0.0,5.410798131211734e-07,5.410798131211734e-07,37.15318330068196
Frac. RD (space),0.0,0,library_only_noise,0.8273625,fractional_subunit,1.662769410874269,0.0062945761965455295,1.0,0.0,0.0,5.410798131211734e-07,5.410798131211734e-07,37.15318330068196
Frac. RD (space),0.0,0,clean,0.8298500000000001,fractional_subunit,1.6626948675778277,0.006124499192783022,1.0,0.0,0.0,5.421064415718002e-07,5.421064415718002e-07,37.323348938646845
Frac. RD (space),0.0,0,fully_noisy,0.8298500000000001,fractional_subunit,1.6626948675778277,0.006124499192783022,1.0,0.0,0.0,5.421064415718002e-07,5.421064415718002e-07,37.323348938646845
Frac. RD (space),0.0,0,clean_initial_slice,0.8298500000000001,fractional_subunit,1.6626948675778277,0.006124499192783022,1.0,0.0,0.0,5.421064415718002e-07,5.421064415718002e-07,37.323348938646845
Frac. RD (space),0.0,0,target_only_noise,0.8298500000000001,fractional_subunit,1.6626948675778277,0.006124499192783022,1.0,0.0,0.0,5.421064415718002e-07,5.421064415718002e-07,37.323348938646845
Frac. RD (space),0.0,0,library_only_noise,0.8298500000000001,fractional_subunit,1.6626948675778277,0.006124499192783022,1.0,0.0,0.0,5.421064415718002e-07,5.421064415718002e-07,37.323348938646845
Frac. RD (space),0.0,0,clean,0.8323375000000001,fractional_subunit,1.6626176309430456,0.005955844930743408,1.0,0.0,0.0,5.43119769072755e-07,5.43119769072755e-07,37.49570183065245
Frac. RD (space),0.0,0,fully_noisy,0.8323375000000001,fractional_subunit,1.6626176309430456,0.005955844930743408,1.0,0.0,0.0,5.43119769072755e-07,5.43119769072755e-07,37.49570183065245
Frac. RD (space),0.0,0,clean_initial_slice,0.8323375000000001,fractional_subunit,1.6626176309430456,0.005955844930743408,1.0,0.0,0.0,5.43119769072755e-07,5.43119769072755e-07,37.49570183065245
Frac. RD (space),0.0,0,target_only_noise,0.8323375000000001,fractional_subunit,1.6626176309430456,0.005955844930743408,1.0,0.0,0.0,5.43119769072755e-07,5.43119769072755e-07,37.49570183065245
Frac. RD (space),0.0,0,library_only_noise,0.8323375000000001,fractional_subunit,1.6626176309430456,0.005955844930743408,1.0,0.0,0.0,5.43119769072755e-07,5.43119769072755e-07,37.49570183065245
Frac. RD (space),0.0,0,clean,0.834825,fractional_subunit,1.6625396844422342,0.00578947070298002,1.0,0.0,0.0,5.441305783969845e-07,5.441305783969845e-07,37.67025362932452
Frac. RD (space),0.0,0,fully_noisy,0.834825,fractional_subunit,1.6625396844422342,0.00578947070298002,1.0,0.0,0.0,5.441305783969845e-07,5.441305783969845e-07,37.67025362932452
Frac. RD (space),0.0,0,clean_initial_slice,0.834825,fractional_subunit,1.6625396844422342,0.00578947070298002,1.0,0.0,0.0,5.441305783969845e-07,5.441305783969845e-07,37.67025362932452
Frac. RD (space),0.0,0,target_only_noise,0.834825,fractional_subunit,1.6625396844422342,0.00578947070298002,1.0,0.0,0.0,5.441305783969845e-07,5.441305783969845e-07,37.67025362932452
Frac. RD (space),0.0,0,library_only_noise,0.834825,fractional_subunit,1.6625396844422342,0.00578947070298002,1.0,0.0,0.0,5.441305783969845e-07,5.441305783969845e-07,37.67025362932452
Frac. RD (space),0.0,0,clean,0.8373125,fractional_subunit,1.6624619065432868,0.005625739336681812,1.0,0.0,0.0,5.451436577746514e-07,5.451436577746514e-07,37.84701585452595
Frac. RD (space),0.0,0,fully_noisy,0.8373125,fractional_subunit,1.6624619065432868,0.005625739336681812,1.0,0.0,0.0,5.451436577746514e-07,5.451436577746514e-07,37.84701585452595
Frac. RD (space),0.0,0,clean_initial_slice,0.8373125,fractional_subunit,1.6624619065432868,0.005625739336681812,1.0,0.0,0.0,5.451436577746514e-07,5.451436577746514e-07,37.84701585452595
Frac. RD (space),0.0,0,target_only_noise,0.8373125,fractional_subunit,1.6624619065432868,0.005625739336681812,1.0,0.0,0.0,5.451436577746514e-07,5.451436577746514e-07,37.84701585452595
Frac. RD (space),0.0,0,library_only_noise,0.8373125,fractional_subunit,1.6624619065432868,0.005625739336681812,1.0,0.0,0.0,5.451436577746514e-07,5.451436577746514e-07,37.84701585452595
Frac. RD (space),0.0,0,clean,0.8398,fractional_subunit,1.6623816092230832,0.005463582934369359,1.0,0.0,0.0,5.461442968984293e-07,5.461442968984293e-07,38.025999893446446
Frac. RD (space),0.0,0,fully_noisy,0.8398,fractional_subunit,1.6623816092230832,0.005463582934369359,1.0,0.0,0.0,5.461442968984293e-07,5.461442968984293e-07,38.025999893446446
Frac. RD (space),0.0,0,clean_initial_slice,0.8398,fractional_subunit,1.6623816092230832,0.005463582934369359,1.0,0.0,0.0,5.461442968984293e-07,5.461442968984293e-07,38.025999893446446
Frac. RD (space),0.0,0,target_only_noise,0.8398,fractional_subunit,1.6623816092230832,0.005463582934369359,1.0,0.0,0.0,5.461442968984293e-07,5.461442968984293e-07,38.025999893446446
Frac. RD (space),0.0,0,library_only_noise,0.8398,fractional_subunit,1.6623816092230832,0.005463582934369359,1.0,0.0,0.0,5.461442968984293e-07,5.461442968984293e-07,38.025999893446446
Frac. RD (space),0.0,0,clean,0.8422875000000001,fractional_subunit,1.662300364942929,0.005303639497555159,1.0,0.0,0.0,5.471410724666396e-07,5.471410724666396e-07,38.20721700077187
Frac. RD (space),0.0,0,fully_noisy,0.8422875000000001,fractional_subunit,1.662300364942929,0.005303639497555159,1.0,0.0,0.0,5.471410724666396e-07,5.471410724666396e-07,38.20721700077187
Frac. RD (space),0.0,0,clean_initial_slice,0.8422875000000001,fractional_subunit,1.662300364942929,0.005303639497555159,1.0,0.0,0.0,5.471410724666396e-07,5.471410724666396e-07,38.20721700077187
Frac. RD (space),0.0,0,target_only_noise,0.8422875000000001,fractional_subunit,1.662300364942929,0.005303639497555159,1.0,0.0,0.0,5.471410724666396e-07,5.471410724666396e-07,38.20721700077187
Frac. RD (space),0.0,0,library_only_noise,0.8422875000000001,fractional_subunit,1.662300364942929,0.005303639497555159,1.0,0.0,0.0,5.471410724666396e-07,5.471410724666396e-07,38.20721700077187
Frac. RD (space),0.0,0,clean,0.844775,fractional_subunit,1.662219292274434,0.005146342240098233,1.0,0.0,0.0,5.481401041386171e-07,5.481401041386171e-07,38.39067829893103
Frac. RD (space),0.0,0,fully_noisy,0.844775,fractional_subunit,1.662219292274434,0.005146342240098233,1.0,0.0,0.0,5.481401041386171e-07,5.481401041386171e-07,38.39067829893103
Frac. RD (space),0.0,0,clean_initial_slice,0.844775,fractional_subunit,1.662219292274434,0.005146342240098233,1.0,0.0,0.0,5.481401041386171e-07,5.481401041386171e-07,38.39067829893103
Frac. RD (space),0.0,0,target_only_noise,0.844775,fractional_subunit,1.662219292274434,0.005146342240098233,1.0,0.0,0.0,5.481401041386171e-07,5.481401041386171e-07,38.39067829893103
Frac. RD (space),0.0,0,library_only_noise,0.844775,fractional_subunit,1.662219292274434,0.005146342240098233,1.0,0.0,0.0,5.481401041386171e-07,5.481401041386171e-07,38.39067829893103
Frac. RD (space),0.0,0,clean,0.8472625,fractional_subunit,1.6621358817058454,0.004990762703616497,1.0,0.0,0.0,5.491276062559997e-07,5.491276062559997e-07,38.57639477841781
Frac. RD (space),0.0,0,fully_noisy,0.8472625,fractional_subunit,1.6621358817058454,0.004990762703616497,1.0,0.0,0.0,5.491276062559997e-07,5.491276062559997e-07,38.57639477841781
Frac. RD (space),0.0,0,clean_initial_slice,0.8472625,fractional_subunit,1.6621358817058454,0.004990762703616497,1.0,0.0,0.0,5.491276062559997e-07,5.491276062559997e-07,38.57639477841781
Frac. RD (space),0.0,0,target_only_noise,0.8472625,fractional_subunit,1.6621358817058454,0.004990762703616497,1.0,0.0,0.0,5.491276062559997e-07,5.491276062559997e-07,38.57639477841781
Frac. RD (space),0.0,0,library_only_noise,0.8472625,fractional_subunit,1.6621358817058454,0.004990762703616497,1.0,0.0,0.0,5.491276062559997e-07,5.491276062559997e-07,38.57639477841781
Frac. RD (space),0.0,0,clean,0.84975,fractional_subunit,1.6620512785648203,0.004837338582609528,1.0,0.0,0.0,5.501098436122131e-07,5.501098436122131e-07,38.764377298185764
Frac. RD (space),0.0,0,fully_noisy,0.84975,fractional_subunit,1.6620512785648203,0.004837338582609528,1.0,0.0,0.0,5.501098436122131e-07,5.501098436122131e-07,38.764377298185764
Frac. RD (space),0.0,0,clean_initial_slice,0.84975,fractional_subunit,1.6620512785648203,0.004837338582609528,1.0,0.0,0.0,5.501098436122131e-07,5.501098436122131e-07,38.764377298185764
Frac. RD (space),0.0,0,target_only_noise,0.84975,fractional_subunit,1.6620512785648203,0.004837338582609528,1.0,0.0,0.0,5.501098436122131e-07,5.501098436122131e-07,38.764377298185764
Frac. RD (space),0.0,0,library_only_noise,0.84975,fractional_subunit,1.6620512785648203,0.004837338582609528,1.0,0.0,0.0,5.501098436122131e-07,5.501098436122131e-07,38.764377298185764
Frac. RD (space),0.0,0,clean,0.8522375,fractional_subunit,1.661966849766649,0.004686564272528293,1.0,0.0,0.0,5.510943230303401e-07,5.510943230303401e-07,38.95463658611328
Frac. RD (space),0.0,0,fully_noisy,0.8522375,fractional_subunit,1.661966849766649,0.004686564272528293,1.0,0.0,0.0,5.510943230303401e-07,5.510943230303401e-07,38.95463658611328
Frac. RD (space),0.0,0,clean_initial_slice,0.8522375,fractional_subunit,1.661966849766649,0.004686564272528293,1.0,0.0,0.0,5.510943230303401e-07,5.510943230303401e-07,38.95463658611328
Frac. RD (space),0.0,0,target_only_noise,0.8522375,fractional_subunit,1.661966849766649,0.004686564272528293,1.0,0.0,0.0,5.510943230303401e-07,5.510943230303401e-07,38.95463658611328
Frac. RD (space),0.0,0,library_only_noise,0.8522375,fractional_subunit,1.661966849766649,0.004686564272528293,1.0,0.0,0.0,5.510943230303401e-07,5.510943230303401e-07,38.95463658611328
Frac. RD (space),0.0,0,clean,0.8547250000000001,fractional_subunit,1.6618802723235506,0.0045376410588239624,1.0,0.0,0.0,5.520682346163063e-07,5.520682346163063e-07,39.14718323953621
Frac. RD (space),0.0,0,fully_noisy,0.8547250000000001,fractional_subunit,1.6618802723235506,0.0045376410588239624,1.0,0.0,0.0,5.520682346163063e-07,5.520682346163063e-07,39.14718323953621
Frac. RD (space),0.0,0,clean_initial_slice,0.8547250000000001,fractional_subunit,1.6618802723235506,0.0045376410588239624,1.0,0.0,0.0,5.520682346163063e-07,5.520682346163063e-07,39.14718323953621
Frac. RD (space),0.0,0,target_only_noise,0.8547250000000001,fractional_subunit,1.6618802723235506,0.0045376410588239624,1.0,0.0,0.0,5.520682346163063e-07,5.520682346163063e-07,39.14718323953621
Frac. RD (space),0.0,0,library_only_noise,0.8547250000000001,fractional_subunit,1.6618802723235506,0.0045376410588239624,1.0,0.0,0.0,5.520682346163063e-07,5.520682346163063e-07,39.14718323953621
Frac. RD (space),0.0,0,clean,0.8572125,fractional_subunit,1.6617922481186203,0.004390825119310849,1.0,0.0,0.0,5.530354234426289e-07,5.530354234426289e-07,39.34202772584576
Frac. RD (space),0.0,0,fully_noisy,0.8572125,fractional_subunit,1.6617922481186203,0.004390825119310849,1.0,0.0,0.0,5.530354234426289e-07,5.530354234426289e-07,39.34202772584576
Frac. RD (space),0.0,0,clean_initial_slice,0.8572125,fractional_subunit,1.6617922481186203,0.004390825119310849,1.0,0.0,0.0,5.530354234426289e-07,5.530354234426289e-07,39.34202772584576
Frac. RD (space),0.0,0,target_only_noise,0.8572125,fractional_subunit,1.6617922481186203,0.004390825119310849,1.0,0.0,0.0,5.530354234426289e-07,5.530354234426289e-07,39.34202772584576
Frac. RD (space),0.0,0,library_only_noise,0.8572125,fractional_subunit,1.6617922481186203,0.004390825119310849,1.0,0.0,0.0,5.530354234426289e-07,5.530354234426289e-07,39.34202772584576
Frac. RD (space),0.0,0,clean,0.8597,fractional_subunit,1.661704400760289,0.004246662948350547,1.0,0.0,0.0,5.540048402182455e-07,5.540048402182455e-07,39.5391803831487
Frac. RD (space),0.0,0,fully_noisy,0.8597,fractional_subunit,1.661704400760289,0.004246662948350547,1.0,0.0,0.0,5.540048402182455e-07,5.540048402182455e-07,39.5391803831487
Frac. RD (space),0.0,0,clean_initial_slice,0.8597,fractional_subunit,1.661704400760289,0.004246662948350547,1.0,0.0,0.0,5.540048402182455e-07,5.540048402182455e-07,39.5391803831487
Frac. RD (space),0.0,0,target_only_noise,0.8597,fractional_subunit,1.661704400760289,0.004246662948350547,1.0,0.0,0.0,5.540048402182455e-07,5.540048402182455e-07,39.5391803831487
Frac. RD (space),0.0,0,library_only_noise,0.8597,fractional_subunit,1.661704400760289,0.004246662948350547,1.0,0.0,0.0,5.540048402182455e-07,5.540048402182455e-07,39.5391803831487
Frac. RD (space),0.0,0,clean,0.8621875,fractional_subunit,1.661614601723771,0.0041044759627199175,1.0,0.0,0.0,5.549647029263221e-07,5.549647029263221e-07,39.73865142098734
Frac. RD (space),0.0,0,fully_noisy,0.8621875,fractional_subunit,1.661614601723771,0.0041044759627199175,1.0,0.0,0.0,5.549647029263221e-07,5.549647029263221e-07,39.73865142098734
Frac. RD (space),0.0,0,clean_initial_slice,0.8621875,fractional_subunit,1.661614601723771,0.0041044759627199175,1.0,0.0,0.0,5.549647029263221e-07,5.549647029263221e-07,39.73865142098734
Frac. RD (space),0.0,0,target_only_noise,0.8621875,fractional_subunit,1.661614601723771,0.0041044759627199175,1.0,0.0,0.0,5.549647029263221e-07,5.549647029263221e-07,39.73865142098734
Frac. RD (space),0.0,0,library_only_noise,0.8621875,fractional_subunit,1.661614601723771,0.0041044759627199175,1.0,0.0,0.0,5.549647029263221e-07,5.549647029263221e-07,39.73865142098734
Frac. RD (space),0.0,0,clean,0.8646750000000001,fractional_subunit,1.6615230930452836,0.003964357396518315,1.0,0.0,0.0,5.559163271228799e-07,5.559163271228799e-07,39.940450921116444
Frac. RD (space),0.0,0,fully_noisy,0.8646750000000001,fractional_subunit,1.6615230930452836,0.003964357396518315,1.0,0.0,0.0,5.559163271228799e-07,5.559163271228799e-07,39.940450921116444
Frac. RD (space),0.0,0,clean_initial_slice,0.8646750000000001,fractional_subunit,1.6615230930452836,0.003964357396518315,1.0,0.0,0.0,5.559163271228799e-07,5.559163271228799e-07,39.940450921116444
Frac. RD (space),0.0,0,target_only_noise,0.8646750000000001,fractional_subunit,1.6615230930452836,0.003964357396518315,1.0,0.0,0.0,5.559163271228799e-07,5.559163271228799e-07,39.940450921116444
Frac. RD (space),0.0,0,library_only_noise,0.8646750000000001,fractional_subunit,1.6615230930452836,0.003964357396518315,1.0,0.0,0.0,5.559163271228799e-07,5.559163271228799e-07,39.940450921116444
Frac. RD (space),0.0,0,clean,0.8671625000000001,fractional_subunit,1.6614317635427593,0.0038268968953109428,1.0,0.0,0.0,5.568701651078185e-07,5.568701651078185e-07,40.14458883833418
Frac. RD (space),0.0,0,fully_noisy,0.8671625000000001,fractional_subunit,1.6614317635427593,0.0038268968953109428,1.0,0.0,0.0,5.568701651078185e-07,5.568701651078185e-07,40.14458883833418
Frac. RD (space),0.0,0,clean_initial_slice,0.8671625000000001,fractional_subunit,1.6614317635427593,0.0038268968953109428,1.0,0.0,0.0,5.568701651078185e-07,5.568701651078185e-07,40.14458883833418
Frac. RD (space),0.0,0,target_only_noise,0.8671625000000001,fractional_subunit,1.6614317635427593,0.0038268968953109428,1.0,0.0,0.0,5.568701651078185e-07,5.568701651078185e-07,40.14458883833418
Frac. RD (space),0.0,0,library_only_noise,0.8671625000000001,fractional_subunit,1.6614317635427593,0.0038268968953109428,1.0,0.0,0.0,5.568701651078185e-07,5.568701651078185e-07,40.14458883833418
Frac. RD (space),0.0,0,clean,0.86965,fractional_subunit,1.6613386872300477,0.0036915264889584897,1.0,0.0,0.0,5.578155158496823e-07,5.578155158496823e-07,40.35107500136456
Frac. RD (space),0.0,0,fully_noisy,0.86965,fractional_subunit,1.6613386872300477,0.0036915264889584897,1.0,0.0,0.0,5.578155158496823e-07,5.578155158496823e-07,40.35107500136456
Frac. RD (space),0.0,0,clean_initial_slice,0.86965,fractional_subunit,1.6613386872300477,0.0036915264889584897,1.0,0.0,0.0,5.578155158496823e-07,5.578155158496823e-07,40.35107500136456
Frac. RD (space),0.0,0,target_only_noise,0.86965,fractional_subunit,1.6613386872300477,0.0036915264889584897,1.0,0.0,0.0,5.578155158496823e-07,5.578155158496823e-07,40.35107500136456
Frac. RD (space),0.0,0,library_only_noise,0.86965,fractional_subunit,1.6613386872300477,0.0036915264889584897,1.0,0.0,0.0,5.578155158496823e-07,5.578155158496823e-07,40.35107500136456
Frac. RD (space),0.0,0,clean,0.8721375,fractional_subunit,1.6612436295114514,0.0035581947989249334,1.0,0.0,0.0,5.587510536208023e-07,5.587510536208023e-07,40.559919113788126
Frac. RD (space),0.0,0,fully_noisy,0.8721375,fractional_subunit,1.6612436295114514,0.0035581947989249334,1.0,0.0,0.0,5.587510536208023e-07,5.587510536208023e-07,40.559919113788126
Frac. RD (space),0.0,0,clean_initial_slice,0.8721375,fractional_subunit,1.6612436295114514,0.0035581947989249334,1.0,0.0,0.0,5.587510536208023e-07,5.587510536208023e-07,40.559919113788126
Frac. RD (space),0.0,0,target_only_noise,0.8721375,fractional_subunit,1.6612436295114514,0.0035581947989249334,1.0,0.0,0.0,5.587510536208023e-07,5.587510536208023e-07,40.559919113788126
Frac. RD (space),0.0,0,library_only_noise,0.8721375,fractional_subunit,1.6612436295114514,0.0035581947989249334,1.0,0.0,0.0,5.587510536208023e-07,5.587510536208023e-07,40.559919113788126
Frac. RD (space),0.0,0,clean,0.874625,fractional_subunit,1.6611487530738323,0.00342752582228265,1.0,0.0,0.0,5.596887909946544e-07,5.596887909946544e-07,40.771130755018326
Frac. RD (space),0.0,0,fully_noisy,0.874625,fractional_subunit,1.6611487530738323,0.00342752582228265,1.0,0.0,0.0,5.596887909946544e-07,5.596887909946544e-07,40.771130755018326
Frac. RD (space),0.0,0,clean_initial_slice,0.874625,fractional_subunit,1.6611487530738323,0.00342752582228265,1.0,0.0,0.0,5.596887909946544e-07,5.596887909946544e-07,40.771130755018326
Frac. RD (space),0.0,0,target_only_noise,0.874625,fractional_subunit,1.6611487530738323,0.00342752582228265,1.0,0.0,0.0,5.596887909946544e-07,5.596887909946544e-07,40.771130755018326
Frac. RD (space),0.0,0,library_only_noise,0.874625,fractional_subunit,1.6611487530738323,0.00342752582228265,1.0,0.0,0.0,5.596887909946544e-07,5.596887909946544e-07,40.771130755018326
Frac. RD (space),0.0,0,clean,0.8771125,fractional_subunit,1.6610523425391421,0.0032990527899434516,1.0,0.0,0.0,5.606191620251323e-07,5.606191620251323e-07,40.98471938132054
Frac. RD (space),0.0,0,fully_noisy,0.8771125,fractional_subunit,1.6610523425391421,0.0032990527899434516,1.0,0.0,0.0,5.606191620251323e-07,5.606191620251323e-07,40.98471938132054
Frac. RD (space),0.0,0,clean_initial_slice,0.8771125,fractional_subunit,1.6610523425391421,0.0032990527899434516,1.0,0.0,0.0,5.606191620251323e-07,5.606191620251323e-07,40.98471938132054
Frac. RD (space),0.0,0,target_only_noise,0.8771125,fractional_subunit,1.6610523425391421,0.0032990527899434516,1.0,0.0,0.0,5.606191620251323e-07,5.606191620251323e-07,40.98471938132054
Frac. RD (space),0.0,0,library_only_noise,0.8771125,fractional_subunit,1.6610523425391421,0.0032990527899434516,1.0,0.0,0.0,5.606191620251323e-07,5.606191620251323e-07,40.98471938132054
Frac. RD (space),0.0,0,clean,0.8796,fractional_subunit,1.6609536700819907,0.003172597774489849,1.0,0.0,0.0,5.61538085971918e-07,5.61538085971918e-07,41.20069432687077
Frac. RD (space),0.0,0,fully_noisy,0.8796,fractional_subunit,1.6609536700819907,0.003172597774489849,1.0,0.0,0.0,5.61538085971918e-07,5.61538085971918e-07,41.20069432687077
Frac. RD (space),0.0,0,clean_initial_slice,0.8796,fractional_subunit,1.6609536700819907,0.003172597774489849,1.0,0.0,0.0,5.61538085971918e-07,5.61538085971918e-07,41.20069432687077
Frac. RD (space),0.0,0,target_only_noise,0.8796,fractional_subunit,1.6609536700819907,0.003172597774489849,1.0,0.0,0.0,5.61538085971918e-07,5.61538085971918e-07,41.20069432687077
Frac. RD (space),0.0,0,library_only_noise,0.8796,fractional_subunit,1.6609536700819907,0.003172597774489849,1.0,0.0,0.0,5.61538085971918e-07,5.61538085971918e-07,41.20069432687077
Frac. RD (space),0.0,0,clean,0.8820875,fractional_subunit,1.6608551806604432,0.0030488104863192235,1.0,0.0,0.0,5.624591953357313e-07,5.624591953357313e-07,41.41906480485135
Frac. RD (space),0.0,0,fully_noisy,0.8820875,fractional_subunit,1.6608551806604432,0.0030488104863192235,1.0,0.0,0.0,5.624591953357313e-07,5.624591953357313e-07,41.41906480485135
Frac. RD (space),0.0,0,clean_initial_slice,0.8820875,fractional_subunit,1.6608551806604432,0.0030488104863192235,1.0,0.0,0.0,5.624591953357313e-07,5.624591953357313e-07,41.41906480485135
Frac. RD (space),0.0,0,target_only_noise,0.8820875,fractional_subunit,1.6608551806604432,0.0030488104863192235,1.0,0.0,0.0,5.624591953357313e-07,5.624591953357313e-07,41.41906480485135
Frac. RD (space),0.0,0,library_only_noise,0.8820875,fractional_subunit,1.6608551806604432,0.0030488104863192235,1.0,0.0,0.0,5.624591953357313e-07,5.624591953357313e-07,41.41906480485135
Frac. RD (space),0.0,0,clean,0.884575,fractional_subunit,1.660755377959802,0.00292731606395636,1.0,0.0,0.0,5.633741143433779e-07,5.633741143433779e-07,41.6398399085805
Frac. RD (space),0.0,0,fully_noisy,0.884575,fractional_subunit,1.660755377959802,0.00292731606395636,1.0,0.0,0.0,5.633741143433779e-07,5.633741143433779e-07,41.6398399085805
Frac. RD (space),0.0,0,clean_initial_slice,0.884575,fractional_subunit,1.660755377959802,0.00292731606395636,1.0,0.0,0.0,5.633741143433779e-07,5.633741143433779e-07,41.6398399085805
Frac. RD (space),0.0,0,target_only_noise,0.884575,fractional_subunit,1.660755377959802,0.00292731606395636,1.0,0.0,0.0,5.633741143433779e-07,5.633741143433779e-07,41.6398399085805
Frac. RD (space),0.0,0,library_only_noise,0.884575,fractional_subunit,1.660755377959802,0.00292731606395636,1.0,0.0,0.0,5.633741143433779e-07,5.633741143433779e-07,41.6398399085805
Frac. RD (space),0.0,0,clean,0.8870625,fractional_subunit,1.6606530237682995,0.0028078278011687153,1.0,0.0,0.0,5.642758915629645e-07,5.642758915629645e-07,41.863028612673
Frac. RD (space),0.0,0,fully_noisy,0.8870625,fractional_subunit,1.6606530237682995,0.0028078278011687153,1.0,0.0,0.0,5.642758915629645e-07,5.642758915629645e-07,41.863028612673
Frac. RD (space),0.0,0,clean_initial_slice,0.8870625,fractional_subunit,1.6606530237682995,0.0028078278011687153,1.0,0.0,0.0,5.642758915629645e-07,5.642758915629645e-07,41.863028612673
Frac. RD (space),0.0,0,target_only_noise,0.8870625,fractional_subunit,1.6606530237682995,0.0028078278011687153,1.0,0.0,0.0,5.642758915629645e-07,5.642758915629645e-07,41.863028612673
Frac. RD (space),0.0,0,library_only_noise,0.8870625,fractional_subunit,1.6606530237682995,0.0028078278011687153,1.0,0.0,0.0,5.642758915629645e-07,5.642758915629645e-07,41.863028612673
Frac. RD (space),0.0,0,clean,0.8895500000000001,fractional_subunit,1.6605508541578646,0.0026910126589989054,1.0,0.0,0.0,5.651798400396526e-07,5.651798400396526e-07,42.088639774229
Frac. RD (space),0.0,0,fully_noisy,0.8895500000000001,fractional_subunit,1.6605508541578646,0.0026910126589989054,1.0,0.0,0.0,5.651798400396526e-07,5.651798400396526e-07,42.088639774229
Frac. RD (space),0.0,0,clean_initial_slice,0.8895500000000001,fractional_subunit,1.6605508541578646,0.0026910126589989054,1.0,0.0,0.0,5.651798400396526e-07,5.651798400396526e-07,42.088639774229
Frac. RD (space),0.0,0,target_only_noise,0.8895500000000001,fractional_subunit,1.6605508541578646,0.0026910126589989054,1.0,0.0,0.0,5.651798400396526e-07,5.651798400396526e-07,42.088639774229
Frac. RD (space),0.0,0,library_only_noise,0.8895500000000001,fractional_subunit,1.6605508541578646,0.0026910126589989054,1.0,0.0,0.0,5.651798400396526e-07,5.651798400396526e-07,42.088639774229
Frac. RD (space),0.0,0,clean,0.8920375,fractional_subunit,1.660447600104358,0.002576578521588941,1.0,0.0,0.0,5.660788302430856e-07,5.660788302430856e-07,42.316682134048115
Frac. RD (space),0.0,0,fully_noisy,0.8920375,fractional_subunit,1.660447600104358,0.002576578521588941,1.0,0.0,0.0,5.660788302430856e-07,5.660788302430856e-07,42.316682134048115
Frac. RD (space),0.0,0,clean_initial_slice,0.8920375,fractional_subunit,1.660447600104358,0.002576578521588941,1.0,0.0,0.0,5.660788302430856e-07,5.660788302430856e-07,42.316682134048115
Frac. RD (space),0.0,0,target_only_noise,0.8920375,fractional_subunit,1.660447600104358,0.002576578521588941,1.0,0.0,0.0,5.660788302430856e-07,5.660788302430856e-07,42.316682134048115
Frac. RD (space),0.0,0,library_only_noise,0.8920375,fractional_subunit,1.660447600104358,0.002576578521588941,1.0,0.0,0.0,5.660788302430856e-07,5.660788302430856e-07,42.316682134048115
Frac. RD (space),0.0,0,clean,0.894525,fractional_subunit,1.6603414959658434,0.0024641473529500935,1.0,0.0,0.0,5.669629224347279e-07,5.669629224347279e-07,42.54716431786603
Frac. RD (space),0.0,0,fully_noisy,0.894525,fractional_subunit,1.6603414959658434,0.0024641473529500935,1.0,0.0,0.0,5.669629224347279e-07,5.669629224347279e-07,42.54716431786603
Frac. RD (space),0.0,0,clean_initial_slice,0.894525,fractional_subunit,1.6603414959658434,0.0024641473529500935,1.0,0.0,0.0,5.669629224347279e-07,5.669629224347279e-07,42.54716431786603
Frac. RD (space),0.0,0,target_only_noise,0.894525,fractional_subunit,1.6603414959658434,0.0024641473529500935,1.0,0.0,0.0,5.669629224347279e-07,5.669629224347279e-07,42.54716431786603
Frac. RD (space),0.0,0,library_only_noise,0.894525,fractional_subunit,1.6603414959658434,0.0024641473529500935,1.0,0.0,0.0,5.669629224347279e-07,5.669629224347279e-07,42.54716431786603
Frac. RD (space),0.0,0,clean,0.8970125,fractional_subunit,1.6602355776668773,0.0023543950920785818,1.0,0.0,0.0,5.678491717763498e-07,5.678491717763498e-07,42.780094837610754
Frac. RD (space),0.0,0,fully_noisy,0.8970125,fractional_subunit,1.6602355776668773,0.0023543950920785818,1.0,0.0,0.0,5.678491717763498e-07,5.678491717763498e-07,42.780094837610754
Frac. RD (space),0.0,0,clean_initial_slice,0.8970125,fractional_subunit,1.6602355776668773,0.0023543950920785818,1.0,0.0,0.0,5.678491717763498e-07,5.678491717763498e-07,42.780094837610754
Frac. RD (space),0.0,0,target_only_noise,0.8970125,fractional_subunit,1.6602355776668773,0.0023543950920785818,1.0,0.0,0.0,5.678491717763498e-07,5.678491717763498e-07,42.780094837610754
Frac. RD (space),0.0,0,library_only_noise,0.8970125,fractional_subunit,1.6602355776668773,0.0023543950920785818,1.0,0.0,0.0,5.678491717763498e-07,5.678491717763498e-07,42.780094837610754
Frac. RD (space),0.0,0,clean,0.8995,fractional_subunit,1.6601288119300135,0.002247103351497994,1.0,0.0,0.0,5.687317520264965e-07,5.687317520264965e-07,43.0154820926756
Frac. RD (space),0.0,0,fully_noisy,0.8995,fractional_subunit,1.6601288119300135,0.002247103351497994,1.0,0.0,0.0,5.687317520264965e-07,5.687317520264965e-07,43.0154820926756
Frac. RD (space),0.0,0,clean_initial_slice,0.8995,fractional_subunit,1.6601288119300135,0.002247103351497994,1.0,0.0,0.0,5.687317520264965e-07,5.687317520264965e-07,43.0154820926756
Frac. RD (space),0.0,0,target_only_noise,0.8995,fractional_subunit,1.6601288119300135,0.002247103351497994,1.0,0.0,0.0,5.687317520264965e-07,5.687317520264965e-07,43.0154820926756
Frac. RD (space),0.0,0,library_only_noise,0.8995,fractional_subunit,1.6601288119300135,0.002247103351497994,1.0,0.0,0.0,5.687317520264965e-07,5.687317520264965e-07,43.0154820926756
Frac. RD (space),0.0,0,clean,0.9019875,fractional_subunit,1.6600188883735802,0.002141819865209986,1.0,0.0,0.0,5.695976156047198e-07,5.695976156047198e-07,43.25333437120636
Frac. RD (space),0.0,0,fully_noisy,0.9019875,fractional_subunit,1.6600188883735802,0.002141819865209986,1.0,0.0,0.0,5.695976156047198e-07,5.695976156047198e-07,43.25333437120636
Frac. RD (space),0.0,0,clean_initial_slice,0.9019875,fractional_subunit,1.6600188883735802,0.002141819865209986,1.0,0.0,0.0,5.695976156047198e-07,5.695976156047198e-07,43.25333437120636
Frac. RD (space),0.0,0,target_only_noise,0.9019875,fractional_subunit,1.6600188883735802,0.002141819865209986,1.0,0.0,0.0,5.695976156047198e-07,5.695976156047198e-07,43.25333437120636
Frac. RD (space),0.0,0,library_only_noise,0.9019875,fractional_subunit,1.6600188883735802,0.002141819865209986,1.0,0.0,0.0,5.695976156047198e-07,5.695976156047198e-07,43.25333437120636
Frac. RD (space),0.0,0,clean,0.904475,fractional_subunit,1.6599091516208497,0.002039221482461413,1.0,0.0,0.0,5.70465622306857e-07,5.70465622306857e-07,43.493659851399684
Frac. RD (space),0.0,0,fully_noisy,0.904475,fractional_subunit,1.6599091516208497,0.002039221482461413,1.0,0.0,0.0,5.70465622306857e-07,5.70465622306857e-07,43.493659851399684
Frac. RD (space),0.0,0,clean_initial_slice,0.904475,fractional_subunit,1.6599091516208497,0.002039221482461413,1.0,0.0,0.0,5.70465622306857e-07,5.70465622306857e-07,43.493659851399684
Frac. RD (space),0.0,0,target_only_noise,0.904475,fractional_subunit,1.6599091516208497,0.002039221482461413,1.0,0.0,0.0,5.70465622306857e-07,5.70465622306857e-07,43.493659851399684
Frac. RD (space),0.0,0,library_only_noise,0.904475,fractional_subunit,1.6599091516208497,0.002039221482461413,1.0,0.0,0.0,5.70465622306857e-07,5.70465622306857e-07,43.493659851399684
Frac. RD (space),0.0,0,clean,0.9069625,fractional_subunit,1.6597988126254843,0.0019391546854872672,1.0,0.0,0.0,5.713313071953161e-07,5.713313071953161e-07,43.736466602810324
Frac. RD (space),0.0,0,fully_noisy,0.9069625,fractional_subunit,1.6597988126254843,0.0019391546854872672,1.0,0.0,0.0,5.713313071953161e-07,5.713313071953161e-07,43.736466602810324
Frac. RD (space),0.0,0,clean_initial_slice,0.9069625,fractional_subunit,1.6597988126254843,0.0019391546854872672,1.0,0.0,0.0,5.713313071953161e-07,5.713313071953161e-07,43.736466602810324
Frac. RD (space),0.0,0,target_only_noise,0.9069625,fractional_subunit,1.6597988126254843,0.0019391546854872672,1.0,0.0,0.0,5.713313071953161e-07,5.713313071953161e-07,43.736466602810324
Frac. RD (space),0.0,0,library_only_noise,0.9069625,fractional_subunit,1.6597988126254843,0.0019391546854872672,1.0,0.0,0.0,5.713313071953161e-07,5.713313071953161e-07,43.736466602810324
Frac. RD (space),0.0,0,clean,0.90945,fractional_subunit,1.659684998872951,0.0018411096993936813,1.0,0.0,0.0,5.721783934104539e-07,5.721783934104539e-07,43.98176258766415
Frac. RD (space),0.0,0,fully_noisy,0.90945,fractional_subunit,1.659684998872951,0.0018411096993936813,1.0,0.0,0.0,5.721783934104539e-07,5.721783934104539e-07,43.98176258766415
Frac. RD (space),0.0,0,clean_initial_slice,0.90945,fractional_subunit,1.659684998872951,0.0018411096993936813,1.0,0.0,0.0,5.721783934104539e-07,5.721783934104539e-07,43.98176258766415
Frac. RD (space),0.0,0,target_only_noise,0.90945,fractional_subunit,1.659684998872951,0.0018411096993936813,1.0,0.0,0.0,5.721783934104539e-07,5.721783934104539e-07,43.98176258766415
Frac. RD (space),0.0,0,library_only_noise,0.90945,fractional_subunit,1.659684998872951,0.0018411096993936813,1.0,0.0,0.0,5.721783934104539e-07,5.721783934104539e-07,43.98176258766415
Frac. RD (space),0.0,0,clean,0.9119375000000001,fractional_subunit,1.6595713725808927,0.0017457564364919587,1.0,0.0,0.0,5.730276088340136e-07,5.730276088340136e-07,44.229555662174796
Frac. RD (space),0.0,0,fully_noisy,0.9119375000000001,fractional_subunit,1.6595713725808927,0.0017457564364919587,1.0,0.0,0.0,5.730276088340136e-07,5.730276088340136e-07,44.229555662174796
Frac. RD (space),0.0,0,clean_initial_slice,0.9119375000000001,fractional_subunit,1.6595713725808927,0.0017457564364919587,1.0,0.0,0.0,5.730276088340136e-07,5.730276088340136e-07,44.229555662174796
Frac. RD (space),0.0,0,target_only_noise,0.9119375000000001,fractional_subunit,1.6595713725808927,0.0017457564364919587,1.0,0.0,0.0,5.730276088340136e-07,5.730276088340136e-07,44.229555662174796
Frac. RD (space),0.0,0,library_only_noise,0.9119375000000001,fractional_subunit,1.6595713725808927,0.0017457564364919587,1.0,0.0,0.0,5.730276088340136e-07,5.730276088340136e-07,44.229555662174796
Frac. RD (space),0.0,0,clean,0.914425,fractional_subunit,1.6594573975338975,0.001652997562932288,1.0,0.0,0.0,5.738759088077419e-07,5.738759088077419e-07,44.47985357786099
Frac. RD (space),0.0,0,fully_noisy,0.914425,fractional_subunit,1.6594573975338975,0.001652997562932288,1.0,0.0,0.0,5.738759088077419e-07,5.738759088077419e-07,44.47985357786099
Frac. RD (space),0.0,0,clean_initial_slice,0.914425,fractional_subunit,1.6594573975338975,0.001652997562932288,1.0,0.0,0.0,5.738759088077419e-07,5.738759088077419e-07,44.47985357786099
Frac. RD (space),0.0,0,target_only_noise,0.914425,fractional_subunit,1.6594573975338975,0.001652997562932288,1.0,0.0,0.0,5.738759088077419e-07,5.738759088077419e-07,44.47985357786099
Frac. RD (space),0.0,0,library_only_noise,0.914425,fractional_subunit,1.6594573975338975,0.001652997562932288,1.0,0.0,0.0,5.738759088077419e-07,5.738759088077419e-07,44.47985357786099
Frac. RD (space),0.0,0,clean,0.9169125,fractional_subunit,1.659339621508851,0.0015622821070391383,1.0,0.0,0.0,5.747036638738852e-07,5.747036638738852e-07,44.73266398286234
Frac. RD (space),0.0,0,fully_noisy,0.9169125,fractional_subunit,1.659339621508851,0.0015622821070391383,1.0,0.0,0.0,5.747036638738852e-07,5.747036638738852e-07,44.73266398286234
Frac. RD (space),0.0,0,clean_initial_slice,0.9169125,fractional_subunit,1.659339621508851,0.0015622821070391383,1.0,0.0,0.0,5.747036638738852e-07,5.747036638738852e-07,44.73266398286234
Frac. RD (space),0.0,0,target_only_noise,0.9169125,fractional_subunit,1.659339621508851,0.0015622821070391383,1.0,0.0,0.0,5.747036638738852e-07,5.747036638738852e-07,44.73266398286234
Frac. RD (space),0.0,0,library_only_noise,0.9169125,fractional_subunit,1.659339621508851,0.0015622821070391383,1.0,0.0,0.0,5.747036638738852e-07,5.747036638738852e-07,44.73266398286234
Frac. RD (space),0.0,0,clean,0.9194,fractional_subunit,1.6592220332656409,0.0014742654335930055,1.0,0.0,0.0,5.755335343743494e-07,5.755335343743494e-07,44.98799442325104
Frac. RD (space),0.0,0,fully_noisy,0.9194,fractional_subunit,1.6592220332656409,0.0014742654335930055,1.0,0.0,0.0,5.755335343743494e-07,5.755335343743494e-07,44.98799442325104
Frac. RD (space),0.0,0,clean_initial_slice,0.9194,fractional_subunit,1.6592220332656409,0.0014742654335930055,1.0,0.0,0.0,5.755335343743494e-07,5.755335343743494e-07,44.98799442325104
Frac. RD (space),0.0,0,target_only_noise,0.9194,fractional_subunit,1.6592220332656409,0.0014742654335930055,1.0,0.0,0.0,5.755335343743494e-07,5.755335343743494e-07,44.98799442325104
Frac. RD (space),0.0,0,library_only_noise,0.9194,fractional_subunit,1.6592220332656409,0.0014742654335930055,1.0,0.0,0.0,5.755335343743494e-07,5.755335343743494e-07,44.98799442325104
Frac. RD (space),0.0,0,clean,0.9218875,fractional_subunit,1.6591043580590559,0.0013888978945617182,1.0,0.0,0.0,5.763639558567586e-07,5.763639558567586e-07,45.24585234433703
Frac. RD (space),0.0,0,fully_noisy,0.9218875,fractional_subunit,1.6591043580590559,0.0013888978945617182,1.0,0.0,0.0,5.763639558567586e-07,5.763639558567586e-07,45.24585234433703
Frac. RD (space),0.0,0,clean_initial_slice,0.9218875,fractional_subunit,1.6591043580590559,0.0013888978945617182,1.0,0.0,0.0,5.763639558567586e-07,5.763639558567586e-07,45.24585234433703
Frac. RD (space),0.0,0,target_only_noise,0.9218875,fractional_subunit,1.6591043580590559,0.0013888978945617182,1.0,0.0,0.0,5.763639558567586e-07,5.763639558567586e-07,45.24585234433703
Frac. RD (space),0.0,0,library_only_noise,0.9218875,fractional_subunit,1.6591043580590559,0.0013888978945617182,1.0,0.0,0.0,5.763639558567586e-07,5.763639558567586e-07,45.24585234433703
Frac. RD (space),0.0,0,clean,0.924375,fractional_subunit,1.6589825463662837,0.0013056031931544673,1.0,0.0,0.0,5.771718210876021e-07,5.771718210876021e-07,45.50624509196441
Frac. RD (space),0.0,0,fully_noisy,0.924375,fractional_subunit,1.6589825463662837,0.0013056031931544673,1.0,0.0,0.0,5.771718210876021e-07,5.771718210876021e-07,45.50624509196441
Frac. RD (space),0.0,0,clean_initial_slice,0.924375,fractional_subunit,1.6589825463662837,0.0013056031931544673,1.0,0.0,0.0,5.771718210876021e-07,5.771718210876021e-07,45.50624509196441
Frac. RD (space),0.0,0,target_only_noise,0.924375,fractional_subunit,1.6589825463662837,0.0013056031931544673,1.0,0.0,0.0,5.771718210876021e-07,5.771718210876021e-07,45.50624509196441
Frac. RD (space),0.0,0,library_only_noise,0.924375,fractional_subunit,1.6589825463662837,0.0013056031931544673,1.0,0.0,0.0,5.771718210876021e-07,5.771718210876021e-07,45.50624509196441
Frac. RD (space),0.0,0,clean,0.9268625,fractional_subunit,1.6588609223834427,0.0012250147892537717,1.0,0.0,0.0,5.77981788152217e-07,5.77981788152217e-07,45.769179913796684
Frac. RD (space),0.0,0,fully_noisy,0.9268625,fractional_subunit,1.6588609223834427,0.0012250147892537717,1.0,0.0,0.0,5.77981788152217e-07,5.77981788152217e-07,45.769179913796684
Frac. RD (space),0.0,0,clean_initial_slice,0.9268625,fractional_subunit,1.6588609223834427,0.0012250147892537717,1.0,0.0,0.0,5.77981788152217e-07,5.77981788152217e-07,45.769179913796684
Frac. RD (space),0.0,0,target_only_noise,0.9268625,fractional_subunit,1.6588609223834427,0.0012250147892537717,1.0,0.0,0.0,5.77981788152217e-07,5.77981788152217e-07,45.769179913796684
Frac. RD (space),0.0,0,library_only_noise,0.9268625,fractional_subunit,1.6588609223834427,0.0012250147892537717,1.0,0.0,0.0,5.77981788152217e-07,5.77981788152217e-07,45.769179913796684
Frac. RD (space),0.0,0,clean,0.92935,fractional_subunit,1.658739481613244,0.001147122425606311,1.0,0.0,0.0,5.787938336710335e-07,5.787938336710335e-07,46.034663960588674
Frac. RD (space),0.0,0,fully_noisy,0.92935,fractional_subunit,1.658739481613244,0.001147122425606311,1.0,0.0,0.0,5.787938336710335e-07,5.787938336710335e-07,46.034663960588674
Frac. RD (space),0.0,0,clean_initial_slice,0.92935,fractional_subunit,1.658739481613244,0.001147122425606311,1.0,0.0,0.0,5.787938336710335e-07,5.787938336710335e-07,46.034663960588674
Frac. RD (space),0.0,0,target_only_noise,0.92935,fractional_subunit,1.658739481613244,0.001147122425606311,1.0,0.0,0.0,5.787938336710335e-07,5.787938336710335e-07,46.034663960588674
Frac. RD (space),0.0,0,library_only_noise,0.92935,fractional_subunit,1.658739481613244,0.001147122425606311,1.0,0.0,0.0,5.787938336710335e-07,5.787938336710335e-07,46.034663960588674
Frac. RD (space),0.0,0,clean,0.9318375,fractional_subunit,1.6586135594473297,0.0010713398789618284,1.0,0.0,0.0,5.795812456236548e-07,5.795812456236548e-07,46.30270428744307
Frac. RD (space),0.0,0,fully_noisy,0.9318375,fractional_subunit,1.6586135594473297,0.0010713398789618284,1.0,0.0,0.0,5.795812456236548e-07,5.795812456236548e-07,46.30270428744307
Frac. RD (space),0.0,0,clean_initial_slice,0.9318375,fractional_subunit,1.6586135594473297,0.0010713398789618284,1.0,0.0,0.0,5.795812456236548e-07,5.795812456236548e-07,46.30270428744307
Frac. RD (space),0.0,0,target_only_noise,0.9318375,fractional_subunit,1.6586135594473297,0.0010713398789618284,1.0,0.0,0.0,5.795812456236548e-07,5.795812456236548e-07,46.30270428744307
Frac. RD (space),0.0,0,library_only_noise,0.9318375,fractional_subunit,1.6586135594473297,0.0010713398789618284,1.0,0.0,0.0,5.795812456236548e-07,5.795812456236548e-07,46.30270428744307
Frac. RD (space),0.0,0,clean,0.9343250000000001,fractional_subunit,1.6584878246081112,0.0009982716173844175,1.0,0.0,0.0,5.803707460165893e-07,5.803707460165893e-07,46.573307855049336
Frac. RD (space),0.0,0,fully_noisy,0.9343250000000001,fractional_subunit,1.6584878246081112,0.0009982716173844175,1.0,0.0,0.0,5.803707460165893e-07,5.803707460165893e-07,46.573307855049336
Frac. RD (space),0.0,0,clean_initial_slice,0.9343250000000001,fractional_subunit,1.6584878246081112,0.0009982716173844175,1.0,0.0,0.0,5.803707460165893e-07,5.803707460165893e-07,46.573307855049336
Frac. RD (space),0.0,0,target_only_noise,0.9343250000000001,fractional_subunit,1.6584878246081112,0.0009982716173844175,1.0,0.0,0.0,5.803707460165893e-07,5.803707460165893e-07,46.573307855049336
Frac. RD (space),0.0,0,library_only_noise,0.9343250000000001,fractional_subunit,1.6584878246081112,0.0009982716173844175,1.0,0.0,0.0,5.803707460165893e-07,5.803707460165893e-07,46.573307855049336
Frac. RD (space),0.0,0,clean,0.9368125,fractional_subunit,1.6583622766662423,0.0009279081298691509,1.0,0.0,0.0,5.811623348498374e-07,5.811623348498374e-07,46.84648153090287
Frac. RD (space),0.0,0,fully_noisy,0.9368125,fractional_subunit,1.6583622766662423,0.0009279081298691509,1.0,0.0,0.0,5.811623348498374e-07,5.811623348498374e-07,46.84648153090287
Frac. RD (space),0.0,0,clean_initial_slice,0.9368125,fractional_subunit,1.6583622766662423,0.0009279081298691509,1.0,0.0,0.0,5.811623348498374e-07,5.811623348498374e-07,46.84648153090287
Frac. RD (space),0.0,0,target_only_noise,0.9368125,fractional_subunit,1.6583622766662423,0.0009279081298691509,1.0,0.0,0.0,5.811623348498374e-07,5.811623348498374e-07,46.84648153090287
Frac. RD (space),0.0,0,library_only_noise,0.9368125,fractional_subunit,1.6583622766662423,0.0009279081298691509,1.0,0.0,0.0,5.811623348498374e-07,5.811623348498374e-07,46.84648153090287
Frac. RD (space),0.0,0,clean,0.9393,fractional_subunit,1.6582324426833848,0.0008597598640239889,1.0,0.0,0.0,5.819303049654542e-07,5.819303049654542e-07,47.122232090502926
Frac. RD (space),0.0,0,fully_noisy,0.9393,fractional_subunit,1.6582324426833848,0.0008597598640239889,1.0,0.0,0.0,5.819303049654542e-07,5.819303049654542e-07,47.122232090502926
Frac. RD (space),0.0,0,clean_initial_slice,0.9393,fractional_subunit,1.6582324426833848,0.0008597598640239889,1.0,0.0,0.0,5.819303049654542e-07,5.819303049654542e-07,47.122232090502926
Frac. RD (space),0.0,0,target_only_noise,0.9393,fractional_subunit,1.6582324426833848,0.0008597598640239889,1.0,0.0,0.0,5.819303049654542e-07,5.819303049654542e-07,47.122232090502926
Frac. RD (space),0.0,0,library_only_noise,0.9393,fractional_subunit,1.6582324426833848,0.0008597598640239889,1.0,0.0,0.0,5.819303049654542e-07,5.819303049654542e-07,47.122232090502926
Frac. RD (space),0.0,0,clean,0.9417875,fractional_subunit,1.658102520468371,0.0007943037920538663,1.0,0.0,0.0,5.826987708812953e-07,5.826987708812953e-07,47.40056621852658
Frac. RD (space),0.0,0,fully_noisy,0.9417875,fractional_subunit,1.658102520468371,0.0007943037920538663,1.0,0.0,0.0,5.826987708812953e-07,5.826987708812953e-07,47.40056621852658
Frac. RD (space),0.0,0,clean_initial_slice,0.9417875,fractional_subunit,1.658102520468371,0.0007943037920538663,1.0,0.0,0.0,5.826987708812953e-07,5.826987708812953e-07,47.40056621852658
Frac. RD (space),0.0,0,target_only_noise,0.9417875,fractional_subunit,1.658102520468371,0.0007943037920538663,1.0,0.0,0.0,5.826987708812953e-07,5.826987708812953e-07,47.40056621852658
Frac. RD (space),0.0,0,library_only_noise,0.9417875,fractional_subunit,1.658102520468371,0.0007943037920538663,1.0,0.0,0.0,5.826987708812953e-07,5.826987708812953e-07,47.40056621852658
Frac. RD (space),0.0,0,clean,0.944275,fractional_subunit,1.6579727843304677,0.0007315612019288527,1.0,0.0,0.0,5.83469312086043e-07,5.83469312086043e-07,47.68149050997785
Frac. RD (space),0.0,0,fully_noisy,0.944275,fractional_subunit,1.6579727843304677,0.0007315612019288527,1.0,0.0,0.0,5.83469312086043e-07,5.83469312086043e-07,47.68149050997785
Frac. RD (space),0.0,0,clean_initial_slice,0.944275,fractional_subunit,1.6579727843304677,0.0007315612019288527,1.0,0.0,0.0,5.83469312086043e-07,5.83469312086043e-07,47.68149050997785
Frac. RD (space),0.0,0,target_only_noise,0.944275,fractional_subunit,1.6579727843304677,0.0007315612019288527,1.0,0.0,0.0,5.83469312086043e-07,5.83469312086043e-07,47.68149050997785
Frac. RD (space),0.0,0,library_only_noise,0.944275,fractional_subunit,1.6579727843304677,0.0007315612019288527,1.0,0.0,0.0,5.83469312086043e-07,5.83469312086043e-07,47.68149050997785
Frac. RD (space),0.0,0,clean,0.9467625,fractional_subunit,1.6578389739582386,0.0006711315877700289,1.0,0.0,0.0,5.842173539636207e-07,5.842173539636207e-07,47.96501147130932
Frac. RD (space),0.0,0,fully_noisy,0.9467625,fractional_subunit,1.6578389739582386,0.0006711315877700289,1.0,0.0,0.0,5.842173539636207e-07,5.842173539636207e-07,47.96501147130932
Frac. RD (space),0.0,0,clean_initial_slice,0.9467625,fractional_subunit,1.6578389739582386,0.0006711315877700289,1.0,0.0,0.0,5.842173539636207e-07,5.842173539636207e-07,47.96501147130932
Frac. RD (space),0.0,0,target_only_noise,0.9467625,fractional_subunit,1.6578389739582386,0.0006711315877700289,1.0,0.0,0.0,5.842173539636207e-07,5.842173539636207e-07,47.96501147130932
Frac. RD (space),0.0,0,library_only_noise,0.9467625,fractional_subunit,1.6578389739582386,0.0006711315877700289,1.0,0.0,0.0,5.842173539636207e-07,5.842173539636207e-07,47.96501147130932
Frac. RD (space),0.0,0,clean,0.94925,fractional_subunit,1.6577047862250793,0.0006133799086238384,1.0,0.0,0.0,5.849642131894187e-07,5.849642131894187e-07,48.25113552151506
Frac. RD (space),0.0,0,fully_noisy,0.94925,fractional_subunit,1.6577047862250793,0.0006133799086238384,1.0,0.0,0.0,5.849642131894187e-07,5.849642131894187e-07,48.25113552151506
Frac. RD (space),0.0,0,clean_initial_slice,0.94925,fractional_subunit,1.6577047862250793,0.0006133799086238384,1.0,0.0,0.0,5.849642131894187e-07,5.849642131894187e-07,48.25113552151506
Frac. RD (space),0.0,0,target_only_noise,0.94925,fractional_subunit,1.6577047862250793,0.0006133799086238384,1.0,0.0,0.0,5.849642131894187e-07,5.849642131894187e-07,48.25113552151506
Frac. RD (space),0.0,0,library_only_noise,0.94925,fractional_subunit,1.6577047862250793,0.0006133799086238384,1.0,0.0,0.0,5.849642131894187e-07,5.849642131894187e-07,48.25113552151506
Frac. RD (space),0.0,0,clean,0.9517375,fractional_subunit,1.657570783570196,0.0005583509319379802,1.0,0.0,0.0,5.857131348311914e-07,5.857131348311914e-07,48.539868993193146
Frac. RD (space),0.0,0,fully_noisy,0.9517375,fractional_subunit,1.657570783570196,0.0005583509319379802,1.0,0.0,0.0,5.857131348311914e-07,5.857131348311914e-07,48.539868993193146
Frac. RD (space),0.0,0,clean_initial_slice,0.9517375,fractional_subunit,1.657570783570196,0.0005583509319379802,1.0,0.0,0.0,5.857131348311914e-07,5.857131348311914e-07,48.539868993193146
Frac. RD (space),0.0,0,target_only_noise,0.9517375,fractional_subunit,1.657570783570196,0.0005583509319379802,1.0,0.0,0.0,5.857131348311914e-07,5.857131348311914e-07,48.539868993193146
Frac. RD (space),0.0,0,library_only_noise,0.9517375,fractional_subunit,1.657570783570196,0.0005583509319379802,1.0,0.0,0.0,5.857131348311914e-07,5.857131348311914e-07,48.539868993193146
Frac. RD (space),0.0,0,clean,0.954225,fractional_subunit,1.6574314128611194,0.0005057241905152895,1.0,0.0,0.0,5.864407353164527e-07,5.864407353164527e-07,48.83121813357605
Frac. RD (space),0.0,0,fully_noisy,0.954225,fractional_subunit,1.6574314128611194,0.0005057241905152895,1.0,0.0,0.0,5.864407353164527e-07,5.864407353164527e-07,48.83121813357605
Frac. RD (space),0.0,0,clean_initial_slice,0.954225,fractional_subunit,1.6574314128611194,0.0005057241905152895,1.0,0.0,0.0,5.864407353164527e-07,5.864407353164527e-07,48.83121813357605
Frac. RD (space),0.0,0,target_only_noise,0.954225,fractional_subunit,1.6574314128611194,0.0005057241905152895,1.0,0.0,0.0,5.864407353164527e-07,5.864407353164527e-07,48.83121813357605
Frac. RD (space),0.0,0,library_only_noise,0.954225,fractional_subunit,1.6574314128611194,0.0005057241905152895,1.0,0.0,0.0,5.864407353164527e-07,5.864407353164527e-07,48.83121813357605
Frac. RD (space),0.0,0,clean,0.9567125,fractional_subunit,1.6572929048648513,0.0004557692443765286,1.0,0.0,0.0,5.871654114026109e-07,5.871654114026109e-07,49.125189105527376
Frac. RD (space),0.0,0,fully_noisy,0.9567125,fractional_subunit,1.6572929048648513,0.0004557692443765286,1.0,0.0,0.0,5.871654114026109e-07,5.871654114026109e-07,49.125189105527376
Frac. RD (space),0.0,0,clean_initial_slice,0.9567125,fractional_subunit,1.6572929048648513,0.0004557692443765286,1.0,0.0,0.0,5.871654114026109e-07,5.871654114026109e-07,49.125189105527376
Frac. RD (space),0.0,0,target_only_noise,0.9567125,fractional_subunit,1.6572929048648513,0.0004557692443765286,1.0,0.0,0.0,5.871654114026109e-07,5.871654114026109e-07,49.125189105527376
Frac. RD (space),0.0,0,library_only_noise,0.9567125,fractional_subunit,1.6572929048648513,0.0004557692443765286,1.0,0.0,0.0,5.871654114026109e-07,5.871654114026109e-07,49.125189105527376
Frac. RD (space),0.0,0,clean,0.9592,fractional_subunit,1.657154571325468,0.00040854675263603984,1.0,0.0,0.0,5.878921373482132e-07,5.878921373482132e-07,49.421787988503525
Frac. RD (space),0.0,0,fully_noisy,0.9592,fractional_subunit,1.657154571325468,0.00040854675263603984,1.0,0.0,0.0,5.878921373482132e-07,5.878921373482132e-07,49.421787988503525
Frac. RD (space),0.0,0,clean_initial_slice,0.9592,fractional_subunit,1.657154571325468,0.00040854675263603984,1.0,0.0,0.0,5.878921373482132e-07,5.878921373482132e-07,49.421787988503525
Frac. RD (space),0.0,0,target_only_noise,0.9592,fractional_subunit,1.657154571325468,0.00040854675263603984,1.0,0.0,0.0,5.878921373482132e-07,5.878921373482132e-07,49.421787988503525
Frac. RD (space),0.0,0,library_only_noise,0.9592,fractional_subunit,1.657154571325468,0.00040854675263603984,1.0,0.0,0.0,5.878921373482132e-07,5.878921373482132e-07,49.421787988503525
Frac. RD (space),0.0,0,clean,0.9616875,fractional_subunit,1.657012611780638,0.0003638074735072566,1.0,0.0,0.0,5.885987800757119e-07,5.885987800757119e-07,49.72102077947897
Frac. RD (space),0.0,0,fully_noisy,0.9616875,fractional_subunit,1.657012611780638,0.0003638074735072566,1.0,0.0,0.0,5.885987800757119e-07,5.885987800757119e-07,49.72102077947897
Frac. RD (space),0.0,0,clean_initial_slice,0.9616875,fractional_subunit,1.657012611780638,0.0003638074735072566,1.0,0.0,0.0,5.885987800757119e-07,5.885987800757119e-07,49.72102077947897
Frac. RD (space),0.0,0,target_only_noise,0.9616875,fractional_subunit,1.657012611780638,0.0003638074735072566,1.0,0.0,0.0,5.885987800757119e-07,5.885987800757119e-07,49.72102077947897
Frac. RD (space),0.0,0,library_only_noise,0.9616875,fractional_subunit,1.657012611780638,0.0003638074735072566,1.0,0.0,0.0,5.885987800757119e-07,5.885987800757119e-07,49.72102077947897
Frac. RD (space),0.0,0,clean,0.964175,fractional_subunit,1.656869669009655,0.0003217417181788437,1.0,0.0,0.0,5.893006925158506e-07,5.893006925158506e-07,50.022893393833854
Frac. RD (space),0.0,0,fully_noisy,0.964175,fractional_subunit,1.656869669009655,0.0003217417181788437,1.0,0.0,0.0,5.893006925158506e-07,5.893006925158506e-07,50.022893393833854
Frac. RD (space),0.0,0,clean_initial_slice,0.964175,fractional_subunit,1.656869669009655,0.0003217417181788437,1.0,0.0,0.0,5.893006925158506e-07,5.893006925158506e-07,50.022893393833854
Frac. RD (space),0.0,0,target_only_noise,0.964175,fractional_subunit,1.656869669009655,0.0003217417181788437,1.0,0.0,0.0,5.893006925158506e-07,5.893006925158506e-07,50.022893393833854
Frac. RD (space),0.0,0,library_only_noise,0.964175,fractional_subunit,1.656869669009655,0.0003217417181788437,1.0,0.0,0.0,5.893006925158506e-07,5.893006925158506e-07,50.022893393833854
Frac. RD (space),0.0,0,clean,0.9666625,fractional_subunit,1.656726907276904,0.00028241871956911923,1.0,0.0,0.0,5.900046426147776e-07,5.900046426147776e-07,50.32741166620216
Frac. RD (space),0.0,0,fully_noisy,0.9666625,fractional_subunit,1.656726907276904,0.00028241871956911923,1.0,0.0,0.0,5.900046426147776e-07,5.900046426147776e-07,50.32741166620216
Frac. RD (space),0.0,0,clean_initial_slice,0.9666625,fractional_subunit,1.656726907276904,0.00028241871956911923,1.0,0.0,0.0,5.900046426147776e-07,5.900046426147776e-07,50.32741166620216
Frac. RD (space),0.0,0,target_only_noise,0.9666625,fractional_subunit,1.656726907276904,0.00028241871956911923,1.0,0.0,0.0,5.900046426147776e-07,5.900046426147776e-07,50.32741166620216
Frac. RD (space),0.0,0,library_only_noise,0.9666625,fractional_subunit,1.656726907276904,0.00028241871956911923,1.0,0.0,0.0,5.900046426147776e-07,5.900046426147776e-07,50.32741166620216
Frac. RD (space),0.0,0,clean,0.96915,fractional_subunit,1.6565807561904797,0.0002456518592497402,1.0,0.0,0.0,5.906898081783916e-07,5.906898081783916e-07,50.63458135127975
Frac. RD (space),0.0,0,fully_noisy,0.96915,fractional_subunit,1.6565807561904797,0.0002456518592497402,1.0,0.0,0.0,5.906898081783916e-07,5.906898081783916e-07,50.63458135127975
Frac. RD (space),0.0,0,clean_initial_slice,0.96915,fractional_subunit,1.6565807561904797,0.0002456518592497402,1.0,0.0,0.0,5.906898081783916e-07,5.906898081783916e-07,50.63458135127975
Frac. RD (space),0.0,0,target_only_noise,0.96915,fractional_subunit,1.6565807561904797,0.0002456518592497402,1.0,0.0,0.0,5.906898081783916e-07,5.906898081783916e-07,50.63458135127975
Frac. RD (space),0.0,0,library_only_noise,0.96915,fractional_subunit,1.6565807561904797,0.0002456518592497402,1.0,0.0,0.0,5.906898081783916e-07,5.906898081783916e-07,50.63458135127975
Frac. RD (space),0.0,0,clean,0.9716374999999999,fractional_subunit,1.6564333047624822,0.00021156785039697063,1.0,0.0,0.0,5.913683725987094e-07,5.913683725987094e-07,50.94440812459113
Frac. RD (space),0.0,0,fully_noisy,0.9716374999999999,fractional_subunit,1.6564333047624822,0.00021156785039697063,1.0,0.0,0.0,5.913683725987094e-07,5.913683725987094e-07,50.94440812459113
Frac. RD (space),0.0,0,clean_initial_slice,0.9716374999999999,fractional_subunit,1.6564333047624822,0.00021156785039697063,1.0,0.0,0.0,5.913683725987094e-07,5.913683725987094e-07,50.94440812459113
Frac. RD (space),0.0,0,target_only_noise,0.9716374999999999,fractional_subunit,1.6564333047624822,0.00021156785039697063,1.0,0.0,0.0,5.913683725987094e-07,5.913683725987094e-07,50.94440812459113
Frac. RD (space),0.0,0,library_only_noise,0.9716374999999999,fractional_subunit,1.6564333047624822,0.00021156785039697063,1.0,0.0,0.0,5.913683725987094e-07,5.913683725987094e-07,50.94440812459113
Frac. RD (space),0.0,0,clean,0.974125,fractional_subunit,1.656286031956644,0.00018023747062278182,1.0,0.0,0.0,5.920489628741003e-07,5.920489628741003e-07,51.256897583213366
Frac. RD (space),0.0,0,fully_noisy,0.974125,fractional_subunit,1.656286031956644,0.00018023747062278182,1.0,0.0,0.0,5.920489628741003e-07,5.920489628741003e-07,51.256897583213366
Frac. RD (space),0.0,0,clean_initial_slice,0.974125,fractional_subunit,1.656286031956644,0.00018023747062278182,1.0,0.0,0.0,5.920489628741003e-07,5.920489628741003e-07,51.256897583213366
Frac. RD (space),0.0,0,target_only_noise,0.974125,fractional_subunit,1.656286031956644,0.00018023747062278182,1.0,0.0,0.0,5.920489628741003e-07,5.920489628741003e-07,51.256897583213366
Frac. RD (space),0.0,0,library_only_noise,0.974125,fractional_subunit,1.656286031956644,0.00018023747062278182,1.0,0.0,0.0,5.920489628741003e-07,5.920489628741003e-07,51.256897583213366
Frac. RD (space),0.0,0,clean,0.9766125,fractional_subunit,1.6561356146095432,0.00015152835045787973,1.0,0.0,0.0,5.927121290055773e-07,5.927121290055773e-07,51.57205524645633
Frac. RD (space),0.0,0,fully_noisy,0.9766125,fractional_subunit,1.6561356146095432,0.00015152835045787973,1.0,0.0,0.0,5.927121290055773e-07,5.927121290055773e-07,51.57205524645633
Frac. RD (space),0.0,0,clean_initial_slice,0.9766125,fractional_subunit,1.6561356146095432,0.00015152835045787973,1.0,0.0,0.0,5.927121290055773e-07,5.927121290055773e-07,51.57205524645633
Frac. RD (space),0.0,0,target_only_noise,0.9766125,fractional_subunit,1.6561356146095432,0.00015152835045787973,1.0,0.0,0.0,5.927121290055773e-07,5.927121290055773e-07,51.57205524645633
Frac. RD (space),0.0,0,library_only_noise,0.9766125,fractional_subunit,1.6561356146095432,0.00015152835045787973,1.0,0.0,0.0,5.927121290055773e-07,5.927121290055773e-07,51.57205524645633
Frac. RD (space),0.0,0,clean,0.9791,fractional_subunit,1.6559835704553938,0.00012551872147372552,1.0,0.0,0.0,5.933667573637387e-07,5.933667573637387e-07,51.8898865564988
Frac. RD (space),0.0,0,fully_noisy,0.9791,fractional_subunit,1.6559835704553938,0.00012551872147372552,1.0,0.0,0.0,5.933667573637387e-07,5.933667573637387e-07,51.8898865564988
Frac. RD (space),0.0,0,clean_initial_slice,0.9791,fractional_subunit,1.6559835704553938,0.00012551872147372552,1.0,0.0,0.0,5.933667573637387e-07,5.933667573637387e-07,51.8898865564988
Frac. RD (space),0.0,0,target_only_noise,0.9791,fractional_subunit,1.6559835704553938,0.00012551872147372552,1.0,0.0,0.0,5.933667573637387e-07,5.933667573637387e-07,51.8898865564988
Frac. RD (space),0.0,0,library_only_noise,0.9791,fractional_subunit,1.6559835704553938,0.00012551872147372552,1.0,0.0,0.0,5.933667573637387e-07,5.933667573637387e-07,51.8898865564988
Frac. RD (space),0.0,0,clean,0.9815875000000001,fractional_subunit,1.6558317019436013,0.00010227418423277151,1.0,0.0,0.0,5.940234002128986e-07,5.940234002128986e-07,52.210396878978315
Frac. RD (space),0.0,0,fully_noisy,0.9815875000000001,fractional_subunit,1.6558317019436013,0.00010227418423277151,1.0,0.0,0.0,5.940234002128986e-07,5.940234002128986e-07,52.210396878978315
Frac. RD (space),0.0,0,clean_initial_slice,0.9815875000000001,fractional_subunit,1.6558317019436013,0.00010227418423277151,1.0,0.0,0.0,5.940234002128986e-07,5.940234002128986e-07,52.210396878978315
Frac. RD (space),0.0,0,target_only_noise,0.9815875000000001,fractional_subunit,1.6558317019436013,0.00010227418423277151,1.0,0.0,0.0,5.940234002128986e-07,5.940234002128986e-07,52.210396878978315
Frac. RD (space),0.0,0,library_only_noise,0.9815875000000001,fractional_subunit,1.6558317019436013,0.00010227418423277151,1.0,0.0,0.0,5.940234002128986e-07,5.940234002128986e-07,52.210396878978315
Frac. RD (space),0.0,0,clean,0.984075,fractional_subunit,1.6556769420950483,8.170848893384523e-05,1.0,0.0,0.0,5.946640419686821e-07,5.946640419686821e-07,52.53359150353509
Frac. RD (space),0.0,0,fully_noisy,0.984075,fractional_subunit,1.6556769420950483,8.170848893384523e-05,1.0,0.0,0.0,5.946640419686821e-07,5.946640419686821e-07,52.53359150353509
Frac. RD (space),0.0,0,clean_initial_slice,0.984075,fractional_subunit,1.6556769420950483,8.170848893384523e-05,1.0,0.0,0.0,5.946640419686821e-07,5.946640419686821e-07,52.53359150353509
Frac. RD (space),0.0,0,target_only_noise,0.984075,fractional_subunit,1.6556769420950483,8.170848893384523e-05,1.0,0.0,0.0,5.946640419686821e-07,5.946640419686821e-07,52.53359150353509
Frac. RD (space),0.0,0,library_only_noise,0.984075,fractional_subunit,1.6556769420950483,8.170848893384523e-05,1.0,0.0,0.0,5.946640419686821e-07,5.946640419686821e-07,52.53359150353509
Frac. RD (space),0.0,0,clean,0.9865625,fractional_subunit,1.655520219480165,6.386593040564126e-05,1.0,0.0,0.0,5.952941427625382e-07,5.952941427625382e-07,52.85947564430848
Frac. RD (space),0.0,0,fully_noisy,0.9865625,fractional_subunit,1.655520219480165,6.386593040564126e-05,1.0,0.0,0.0,5.952941427625382e-07,5.952941427625382e-07,52.85947564430848
Frac. RD (space),0.0,0,clean_initial_slice,0.9865625,fractional_subunit,1.655520219480165,6.386593040564126e-05,1.0,0.0,0.0,5.952941427625382e-07,5.952941427625382e-07,52.85947564430848
Frac. RD (space),0.0,0,target_only_noise,0.9865625,fractional_subunit,1.655520219480165,6.386593040564126e-05,1.0,0.0,0.0,5.952941427625382e-07,5.952941427625382e-07,52.85947564430848
Frac. RD (space),0.0,0,library_only_noise,0.9865625,fractional_subunit,1.655520219480165,6.386593040564126e-05,1.0,0.0,0.0,5.952941427625382e-07,5.952941427625382e-07,52.85947564430848
Frac. RD (space),0.0,0,clean,0.98905,fractional_subunit,1.6553636690202633,4.880053748837017e-05,1.0,0.0,0.0,5.959262471673395e-07,5.959262471673395e-07,53.18805444038534
Frac. RD (space),0.0,0,fully_noisy,0.98905,fractional_subunit,1.6553636690202633,4.880053748837017e-05,1.0,0.0,0.0,5.959262471673395e-07,5.959262471673395e-07,53.18805444038534
Frac. RD (space),0.0,0,clean_initial_slice,0.98905,fractional_subunit,1.6553636690202633,4.880053748837017e-05,1.0,0.0,0.0,5.959262471673395e-07,5.959262471673395e-07,53.18805444038534
Frac. RD (space),0.0,0,target_only_noise,0.98905,fractional_subunit,1.6553636690202633,4.880053748837017e-05,1.0,0.0,0.0,5.959262471673395e-07,5.959262471673395e-07,53.18805444038534
Frac. RD (space),0.0,0,library_only_noise,0.98905,fractional_subunit,1.6553636690202633,4.880053748837017e-05,1.0,0.0,0.0,5.959262471673395e-07,5.959262471673395e-07,53.18805444038534
Frac. RD (space),0.0,0,clean,0.9915375,fractional_subunit,1.655204488880156,3.646431386734016e-05,1.0,0.0,0.0,5.965438371240271e-07,5.965438371240271e-07,53.51933295619958
Frac. RD (space),0.0,0,fully_noisy,0.9915375,fractional_subunit,1.655204488880156,3.646431386734016e-05,1.0,0.0,0.0,5.965438371240271e-07,5.965438371240271e-07,53.51933295619958
Frac. RD (space),0.0,0,clean_initial_slice,0.9915375,fractional_subunit,1.655204488880156,3.646431386734016e-05,1.0,0.0,0.0,5.965438371240271e-07,5.965438371240271e-07,53.51933295619958
Frac. RD (space),0.0,0,target_only_noise,0.9915375,fractional_subunit,1.655204488880156,3.646431386734016e-05,1.0,0.0,0.0,5.965438371240271e-07,5.965438371240271e-07,53.51933295619958
Frac. RD (space),0.0,0,library_only_noise,0.9915375,fractional_subunit,1.655204488880156,3.646431386734016e-05,1.0,0.0,0.0,5.965438371240271e-07,5.965438371240271e-07,53.51933295619958
Frac. RD (space),0.0,0,clean,0.9940249999999999,fractional_subunit,1.6550430004451815,2.6881552650946686e-05,1.0,0.0,0.0,5.971488156106787e-07,5.971488156106787e-07,53.85331618188208
Frac. RD (space),0.0,0,fully_noisy,0.9940249999999999,fractional_subunit,1.6550430004451815,2.6881552650946686e-05,1.0,0.0,0.0,5.971488156106787e-07,5.971488156106787e-07,53.85331618188208
Frac. RD (space),0.0,0,clean_initial_slice,0.9940249999999999,fractional_subunit,1.6550430004451815,2.6881552650946686e-05,1.0,0.0,0.0,5.971488156106787e-07,5.971488156106787e-07,53.85331618188208
Frac. RD (space),0.0,0,target_only_noise,0.9940249999999999,fractional_subunit,1.6550430004451815,2.6881552650946686e-05,1.0,0.0,0.0,5.971488156106787e-07,5.971488156106787e-07,53.85331618188208
Frac. RD (space),0.0,0,library_only_noise,0.9940249999999999,fractional_subunit,1.6550430004451815,2.6881552650946686e-05,1.0,0.0,0.0,5.971488156106787e-07,5.971488156106787e-07,53.85331618188208
Frac. RD (space),0.0,0,clean,0.9965125,fractional_subunit,1.654881680160505,2.008866366885236e-05,1.0,0.0,0.0,5.977557873583525e-07,5.977557873583525e-07,54.190009033560756
Frac. RD (space),0.0,0,fully_noisy,0.9965125,fractional_subunit,1.654881680160505,2.008866366885236e-05,1.0,0.0,0.0,5.977557873583525e-07,5.977557873583525e-07,54.190009033560756
Frac. RD (space),0.0,0,clean_initial_slice,0.9965125,fractional_subunit,1.654881680160505,2.008866366885236e-05,1.0,0.0,0.0,5.977557873583525e-07,5.977557873583525e-07,54.190009033560756
Frac. RD (space),0.0,0,target_only_noise,0.9965125,fractional_subunit,1.654881680160505,2.008866366885236e-05,1.0,0.0,0.0,5.977557873583525e-07,5.977557873583525e-07,54.190009033560756
Frac. RD (space),0.0,0,library_only_noise,0.9965125,fractional_subunit,1.654881680160505,2.008866366885236e-05,1.0,0.0,0.0,5.977557873583525e-07,5.977557873583525e-07,54.190009033560756
Frac. RD (space),0.0,0,clean,0.999,fractional_subunit,1.6547190744754983,1.607242018127686e-05,1.0,0.0,0.0,5.983561629368991e-07,5.983561629368991e-07,54.52941635360938
Frac. RD (space),0.0,0,fully_noisy,0.999,fractional_subunit,1.6547190744754983,1.607242018127686e-05,1.0,0.0,0.0,5.983561629368991e-07,5.983561629368991e-07,54.52941635360938
Frac. RD (space),0.0,0,clean_initial_slice,0.999,fractional_subunit,1.6547190744754983,1.607242018127686e-05,1.0,0.0,0.0,5.983561629368991e-07,5.983561629368991e-07,54.52941635360938
Frac. RD (space),0.0,0,target_only_noise,0.999,fractional_subunit,1.6547190744754983,1.607242018127686e-05,1.0,0.0,0.0,5.983561629368991e-07,5.983561629368991e-07,54.52941635360938
Frac. RD (space),0.0,0,library_only_noise,0.999,fractional_subunit,1.6547190744754983,1.607242018127686e-05,1.0,0.0,0.0,5.983561629368991e-07,5.983561629368991e-07,54.52941635360938
Frac. RD (space),0.0,0,clean,1.0,integer,1.6523508522529187,1.4750142492897094e-05,1.0,0.0,0.0,5.981765082524574e-07,5.981765082524574e-07,54.44439739465885
Frac. RD (space),0.0,0,fully_noisy,1.0,integer,1.6523508522529187,1.4750142492897094e-05,1.0,0.0,0.0,5.981765082524574e-07,5.981765082524574e-07,54.44439739465885
Frac. RD (space),0.0,0,clean_initial_slice,1.0,integer,1.6523508522529187,1.4750142492897094e-05,1.0,0.0,0.0,5.981765082524574e-07,5.981765082524574e-07,54.44439739465885
Frac. RD (space),0.0,0,target_only_noise,1.0,integer,1.6523508522529187,1.4750142492897094e-05,1.0,0.0,0.0,5.981765082524574e-07,5.981765082524574e-07,54.44439739465885
Frac. RD (space),0.0,0,library_only_noise,1.0,integer,1.6523508522529187,1.4750142492897094e-05,1.0,0.0,0.0,5.981765082524574e-07,5.981765082524574e-07,54.44439739465885
Frac. RD (space),0.0,0,clean,1.001,fractional_superunit,2.0999957614371403,0.49668985222517376,1.0,0.0,0.0,3.355295495431486e-09,3.355295495431486e-09,3257.0544404454995
Frac. RD (space),0.0,0,fully_noisy,1.001,fractional_superunit,2.0999957614371403,0.49668985222517376,1.0,0.0,0.0,3.355295495431486e-09,3.355295495431486e-09,3257.0544404454995
Frac. RD (space),0.0,0,clean_initial_slice,1.001,fractional_superunit,2.0999957614371403,0.49668985222517376,1.0,0.0,0.0,3.355295495431486e-09,3.355295495431486e-09,3257.0544404454995
Frac. RD (space),0.0,0,target_only_noise,1.001,fractional_superunit,2.0999957614371403,0.49668985222517376,1.0,0.0,0.0,3.355295495431486e-09,3.355295495431486e-09,3257.0544404454995
Frac. RD (space),0.0,0,library_only_noise,1.001,fractional_superunit,2.0999957614371403,0.49668985222517376,1.0,0.0,0.0,3.355295495431486e-09,3.355295495431486e-09,3257.0544404454995
Frac. RD (space),0.0,0,clean,1.0088421052631578,fractional_superunit,2.0999957614371403,0.49542596431213193,1.0,0.0,0.0,3.4010869991004938e-09,3.4010869991004938e-09,3262.995123137814
Frac. RD (space),0.0,0,fully_noisy,1.0088421052631578,fractional_superunit,2.0999957614371403,0.49542596431213193,1.0,0.0,0.0,3.4010869991004938e-09,3.4010869991004938e-09,3262.995123137814
Frac. RD (space),0.0,0,clean_initial_slice,1.0088421052631578,fractional_superunit,2.0999957614371403,0.49542596431213193,1.0,0.0,0.0,3.4010869991004938e-09,3.4010869991004938e-09,3262.995123137814
Frac. RD (space),0.0,0,target_only_noise,1.0088421052631578,fractional_superunit,2.0999957614371403,0.49542596431213193,1.0,0.0,0.0,3.4010869991004938e-09,3.4010869991004938e-09,3262.995123137814
Frac. RD (space),0.0,0,library_only_noise,1.0088421052631578,fractional_superunit,2.0999957614371403,0.49542596431213193,1.0,0.0,0.0,3.4010869991004938e-09,3.4010869991004938e-09,3262.995123137814
Frac. RD (space),0.0,0,clean,1.0166842105263156,fractional_superunit,2.0999957614371403,0.4941633432374411,1.0,0.0,0.0,3.4472877200196192e-09,3.4472877200196192e-09,3268.7101663165936
Frac. RD (space),0.0,0,fully_noisy,1.0166842105263156,fractional_superunit,2.0999957614371403,0.4941633432374411,1.0,0.0,0.0,3.4472877200196192e-09,3.4472877200196192e-09,3268.7101663165936
Frac. RD (space),0.0,0,clean_initial_slice,1.0166842105263156,fractional_superunit,2.0999957614371403,0.4941633432374411,1.0,0.0,0.0,3.4472877200196192e-09,3.4472877200196192e-09,3268.7101663165936
Frac. RD (space),0.0,0,target_only_noise,1.0166842105263156,fractional_superunit,2.0999957614371403,0.4941633432374411,1.0,0.0,0.0,3.4472877200196192e-09,3.4472877200196192e-09,3268.7101663165936
Frac. RD (space),0.0,0,library_only_noise,1.0166842105263156,fractional_superunit,2.0999957614371403,0.4941633432374411,1.0,0.0,0.0,3.4472877200196192e-09,3.4472877200196192e-09,3268.7101663165936
Frac. RD (space),0.0,0,clean,1.0245263157894735,fractional_superunit,2.0999957614371403,0.4928992609923359,1.0,0.0,0.0,3.493903769192527e-09,3.493903769192527e-09,3274.1951647899036
Frac. RD (space),0.0,0,fully_noisy,1.0245263157894735,fractional_superunit,2.0999957614371403,0.4928992609923359,1.0,0.0,0.0,3.493903769192527e-09,3.493903769192527e-09,3274.1951647899036
Frac. RD (space),0.0,0,clean_initial_slice,1.0245263157894735,fractional_superunit,2.0999957614371403,0.4928992609923359,1.0,0.0,0.0,3.493903769192527e-09,3.493903769192527e-09,3274.1951647899036
Frac. RD (space),0.0,0,target_only_noise,1.0245263157894735,fractional_superunit,2.0999957614371403,0.4928992609923359,1.0,0.0,0.0,3.493903769192527e-09,3.493903769192527e-09,3274.1951647899036
Frac. RD (space),0.0,0,library_only_noise,1.0245263157894735,fractional_superunit,2.0999957614371403,0.4928992609923359,1.0,0.0,0.0,3.493903769192527e-09,3.493903769192527e-09,3274.1951647899036
Frac. RD (space),0.0,0,clean,1.0323684210526314,fractional_superunit,2.0999957614371403,0.4916337676063757,1.0,0.0,0.0,3.5409341411490833e-09,3.5409341411490833e-09,3279.445662009861
Frac. RD (space),0.0,0,fully_noisy,1.0323684210526314,fractional_superunit,2.0999957614371403,0.4916337676063757,1.0,0.0,0.0,3.5409341411490833e-09,3.5409341411490833e-09,3279.445662009861
Frac. RD (space),0.0,0,clean_initial_slice,1.0323684210526314,fractional_superunit,2.0999957614371403,0.4916337676063757,1.0,0.0,0.0,3.5409341411490833e-09,3.5409341411490833e-09,3279.445662009861
Frac. RD (space),0.0,0,target_only_noise,1.0323684210526314,fractional_superunit,2.0999957614371403,0.4916337676063757,1.0,0.0,0.0,3.5409341411490833e-09,3.5409341411490833e-09,3279.445662009861
Frac. RD (space),0.0,0,library_only_noise,1.0323684210526314,fractional_superunit,2.0999957614371403,0.4916337676063757,1.0,0.0,0.0,3.5409341411490833e-09,3.5409341411490833e-09,3279.445662009861
Frac. RD (space),0.0,0,clean,1.0402105263157893,fractional_superunit,2.0999957614371403,0.4903669140726333,1.0,0.0,0.0,3.5883776933947445e-09,3.5883776933947445e-09,3284.4571497633215
Frac. RD (space),0.0,0,fully_noisy,1.0402105263157893,fractional_superunit,2.0999957614371403,0.4903669140726333,1.0,0.0,0.0,3.5883776933947445e-09,3.5883776933947445e-09,3284.4571497633215
Frac. RD (space),0.0,0,clean_initial_slice,1.0402105263157893,fractional_superunit,2.0999957614371403,0.4903669140726333,1.0,0.0,0.0,3.5883776933947445e-09,3.5883776933947445e-09,3284.4571497633215
Frac. RD (space),0.0,0,target_only_noise,1.0402105263157893,fractional_superunit,2.0999957614371403,0.4903669140726333,1.0,0.0,0.0,3.5883776933947445e-09,3.5883776933947445e-09,3284.4571497633215
Frac. RD (space),0.0,0,library_only_noise,1.0402105263157893,fractional_superunit,2.0999957614371403,0.4903669140726333,1.0,0.0,0.0,3.5883776933947445e-09,3.5883776933947445e-09,3284.4571497633215
Frac. RD (space),0.0,0,clean,1.0480526315789473,fractional_superunit,2.0999957614371403,0.4890987523642208,1.0,0.0,0.0,3.6362331434029763e-09,3.6362331434029763e-09,3289.22506787487
Frac. RD (space),0.0,0,fully_noisy,1.0480526315789473,fractional_superunit,2.0999957614371403,0.4890987523642208,1.0,0.0,0.0,3.6362331434029763e-09,3.6362331434029763e-09,3289.22506787487
Frac. RD (space),0.0,0,clean_initial_slice,1.0480526315789473,fractional_superunit,2.0999957614371403,0.4890987523642208,1.0,0.0,0.0,3.6362331434029763e-09,3.6362331434029763e-09,3289.22506787487
Frac. RD (space),0.0,0,target_only_noise,1.0480526315789473,fractional_superunit,2.0999957614371403,0.4890987523642208,1.0,0.0,0.0,3.6362331434029763e-09,3.6362331434029763e-09,3289.22506787487
Frac. RD (space),0.0,0,library_only_noise,1.0480526315789473,fractional_superunit,2.0999957614371403,0.4890987523642208,1.0,0.0,0.0,3.6362331434029763e-09,3.6362331434029763e-09,3289.22506787487
Frac. RD (space),0.0,0,clean,1.0558947368421052,fractional_superunit,2.0999957614371403,0.48782933543508744,1.0,0.0,0.0,3.6844990656593834e-09,3.6844990656593834e-09,3293.744803923112
Frac. RD (space),0.0,0,fully_noisy,1.0558947368421052,fractional_superunit,2.0999957614371403,0.48782933543508744,1.0,0.0,0.0,3.6844990656593834e-09,3.6844990656593834e-09,3293.744803923112
Frac. RD (space),0.0,0,clean_initial_slice,1.0558947368421052,fractional_superunit,2.0999957614371403,0.48782933543508744,1.0,0.0,0.0,3.6844990656593834e-09,3.6844990656593834e-09,3293.744803923112
Frac. RD (space),0.0,0,target_only_noise,1.0558947368421052,fractional_superunit,2.0999957614371403,0.48782933543508744,1.0,0.0,0.0,3.6844990656593834e-09,3.6844990656593834e-09,3293.744803923112
Frac. RD (space),0.0,0,library_only_noise,1.0558947368421052,fractional_superunit,2.0999957614371403,0.48782933543508744,1.0,0.0,0.0,3.6844990656593834e-09,3.6844990656593834e-09,3293.744803923112
Frac. RD (space),0.0,0,clean,1.063736842105263,fractional_superunit,2.0999957614371403,0.48655871723766797,1.0,0.0,0.0,3.733173888635658e-09,3.733173888635658e-09,3298.011692971394
Frac. RD (space),0.0,0,fully_noisy,1.063736842105263,fractional_superunit,2.0999957614371403,0.48655871723766797,1.0,0.0,0.0,3.733173888635658e-09,3.733173888635658e-09,3298.011692971394
Frac. RD (space),0.0,0,clean_initial_slice,1.063736842105263,fractional_superunit,2.0999957614371403,0.48655871723766797,1.0,0.0,0.0,3.733173888635658e-09,3.733173888635658e-09,3298.011692971394
Frac. RD (space),0.0,0,target_only_noise,1.063736842105263,fractional_superunit,2.0999957614371403,0.48655871723766797,1.0,0.0,0.0,3.733173888635658e-09,3.733173888635658e-09,3298.011692971394
Frac. RD (space),0.0,0,library_only_noise,1.063736842105263,fractional_superunit,2.0999957614371403,0.48655871723766797,1.0,0.0,0.0,3.733173888635658e-09,3.733173888635658e-09,3298.011692971394
Frac. RD (space),0.0,0,clean,1.071578947368421,fractional_superunit,2.0999957614371403,0.4852869527309738,1.0,0.0,0.0,3.782255891745847e-09,3.782255891745847e-09,3302.02101731402
Frac. RD (space),0.0,0,fully_noisy,1.071578947368421,fractional_superunit,2.0999957614371403,0.4852869527309738,1.0,0.0,0.0,3.782255891745847e-09,3.782255891745847e-09,3302.02101731402
Frac. RD (space),0.0,0,clean_initial_slice,1.071578947368421,fractional_superunit,2.0999957614371403,0.4852869527309738,1.0,0.0,0.0,3.782255891745847e-09,3.782255891745847e-09,3302.02101731402
Frac. RD (space),0.0,0,target_only_noise,1.071578947368421,fractional_superunit,2.0999957614371403,0.4852869527309738,1.0,0.0,0.0,3.782255891745847e-09,3.782255891745847e-09,3302.02101731402
Frac. RD (space),0.0,0,library_only_noise,1.071578947368421,fractional_superunit,2.0999957614371403,0.4852869527309738,1.0,0.0,0.0,3.782255891745847e-09,3.782255891745847e-09,3302.02101731402
Frac. RD (space),0.0,0,clean,1.0794210526315788,fractional_superunit,2.0999957614371403,0.4840140978892019,1.0,0.0,0.0,3.831743202288542e-09,3.831743202288542e-09,3305.7680062392456
Frac. RD (space),0.0,0,fully_noisy,1.0794210526315788,fractional_superunit,2.0999957614371403,0.4840140978892019,1.0,0.0,0.0,3.831743202288542e-09,3.831743202288542e-09,3305.7680062392456
Frac. RD (space),0.0,0,clean_initial_slice,1.0794210526315788,fractional_superunit,2.0999957614371403,0.4840140978892019,1.0,0.0,0.0,3.831743202288542e-09,3.831743202288542e-09,3305.7680062392456
Frac. RD (space),0.0,0,target_only_noise,1.0794210526315788,fractional_superunit,2.0999957614371403,0.4840140978892019,1.0,0.0,0.0,3.831743202288542e-09,3.831743202288542e-09,3305.7680062392456
Frac. RD (space),0.0,0,library_only_noise,1.0794210526315788,fractional_superunit,2.0999957614371403,0.4840140978892019,1.0,0.0,0.0,3.831743202288542e-09,3.831743202288542e-09,3305.7680062392456
Frac. RD (space),0.0,0,clean,1.0872631578947367,fractional_superunit,2.0999957614371403,0.4827402097067647,1.0,0.0,0.0,3.881633792405383e-09,3.881633792405383e-09,3309.2478358102344
Frac. RD (space),0.0,0,fully_noisy,1.0872631578947367,fractional_superunit,2.0999957614371403,0.4827402097067647,1.0,0.0,0.0,3.881633792405383e-09,3.881633792405383e-09,3309.2478358102344
Frac. RD (space),0.0,0,clean_initial_slice,1.0872631578947367,fractional_superunit,2.0999957614371403,0.4827402097067647,1.0,0.0,0.0,3.881633792405383e-09,3.881633792405383e-09,3309.2478358102344
Frac. RD (space),0.0,0,target_only_noise,1.0872631578947367,fractional_superunit,2.0999957614371403,0.4827402097067647,1.0,0.0,0.0,3.881633792405383e-09,3.881633792405383e-09,3309.2478358102344
Frac. RD (space),0.0,0,library_only_noise,1.0872631578947367,fractional_superunit,2.0999957614371403,0.4827402097067647,1.0,0.0,0.0,3.881633792405383e-09,3.881633792405383e-09,3309.2478358102344
Frac. RD (space),0.0,0,clean,1.0951052631578946,fractional_superunit,2.0999957614371403,0.48146534621695913,1.0,0.0,0.0,3.931925475935015e-09,3.931925475935015e-09,3312.455628665416
Frac. RD (space),0.0,0,fully_noisy,1.0951052631578946,fractional_superunit,2.0999957614371403,0.48146534621695913,1.0,0.0,0.0,3.931925475935015e-09,3.931925475935015e-09,3312.455628665416
Frac. RD (space),0.0,0,clean_initial_slice,1.0951052631578946,fractional_superunit,2.0999957614371403,0.48146534621695913,1.0,0.0,0.0,3.931925475935015e-09,3.931925475935015e-09,3312.455628665416
Frac. RD (space),0.0,0,target_only_noise,1.0951052631578946,fractional_superunit,2.0999957614371403,0.48146534621695913,1.0,0.0,0.0,3.931925475935015e-09,3.931925475935015e-09,3312.455628665416
Frac. RD (space),0.0,0,library_only_noise,1.0951052631578946,fractional_superunit,2.0999957614371403,0.48146534621695913,1.0,0.0,0.0,3.931925475935015e-09,3.931925475935015e-09,3312.455628665416
Frac. RD (space),0.0,0,clean,1.1029473684210525,fractional_superunit,2.0999957614371403,0.480189566494318,1.0,0.0,0.0,3.9826159053379685e-09,3.9826159053379685e-09,3315.3864538395574
Frac. RD (space),0.0,0,fully_noisy,1.1029473684210525,fractional_superunit,2.0999957614371403,0.480189566494318,1.0,0.0,0.0,3.9826159053379685e-09,3.9826159053379685e-09,3315.3864538395574
Frac. RD (space),0.0,0,clean_initial_slice,1.1029473684210525,fractional_superunit,2.0999957614371403,0.480189566494318,1.0,0.0,0.0,3.9826159053379685e-09,3.9826159053379685e-09,3315.3864538395574
Frac. RD (space),0.0,0,target_only_noise,1.1029473684210525,fractional_superunit,2.0999957614371403,0.480189566494318,1.0,0.0,0.0,3.9826159053379685e-09,3.9826159053379685e-09,3315.3864538395574
Frac. RD (space),0.0,0,library_only_noise,1.1029473684210525,fractional_superunit,2.0999957614371403,0.480189566494318,1.0,0.0,0.0,3.9826159053379685e-09,3.9826159053379685e-09,3315.3864538395574
Frac. RD (space),0.0,0,clean,1.1107894736842103,fractional_superunit,2.0999957614371403,0.47891293067203067,1.0,0.0,0.0,4.033702568514633e-09,4.033702568514633e-09,3318.035326607151
Frac. RD (space),0.0,0,fully_noisy,1.1107894736842103,fractional_superunit,2.0999957614371403,0.47891293067203067,1.0,0.0,0.0,4.033702568514633e-09,4.033702568514633e-09,3318.035326607151
Frac. RD (space),0.0,0,clean_initial_slice,1.1107894736842103,fractional_superunit,2.0999957614371403,0.47891293067203067,1.0,0.0,0.0,4.033702568514633e-09,4.033702568514633e-09,3318.035326607151
Frac. RD (space),0.0,0,target_only_noise,1.1107894736842103,fractional_superunit,2.0999957614371403,0.47891293067203067,1.0,0.0,0.0,4.033702568514633e-09,4.033702568514633e-09,3318.035326607151
Frac. RD (space),0.0,0,library_only_noise,1.1107894736842103,fractional_superunit,2.0999957614371403,0.47891293067203067,1.0,0.0,0.0,4.033702568514633e-09,4.033702568514633e-09,3318.035326607151
Frac. RD (space),0.0,0,clean,1.1186315789473684,fractional_superunit,2.0999957614371403,0.47763549993942034,1.0,0.0,0.0,4.085182785704529e-09,4.085182785704529e-09,3320.3972083496146
Frac. RD (space),0.0,0,fully_noisy,1.1186315789473684,fractional_superunit,2.0999957614371403,0.47763549993942034,1.0,0.0,0.0,4.085182785704529e-09,4.085182785704529e-09,3320.3972083496146
Frac. RD (space),0.0,0,clean_initial_slice,1.1186315789473684,fractional_superunit,2.0999957614371403,0.47763549993942034,1.0,0.0,0.0,4.085182785704529e-09,4.085182785704529e-09,3320.3972083496146
Frac. RD (space),0.0,0,target_only_noise,1.1186315789473684,fractional_superunit,2.0999957614371403,0.47763549993942034,1.0,0.0,0.0,4.085182785704529e-09,4.085182785704529e-09,3320.3972083496146
Frac. RD (space),0.0,0,library_only_noise,1.1186315789473684,fractional_superunit,2.0999957614371403,0.47763549993942034,1.0,0.0,0.0,4.085182785704529e-09,4.085182785704529e-09,3320.3972083496146
Frac. RD (space),0.0,0,clean,1.1264736842105263,fractional_superunit,2.0999957614371403,0.47635733656129653,1.0,0.0,0.0,4.137053706309003e-09,4.137053706309003e-09,3322.46700644806
Frac. RD (space),0.0,0,fully_noisy,1.1264736842105263,fractional_superunit,2.0999957614371403,0.47635733656129653,1.0,0.0,0.0,4.137053706309003e-09,4.137053706309003e-09,3322.46700644806
Frac. RD (space),0.0,0,clean_initial_slice,1.1264736842105263,fractional_superunit,2.0999957614371403,0.47635733656129653,1.0,0.0,0.0,4.137053706309003e-09,4.137053706309003e-09,3322.46700644806
Frac. RD (space),0.0,0,target_only_noise,1.1264736842105263,fractional_superunit,2.0999957614371403,0.47635733656129653,1.0,0.0,0.0,4.137053706309003e-09,4.137053706309003e-09,3322.46700644806
Frac. RD (space),0.0,0,library_only_noise,1.1264736842105263,fractional_superunit,2.0999957614371403,0.47635733656129653,1.0,0.0,0.0,4.137053706309003e-09,4.137053706309003e-09,3322.46700644806
Frac. RD (space),0.0,0,clean,1.1343157894736842,fractional_superunit,2.0999957614371403,0.4750785038901568,1.0,0.0,0.0,4.189312305629659e-09,4.189312305629659e-09,3324.2395742033427
Frac. RD (space),0.0,0,fully_noisy,1.1343157894736842,fractional_superunit,2.0999957614371403,0.4750785038901568,1.0,0.0,0.0,4.189312305629659e-09,4.189312305629659e-09,3324.2395742033427
Frac. RD (space),0.0,0,clean_initial_slice,1.1343157894736842,fractional_superunit,2.0999957614371403,0.4750785038901568,1.0,0.0,0.0,4.189312305629659e-09,4.189312305629659e-09,3324.2395742033427
Frac. RD (space),0.0,0,target_only_noise,1.1343157894736842,fractional_superunit,2.0999957614371403,0.4750785038901568,1.0,0.0,0.0,4.189312305629659e-09,4.189312305629659e-09,3324.2395742033427
Frac. RD (space),0.0,0,library_only_noise,1.1343157894736842,fractional_superunit,2.0999957614371403,0.4750785038901568,1.0,0.0,0.0,4.189312305629659e-09,4.189312305629659e-09,3324.2395742033427
Frac. RD (space),0.0,0,clean,1.142157894736842,fractional_superunit,2.0999957614371403,0.473799066353604,1.0,0.0,0.0,4.24195538184097e-09,4.24195538184097e-09,3325.709710785302
Frac. RD (space),0.0,0,fully_noisy,1.142157894736842,fractional_superunit,2.0999957614371403,0.473799066353604,1.0,0.0,0.0,4.24195538184097e-09,4.24195538184097e-09,3325.709710785302
Frac. RD (space),0.0,0,clean_initial_slice,1.142157894736842,fractional_superunit,2.0999957614371403,0.473799066353604,1.0,0.0,0.0,4.24195538184097e-09,4.24195538184097e-09,3325.709710785302
Frac. RD (space),0.0,0,target_only_noise,1.142157894736842,fractional_superunit,2.0999957614371403,0.473799066353604,1.0,0.0,0.0,4.24195538184097e-09,4.24195538184097e-09,3325.709710785302
Frac. RD (space),0.0,0,library_only_noise,1.142157894736842,fractional_superunit,2.0999957614371403,0.473799066353604,1.0,0.0,0.0,4.24195538184097e-09,4.24195538184097e-09,3325.709710785302
Frac. RD (space),0.0,0,clean,1.15,fractional_superunit,2.0999957614371403,0.47251908949663346,1.0,0.0,0.0,4.294979552574477e-09,4.294979552574477e-09,3326.872161213191
Frac. RD (space),0.0,0,fully_noisy,1.15,fractional_superunit,2.0999957614371403,0.47251908949663346,1.0,0.0,0.0,4.294979552574477e-09,4.294979552574477e-09,3326.872161213191
Frac. RD (space),0.0,0,clean_initial_slice,1.15,fractional_superunit,2.0999957614371403,0.47251908949663346,1.0,0.0,0.0,4.294979552574477e-09,4.294979552574477e-09,3326.872161213191
Frac. RD (space),0.0,0,target_only_noise,1.15,fractional_superunit,2.0999957614371403,0.47251908949663346,1.0,0.0,0.0,4.294979552574477e-09,4.294979552574477e-09,3326.872161213191
Frac. RD (space),0.0,0,library_only_noise,1.15,fractional_superunit,2.0999957614371403,0.47251908949663346,1.0,0.0,0.0,4.294979552574477e-09,4.294979552574477e-09,3326.872161213191
Frac. RD (space),2.0,0,clean,0.8,fractional_subunit,1.6635338566549789,0.008308080596974502,1.0,0.004214917194135067,0.0020178018143894097,5.29578438346491e-07,5.422734862493863e-07,35.42225491186006
Frac. RD (space),2.0,0,fully_noisy,0.8,fractional_subunit,1.638302502552689,0.03369999776274514,1.0,0.004214917194135067,0.0020178018143894097,5.29578438346491e-07,5.422734862493863e-07,35.42225491186006
Frac. RD (space),2.0,0,clean_initial_slice,0.8,fractional_subunit,1.6726891606284502,0.0290662105195958,1.0,0.004214917194135067,0.0020178018143894097,5.29578438346491e-07,5.422734862493863e-07,35.42225491186006
Frac. RD (space),2.0,0,target_only_noise,0.8,fractional_subunit,1.6395541048844782,0.033184135435298565,1.0,0.004214917194135067,0.0020178018143894097,5.29578438346491e-07,5.422734862493863e-07,35.42225491186006
Frac. RD (space),2.0,0,library_only_noise,0.8,fractional_subunit,1.6680730977433584,0.008293852176846642,1.0,0.004214917194135067,0.0020178018143894097,5.29578438346491e-07,5.422734862493863e-07,35.42225491186006
Frac. RD (space),2.0,0,clean,0.8024875,fractional_subunit,1.6634683147926157,0.00811421585089479,1.0,0.004227437326271755,0.0019994077996865864,5.306381333024073e-07,5.432405053494356e-07,35.5691676331003
Frac. RD (space),2.0,0,fully_noisy,0.8024875,fractional_subunit,1.6384503791221994,0.03366318851419079,1.0,0.004227437326271755,0.0019994077996865864,5.306381333024073e-07,5.432405053494356e-07,35.5691676331003
Frac. RD (space),2.0,0,clean_initial_slice,0.8024875,fractional_subunit,1.6724576857370153,0.029119278059454554,1.0,0.004227437326271755,0.0019994077996865864,5.306381333024073e-07,5.432405053494356e-07,35.5691676331003
Frac. RD (space),2.0,0,target_only_noise,0.8024875,fractional_subunit,1.6396737036200357,0.03314928493836714,1.0,0.004227437326271755,0.0019994077996865864,5.306381333024073e-07,5.432405053494356e-07,35.5691676331003
Frac. RD (space),2.0,0,library_only_noise,0.8024875,fractional_subunit,1.6679993292872535,0.008100925932405752,1.0,0.004227437326271755,0.0019994077996865864,5.306381333024073e-07,5.432405053494356e-07,35.5691676331003
Frac. RD (space),2.0,0,clean,0.804975,fractional_subunit,1.6634029285054077,0.007922996398661755,1.0,0.004240237251186672,0.001981024188908361,5.317001527953415e-07,5.442110746164116e-07,35.718130727258284
Frac. RD (space),2.0,0,fully_noisy,0.804975,fractional_subunit,1.6385979546341636,0.033630892253395016,1.0,0.004240237251186672,0.001981024188908361,5.317001527953415e-07,5.442110746164116e-07,35.718130727258284
Frac. RD (space),2.0,0,clean_initial_slice,0.804975,fractional_subunit,1.6722266143408344,0.02917586805646349,1.0,0.004240237251186672,0.001981024188908361,5.317001527953415e-07,5.442110746164116e-07,35.718130727258284
Frac. RD (space),2.0,0,target_only_noise,0.804975,fractional_subunit,1.6397930544636639,0.03311894757825853,1.0,0.004240237251186672,0.001981024188908361,5.317001527953415e-07,5.442110746164116e-07,35.718130727258284
Frac. RD (space),2.0,0,library_only_noise,0.804975,fractional_subunit,1.6679257326785664,0.007910643380031708,1.0,0.004240237251186672,0.001981024188908361,5.317001527953415e-07,5.442110746164116e-07,35.718130727258284
Frac. RD (space),2.0,0,clean,0.8074625000000001,fractional_subunit,1.6633376972549314,0.007734409437916494,1.0,0.0042533144428553256,0.001962651274406793,5.327644968252937e-07,5.451851940503145e-07,35.86915728852505
Frac. RD (space),2.0,0,fully_noisy,0.8074625000000001,fractional_subunit,1.6387452295986444,0.033603087668221975,1.0,0.0042533144428553256,0.001962651274406793,5.327644968252937e-07,5.451851940503145e-07,35.86915728852505
Frac. RD (space),2.0,0,clean_initial_slice,0.8074625000000001,fractional_subunit,1.6719959453014792,0.029235959582673953,1.0,0.0042533144428553256,0.001962651274406793,5.327644968252937e-07,5.451851940503145e-07,35.86915728852505
Frac. RD (space),2.0,0,target_only_noise,0.8074625000000001,fractional_subunit,1.639912157830058,0.03309310200659025,1.0,0.0042533144428553256,0.001962651274406793,5.327644968252937e-07,5.451851940503145e-07,35.86915728852505
Frac. RD (space),2.0,0,library_only_noise,0.8074625000000001,fractional_subunit,1.6678523073169165,0.007722991715033766,1.0,0.0042533144428553256,0.001962651274406793,5.327644968252937e-07,5.451851940503145e-07,35.86915728852505
Frac. RD (space),2.0,0,clean,0.8099500000000001,fractional_subunit,1.6632692952732022,0.00754673108668764,1.0,0.0042667802638238755,0.001943952977307852,5.338132476502483e-07,5.46143643454804e-07,36.022260283142195
Frac. RD (space),2.0,0,fully_noisy,0.8099500000000001,fractional_subunit,1.6388887048327345,0.033581947671114144,1.0,0.0042667802638238755,0.001943952977307852,5.338132476502483e-07,5.46143643454804e-07,36.022260283142195
Frac. RD (space),2.0,0,clean_initial_slice,0.8099500000000001,fractional_subunit,1.6717574632342682,0.02930299497452745,1.0,0.0042667802638238755,0.001943952977307852,5.338132476502483e-07,5.46143643454804e-07,36.022260283142195
Frac. RD (space),2.0,0,target_only_noise,0.8099500000000001,fractional_subunit,1.6400265464509332,0.03307400020457478,1.0,0.0042667802638238755,0.001943952977307852,5.338132476502483e-07,5.46143643454804e-07,36.022260283142195
Frac. RD (space),2.0,0,library_only_noise,0.8099500000000001,fractional_subunit,1.6677756773779369,0.007536255992454544,1.0,0.0042667802638238755,0.001943952977307852,5.338132476502483e-07,5.46143643454804e-07,36.022260283142195
Frac. RD (space),2.0,0,clean,0.8124375,fractional_subunit,1.6632008448213165,0.007361592014629286,1.0,0.004280536281947142,0.0019252444967420722,5.348631911998003e-07,5.471044892028444e-07,36.17745254849715
Frac. RD (space),2.0,0,fully_noisy,0.8124375,fractional_subunit,1.6390316723393221,0.033565524822335005,1.0,0.004280536281947142,0.0019252444967420722,5.348631911998003e-07,5.471044892028444e-07,36.17745254849715
Frac. RD (space),2.0,0,clean_initial_slice,0.8124375,fractional_subunit,1.6715188731038413,0.029373817025798502,1.0,0.004280536281947142,0.0019252444967420722,5.348631911998003e-07,5.471044892028444e-07,36.17745254849715
Frac. RD (space),2.0,0,target_only_noise,0.8124375,fractional_subunit,1.6401437781740826,0.03305962056263535,1.0,0.004280536281947142,0.0019252444967420722,5.348631911998003e-07,5.471044892028444e-07,36.17745254849715
Frac. RD (space),2.0,0,library_only_noise,0.8124375,fractional_subunit,1.6676990117399755,0.007352058514685098,1.0,0.004280536281947142,0.0019252444967420722,5.348631911998003e-07,5.471044892028444e-07,36.17745254849715
Frac. RD (space),2.0,0,clean,0.814925,fractional_subunit,1.6631325531520034,0.00717908761397332,1.0,0.004294572994599653,0.0019065471404147163,5.359154458996526e-07,5.480689328438117e-07,36.33474679231542
Frac. RD (space),2.0,0,fully_noisy,0.814925,fractional_subunit,1.6391743514810873,0.03355366454426453,1.0,0.004294572994599653,0.0019065471404147163,5.359154458996526e-07,5.480689328438117e-07,36.33474679231542
Frac. RD (space),2.0,0,clean_initial_slice,0.814925,fractional_subunit,1.6712806868376144,0.029448191715457966,1.0,0.004294572994599653,0.0019065471404147163,5.359154458996526e-07,5.480689328438117e-07,36.33474679231542
Frac. RD (space),2.0,0,target_only_noise,0.814925,fractional_subunit,1.640257417405275,0.033049803526983716,1.0,0.004294572994599653,0.0019065471404147163,5.359154458996526e-07,5.480689328438117e-07,36.33474679231542
Frac. RD (space),2.0,0,library_only_noise,0.814925,fractional_subunit,1.667622520724635,0.007170494113787336,1.0,0.004294572994599653,0.0019065471404147163,5.359154458996526e-07,5.480689328438117e-07,36.33474679231542
Frac. RD (space),2.0,0,clean,0.8174125,fractional_subunit,1.6630612447912416,0.006997672834713659,1.0,0.0043090093643008386,0.0018875438101196439,5.369528241919661e-07,5.49018650727541e-07,36.494155591948875
Frac. RD (space),2.0,0,fully_noisy,0.8174125,fractional_subunit,1.6393133342876813,0.03354864420843197,1.0,0.0043090093643008386,0.0018875438101196439,5.369528241919661e-07,5.49018650727541e-07,36.494155591948875
Frac. RD (space),2.0,0,clean_initial_slice,0.8174125,fractional_subunit,1.6710350807770324,0.02952956094104965,1.0,0.0043090093643008386,0.0018875438101196439,5.369528241919661e-07,5.49018650727541e-07,36.494155591948875
Frac. RD (space),2.0,0,target_only_noise,0.8174125,fractional_subunit,1.6403664858910063,0.033046902617616704,1.0,0.0043090093643008386,0.0018875438101196439,5.369528241919661e-07,5.49018650727541e-07,36.494155591948875
Frac. RD (space),2.0,0,library_only_noise,0.8174125,fractional_subunit,1.667542980531113,0.006990026054156222,1.0,0.0043090093643008386,0.0018875438101196439,5.369528241919661e-07,5.49018650727541e-07,36.494155591948875
Frac. RD (space),2.0,0,clean,0.8199000000000001,fractional_subunit,1.6629897149281128,0.006818701165154003,1.0,0.00432374786589144,0.001868509499150292,5.379902114717103e-07,5.49969572866646e-07,36.65569139375916
Frac. RD (space),2.0,0,fully_noisy,0.8199000000000001,fractional_subunit,1.6394515857035277,0.0335485802221847,1.0,0.00432374786589144,0.001868509499150292,5.379902114717103e-07,5.49969572866646e-07,36.65569139375916
Frac. RD (space),2.0,0,clean_initial_slice,0.8199000000000001,fractional_subunit,1.6707888383057983,0.02961501206748791,1.0,0.00432374786589144,0.001868509499150292,5.379902114717103e-07,5.49969572866646e-07,36.65569139375916
Frac. RD (space),2.0,0,target_only_noise,0.8199000000000001,fractional_subunit,1.6404747533903643,0.0330489681978496,1.0,0.00432374786589144,0.001868509499150292,5.379902114717103e-07,5.49969572866646e-07,36.65569139375916
Frac. RD (space),2.0,0,library_only_noise,0.8199000000000001,fractional_subunit,1.667463189120459,0.006812000629058188,1.0,0.00432374786589144,0.001868509499150292,5.379902114717103e-07,5.49969572866646e-07,36.65569139375916
Frac. RD (space),2.0,0,clean,0.8223875,fractional_subunit,1.6629183471561666,0.006642366614579001,1.0,0.004338770042969087,0.0018494868067220288,5.390298963470852e-07,5.50924142935706e-07,36.8193665125949
Frac. RD (space),2.0,0,fully_noisy,0.8223875,fractional_subunit,1.6395895608878883,0.03355315275212833,1.0,0.004338770042969087,0.0018494868067220288,5.390298963470852e-07,5.50924142935706e-07,36.8193665125949
Frac. RD (space),2.0,0,clean_initial_slice,0.8223875,fractional_subunit,1.670543000516395,0.029704069374238338,1.0,0.004338770042969087,0.0018494868067220288,5.390298963470852e-07,5.50924142935706e-07,36.8193665125949
Frac. RD (space),2.0,0,target_only_noise,0.8223875,fractional_subunit,1.640582798590527,0.033055670248918374,1.0,0.004338770042969087,0.0018494868067220288,5.390298963470852e-07,5.50924142935706e-07,36.8193665125949
Frac. RD (space),2.0,0,library_only_noise,0.8223875,fractional_subunit,1.6673835755224378,0.006636610738378741,1.0,0.004338770042969087,0.0018494868067220288,5.390298963470852e-07,5.50924142935706e-07,36.8193665125949
Frac. RD (space),2.0,0,clean,0.824875,fractional_subunit,1.6628441196173378,0.006467293045538268,1.0,0.004354200699052285,0.0018301779222324077,5.400554685610742e-07,5.518649738677222e-07,36.98519313136151
Frac. RD (space),2.0,0,fully_noisy,0.824875,fractional_subunit,1.6397239590289454,0.03356471690407502,1.0,0.004354200699052285,0.0018301779222324077,5.400554685610742e-07,5.518649738677222e-07,36.98519313136151
Frac. RD (space),2.0,0,clean_initial_slice,0.824875,fractional_subunit,1.6702901511923391,0.02980014988136651,1.0,0.004354200699052285,0.0018301779222324077,5.400554685610742e-07,5.518649738677222e-07,36.98519313136151
Frac. RD (space),2.0,0,target_only_noise,0.824875,fractional_subunit,1.6406864352914963,0.03306943686145145,1.0,0.004354200699052285,0.0018301779222324077,5.400554685610742e-07,5.518649738677222e-07,36.98519313136151
Frac. RD (space),2.0,0,library_only_noise,0.824875,fractional_subunit,1.6673010753700857,0.0064624879425250505,1.0,0.004354200699052285,0.0018301779222324077,5.400554685610742e-07,5.518649738677222e-07,36.98519313136151
Frac. RD (space),2.0,0,clean,0.8273625,fractional_subunit,1.662769410874269,0.0062945761965455295,1.0,0.00436994698690423,0.001810817068324328,5.410798131211734e-07,5.528057787022404e-07,37.15318330068196
Frac. RD (space),2.0,0,fully_noisy,0.8273625,fractional_subunit,1.6398573848567417,0.033581512907237675,1.0,0.00436994698690423,0.001810817068324328,5.410798131211734e-07,5.528057787022404e-07,37.15318330068196
Frac. RD (space),2.0,0,clean_initial_slice,0.8273625,fractional_subunit,1.670036120190299,0.029900639577239662,1.0,0.00436994698690423,0.001810817068324328,5.410798131211734e-07,5.528057787022404e-07,37.15318330068196
Frac. RD (space),2.0,0,target_only_noise,0.8273625,fractional_subunit,1.6407889644991083,0.03308845086414374,1.0,0.00436994698690423,0.001810817068324328,5.410798131211734e-07,5.528057787022404e-07,37.15318330068196
Frac. RD (space),2.0,0,library_only_noise,0.8273625,fractional_subunit,1.6672181003886108,0.006290721941991832,1.0,0.00436994698690423,0.001810817068324328,5.410798131211734e-07,5.528057787022404e-07,37.15318330068196
Frac. RD (space),2.0,0,clean,0.8298500000000001,fractional_subunit,1.6626948675778277,0.006124499192783022,1.0,0.00438597947079836,0.0017914684064060666,5.421064415718002e-07,5.537502839094931e-07,37.323348938646845
Frac. RD (space),2.0,0,fully_noisy,0.8298500000000001,fractional_subunit,1.639990546496867,0.03360302251966905,1.0,0.00438597947079836,0.0017914684064060666,5.421064415718002e-07,5.537502839094931e-07,37.323348938646845
Frac. RD (space),2.0,0,clean_initial_slice,0.8298500000000001,fractional_subunit,1.6697824939552128,0.03000479151529258,1.0,0.00438597947079836,0.0017914684064060666,5.421064415718002e-07,5.537502839094931e-07,37.323348938646845
Frac. RD (space),2.0,0,target_only_noise,0.8298500000000001,fractional_subunit,1.6408912837820373,0.03311217834577591,1.0,0.00438597947079836,0.0017914684064060666,5.421064415718002e-07,5.537502839094931e-07,37.323348938646845
Frac. RD (space),2.0,0,library_only_noise,0.8298500000000001,fractional_subunit,1.6671353062351584,0.0061215942124748565,1.0,0.00438597947079836,0.0017914684064060666,5.421064415718002e-07,5.537502839094931e-07,37.323348938646845
Frac. RD (space),2.0,0,clean,0.8323375000000001,fractional_subunit,1.6626176309430456,0.005955844930743408,1.0,0.004402426965243572,0.0017718537150837885,5.43119769072755e-07,5.546820792404519e-07,37.49570183065245
Frac. RD (space),2.0,0,fully_noisy,0.8323375000000001,fractional_subunit,1.6401202664571954,0.03363165080860426,1.0,0.004402426965243572,0.0017718537150837885,5.43119769072755e-07,5.546820792404519e-07,37.49570183065245
Frac. RD (space),2.0,0,clean_initial_slice,0.8323375000000001,fractional_subunit,1.6695222795409157,0.030115972570243173,1.0,0.004402426965243572,0.0017718537150837885,5.43119769072755e-07,5.546820792404519e-07,37.49570183065245
Frac. RD (space),2.0,0,target_only_noise,0.8323375000000001,fractional_subunit,1.6409893753109688,0.033143093945380564,1.0,0.004402426965243572,0.0017718537150837885,5.43119769072755e-07,5.546820792404519e-07,37.49570183065245
Frac. RD (space),2.0,0,library_only_noise,0.8323375000000001,fractional_subunit,1.667049795449963,0.005953894738346462,1.0,0.004402426965243572,0.0017718537150837885,5.43119769072755e-07,5.546820792404519e-07,37.49570183065245
Frac. RD (space),2.0,0,clean,0.834825,fractional_subunit,1.6625396844422342,0.00578947070298002,1.0,0.00441920518809644,0.0017521658951961938,5.441305783969845e-07,5.556125798927288e-07,37.67025362932452
Frac. RD (space),2.0,0,fully_noisy,0.834825,fractional_subunit,1.6402487556740388,0.033665824049744116,1.0,0.00441920518809644,0.0017521658951961938,5.441305783969845e-07,5.556125798927288e-07,37.67025362932452
Frac. RD (space),2.0,0,clean_initial_slice,0.834825,fractional_subunit,1.6692603211319923,0.030231923188067878,1.0,0.00441920518809644,0.0017521658951961938,5.441305783969845e-07,5.556125798927288e-07,37.67025362932452
Frac. RD (space),2.0,0,target_only_noise,0.834825,fractional_subunit,1.6410860324400802,0.03317957571080782,1.0,0.00441920518809644,0.0017521658951961938,5.441305783969845e-07,5.556125798927288e-07,37.67025362932452
Frac. RD (space),2.0,0,library_only_noise,0.834825,fractional_subunit,1.6669635780349568,0.005788475914910216,1.0,0.00441920518809644,0.0017521658951961938,5.441305783969845e-07,5.556125798927288e-07,37.67025362932452
Frac. RD (space),2.0,0,clean,0.8373125,fractional_subunit,1.6624619065432868,0.005625739336681812,1.0,0.004436271657785312,0.0017324909358130253,5.451436577746514e-07,5.565468358632638e-07,37.84701585452595
Frac. RD (space),2.0,0,fully_noisy,0.8373125,fractional_subunit,1.6403769926116476,0.03370479123851569,1.0,0.004436271657785312,0.0017324909358130253,5.451436577746514e-07,5.565468358632638e-07,37.84701585452595
Frac. RD (space),2.0,0,clean_initial_slice,0.8373125,fractional_subunit,1.6689987667943555,0.030351594718614608,1.0,0.004436271657785312,0.0017324909358130253,5.451436577746514e-07,5.565468358632638e-07,37.84701585452595
Frac. RD (space),2.0,0,target_only_noise,0.8373125,fractional_subunit,1.6411824918240245,0.03322085120415378,1.0,0.004436271657785312,0.0017324909358130253,5.451436577746514e-07,5.565468358632638e-07,37.84701585452595
Frac. RD (space),2.0,0,library_only_noise,0.8373125,fractional_subunit,1.6668775442765222,0.005625698389469594,1.0,0.004436271657785312,0.0017324909358130253,5.451436577746514e-07,5.565468358632638e-07,37.84701585452595
Frac. RD (space),2.0,0,clean,0.8398,fractional_subunit,1.6623816092230832,0.005463582934369359,1.0,0.004453757305483277,0.0017125705010775155,5.461442968984293e-07,5.574694541211174e-07,38.025999893446446
Frac. RD (space),2.0,0,fully_noisy,0.8398,fractional_subunit,1.640501939503519,0.03375097854352371,1.0,0.004453757305483277,0.0017125705010775155,5.461442968984293e-07,5.574694541211174e-07,38.025999893446446
Frac. RD (space),2.0,0,clean_initial_slice,0.8398,fractional_subunit,1.6687310627863117,0.030478277763397347,1.0,0.004453757305483277,0.0017125705010775155,5.461442968984293e-07,5.574694541211174e-07,38.025999893446446
Frac. RD (space),2.0,0,target_only_noise,0.8398,fractional_subunit,1.6412749229435977,0.03326941249750146,1.0,0.004453757305483277,0.0017125705010775155,5.461442968984293e-07,5.574694541211174e-07,38.025999893446446
Frac. RD (space),2.0,0,library_only_noise,0.8398,fractional_subunit,1.6667889711993988,0.0054645007495186726,1.0,0.004453757305483277,0.0017125705010775155,5.461442968984293e-07,5.574694541211174e-07,38.025999893446446
Frac. RD (space),2.0,0,clean,0.8422875000000001,fractional_subunit,1.662300364942929,0.005303639497555159,1.0,0.0044715904032452455,0.0016925556329611925,5.471410724666396e-07,5.583894709641932e-07,38.20721700077187
Frac. RD (space),2.0,0,fully_noisy,0.8422875000000001,fractional_subunit,1.6406253794660954,0.03380306283911722,1.0,0.0044715904032452455,0.0016925556329611925,5.471410724666396e-07,5.583894709641932e-07,38.20721700077187
Frac. RD (space),2.0,0,clean_initial_slice,0.8422875000000001,fractional_subunit,1.668461035291448,0.030610124903761086,1.0,0.0044715904032452455,0.0016925556329611925,5.471410724666396e-07,5.583894709641932e-07,38.20721700077187
Frac. RD (space),2.0,0,target_only_noise,0.8422875000000001,fractional_subunit,1.641365572055088,0.03332389795031322,1.0,0.0044715904032452455,0.0016925556329611925,5.471410724666396e-07,5.583894709641932e-07,38.20721700077187
Frac. RD (space),2.0,0,library_only_noise,0.8422875000000001,fractional_subunit,1.666699451415121,0.005305517222776369,1.0,0.0044715904032452455,0.0016925556329611925,5.471410724666396e-07,5.583894709641932e-07,38.20721700077187
Frac. RD (space),2.0,0,clean,0.844775,fractional_subunit,1.662219292274434,0.005146342240098233,1.0,0.004489713323850073,0.0016725544089011106,5.481401041386171e-07,5.593133006730359e-07,38.39067829893103
Frac. RD (space),2.0,0,fully_noisy,0.844775,fractional_subunit,1.6407519365507877,0.03386002476385969,1.0,0.004489713323850073,0.0016725544089011106,5.481401041386171e-07,5.593133006730359e-07,38.39067829893103
Frac. RD (space),2.0,0,clean_initial_slice,0.844775,fractional_subunit,1.6681914103374755,0.030745754326183563,1.0,0.004489713323850073,0.0016725544089011106,5.481401041386171e-07,5.593133006730359e-07,38.39067829893103
Frac. RD (space),2.0,0,target_only_noise,0.844775,fractional_subunit,1.6414560353659766,0.03338326071837379,1.0,0.004489713323850073,0.0016725544089011106,5.481401041386171e-07,5.593133006730359e-07,38.39067829893103
Frac. RD (space),2.0,0,library_only_noise,0.844775,fractional_subunit,1.6666101179027013,0.005149178323063018,1.0,0.004489713323850073,0.0016725544089011106,5.481401041386171e-07,5.593133006730359e-07,38.39067829893103
Frac. RD (space),2.0,0,clean,0.8472625,fractional_subunit,1.6621358817058454,0.004990762703616497,1.0,0.004508257163638177,0.0016523286698468876,5.491276062559997e-07,5.60226607966823e-07,38.57639477841781
Frac. RD (space),2.0,0,fully_noisy,0.8472625,fractional_subunit,1.6408720140097288,0.03392428160097231,1.0,0.004508257163638177,0.0016523286698468876,5.491276062559997e-07,5.60226607966823e-07,38.57639477841781
Frac. RD (space),2.0,0,clean_initial_slice,0.8472625,fractional_subunit,1.667916089422057,0.030888353339952733,1.0,0.004508257163638177,0.0016523286698468876,5.491276062559997e-07,5.60226607966823e-07,38.57639477841781
Frac. RD (space),2.0,0,target_only_noise,0.8472625,fractional_subunit,1.6415426888912168,0.03344998005894423,1.0,0.004508257163638177,0.0016523286698468876,5.491276062559997e-07,5.60226607966823e-07,38.57639477841781
Frac. RD (space),2.0,0,library_only_noise,0.8472625,fractional_subunit,1.6665184298721667,0.004994561481653736,1.0,0.004508257163638177,0.0016523286698468876,5.491276062559997e-07,5.60226607966823e-07,38.57639477841781
Frac. RD (space),2.0,0,clean,0.84975,fractional_subunit,1.6620512785648203,0.004837338582609528,1.0,0.004527166824876237,0.0016319870762856576,5.501098436122131e-07,5.611359690658604e-07,38.764377298185764
Frac. RD (space),2.0,0,fully_noisy,0.84975,fractional_subunit,1.6409902903615587,0.03399482778107365,1.0,0.004527166824876237,0.0016319870762856576,5.501098436122131e-07,5.611359690658604e-07,38.764377298185764
Frac. RD (space),2.0,0,clean_initial_slice,0.84975,fractional_subunit,1.667637848226813,0.031036546245520154,1.0,0.004527166824876237,0.0016319870762856576,5.501098436122131e-07,5.611359690658604e-07,38.764377298185764
Frac. RD (space),2.0,0,target_only_noise,0.84975,fractional_subunit,1.6416271918007237,0.033523022151842316,1.0,0.004527166824876237,0.0016319870762856576,5.501098436122131e-07,5.611359690658604e-07,38.764377298185764
Frac. RD (space),2.0,0,library_only_noise,0.84975,fractional_subunit,1.6664255466636624,0.004842101724310268,1.0,0.004527166824876237,0.0016319870762856576,5.501098436122131e-07,5.611359690658604e-07,38.764377298185764
Frac. RD (space),2.0,0,clean,0.8522375,fractional_subunit,1.661966849766649,0.004686564272528293,1.0,0.004546367409500684,0.0016116600506680648,5.510943230303401e-07,5.620492032816201e-07,38.95463658611328
Frac. RD (space),2.0,0,fully_noisy,0.8522375,fractional_subunit,1.6411083376955422,0.03407033871277216,1.0,0.004546367409500684,0.0016116600506680648,5.510943230303401e-07,5.620492032816201e-07,38.95463658611328
Frac. RD (space),2.0,0,clean_initial_slice,0.8522375,fractional_subunit,1.6673600071474752,0.03118858559262778,1.0,0.004546367409500684,0.0016116600506680648,5.510943230303401e-07,5.620492032816201e-07,38.95463658611328
Frac. RD (space),2.0,0,target_only_noise,0.8522375,fractional_subunit,1.6417115205806658,0.03360102858296845,1.0,0.004546367409500684,0.0016116600506680648,5.510943230303401e-07,5.620492032816201e-07,38.95463658611328
Frac. RD (space),2.0,0,library_only_noise,0.8522375,fractional_subunit,1.666332852134141,0.004692290237106323,1.0,0.004546367409500684,0.0016116600506680648,5.510943230303401e-07,5.620492032816201e-07,38.95463658611328
Frac. RD (space),2.0,0,clean,0.8547250000000001,fractional_subunit,1.6618802723235506,0.0045376410588239624,1.0,0.004565988177840886,0.0015911298974000238,5.520682346163063e-07,5.629530737130861e-07,39.14718323953621
Frac. RD (space),2.0,0,fully_noisy,0.8547250000000001,fractional_subunit,1.641223447791446,0.03415319164071397,1.0,0.004565988177840886,0.0015911298974000238,5.520682346163063e-07,5.629530737130861e-07,39.14718323953621
Frac. RD (space),2.0,0,clean_initial_slice,0.8547250000000001,fractional_subunit,1.6670769390514362,0.03134752745656573,1.0,0.004565988177840886,0.0015911298974000238,5.520682346163063e-07,5.629530737130861e-07,39.14718323953621
Frac. RD (space),2.0,0,target_only_noise,0.8547250000000001,fractional_subunit,1.641792277292762,0.033686434374755395,1.0,0.004565988177840886,0.0015911298974000238,5.520682346163063e-07,5.629530737130861e-07,39.14718323953621
Frac. RD (space),2.0,0,library_only_noise,0.8547250000000001,fractional_subunit,1.6662379954448938,0.004544333607953955,1.0,0.004565988177840886,0.0015911298974000238,5.520682346163063e-07,5.629530737130861e-07,39.14718323953621
Frac. RD (space),2.0,0,clean,0.8572125,fractional_subunit,1.6617922481186203,0.004390825119310849,1.0,0.0045859948097220745,0.0015704623875953312,5.530354234426289e-07,5.638516152751424e-07,39.34202772584576
Frac. RD (space),2.0,0,fully_noisy,0.8572125,fractional_subunit,1.641336444382829,0.03424276799259009,1.0,0.0045859948097220745,0.0015704623875953312,5.530354234426289e-07,5.638516152751424e-07,39.34202772584576
Frac. RD (space),2.0,0,clean_initial_slice,0.8572125,fractional_subunit,1.6667903364676442,0.03151252940938041,1.0,0.0045859948097220745,0.0015704623875953312,5.530354234426289e-07,5.638516152751424e-07,39.34202772584576
Frac. RD (space),2.0,0,target_only_noise,0.8572125,fractional_subunit,1.6418704934864314,0.03377860352983733,1.0,0.0045859948097220745,0.0015704623875953312,5.530354234426289e-07,5.638516152751424e-07,39.34202772584576
Frac. RD (space),2.0,0,library_only_noise,0.8572125,fractional_subunit,1.6661416866354013,0.004398486431473814,1.0,0.0045859948097220745,0.0015704623875953312,5.530354234426289e-07,5.638516152751424e-07,39.34202772584576
Frac. RD (space),2.0,0,clean,0.8597,fractional_subunit,1.661704400760289,0.004246662948350547,1.0,0.004606292993669925,0.0015498105423411006,5.540048402182455e-07,5.647540930119705e-07,39.5391803831487
Frac. RD (space),2.0,0,fully_noisy,0.8597,fractional_subunit,1.641449223240432,0.03433739975662432,1.0,0.004606292993669925,0.0015498105423411006,5.540048402182455e-07,5.647540930119705e-07,39.5391803831487
Frac. RD (space),2.0,0,clean_initial_slice,0.8597,fractional_subunit,1.6665041306057506,0.03168144484576066,1.0,0.004606292993669925,0.0015498105423411006,5.540048402182455e-07,5.647540930119705e-07,39.5391803831487
Frac. RD (space),2.0,0,target_only_noise,0.8597,fractional_subunit,1.6419519046011348,0.03387582757851549,1.0,0.004606292993669925,0.0015498105423411006,5.540048402182455e-07,5.647540930119705e-07,39.5391803831487
Frac. RD (space),2.0,0,library_only_noise,0.8597,fractional_subunit,1.6660444188601855,0.004255291494726873,1.0,0.004606292993669925,0.0015498105423411006,5.540048402182455e-07,5.647540930119705e-07,39.5391803831487
Frac. RD (space),2.0,0,clean,0.8621875,fractional_subunit,1.661614601723771,0.0041044759627199175,1.0,0.004627008110885775,0.0015289774122760238,5.549647029263221e-07,5.656484090947215e-07,39.73865142098734
Frac. RD (space),2.0,0,fully_noisy,0.8621875,fractional_subunit,1.6415592664052463,0.03443939177944784,1.0,0.004627008110885775,0.0015289774122760238,5.549647029263221e-07,5.656484090947215e-07,39.73865142098734
Frac. RD (space),2.0,0,clean_initial_slice,0.8621875,fractional_subunit,1.6662131819251293,0.031857169710619776,1.0,0.004627008110885775,0.0015289774122760238,5.549647029263221e-07,5.656484090947215e-07,39.73865142098734
Frac. RD (space),2.0,0,target_only_noise,0.8621875,fractional_subunit,1.6420266431567103,0.03398046467658213,1.0,0.004627008110885775,0.0015289774122760238,5.549647029263221e-07,5.656484090947215e-07,39.73865142098734
Frac. RD (space),2.0,0,library_only_noise,0.8621875,fractional_subunit,1.6659471392309722,0.004114074938354173,1.0,0.004627008110885775,0.0015289774122760238,5.549647029263221e-07,5.656484090947215e-07,39.73865142098734
Frac. RD (space),2.0,0,clean,0.8646750000000001,fractional_subunit,1.6615230930452836,0.003964357396518315,1.0,0.004648130821485963,0.0015079853862092194,5.559163271228799e-07,5.665359759264584e-07,39.940450921116444
Frac. RD (space),2.0,0,fully_noisy,0.8646750000000001,fractional_subunit,1.6416668652270026,0.03454858448714392,1.0,0.004648130821485963,0.0015079853862092194,5.559163271228799e-07,5.665359759264584e-07,39.940450921116444
Frac. RD (space),2.0,0,clean_initial_slice,0.8646750000000001,fractional_subunit,1.6659180670033227,0.03203945843172971,1.0,0.004648130821485963,0.0015079853862092194,5.559163271228799e-07,5.665359759264584e-07,39.940450921116444
Frac. RD (space),2.0,0,target_only_noise,0.8646750000000001,fractional_subunit,1.6420984297186403,0.03409234922254196,1.0,0.004648130821485963,0.0015079853862092194,5.559163271228799e-07,5.665359759264584e-07,39.940450921116444
Frac. RD (space),2.0,0,library_only_noise,0.8646750000000001,fractional_subunit,1.6658473374261284,0.003974929478224758,1.0,0.004648130821485963,0.0015079853862092194,5.559163271228799e-07,5.665359759264584e-07,39.940450921116444
Frac. RD (space),2.0,0,clean,0.8671625000000001,fractional_subunit,1.6614317635427593,0.0038268968953109428,1.0,0.004669545248688843,0.0014870103359455205,5.568701651078185e-07,5.674275449038993e-07,40.14458883833418
Frac. RD (space),2.0,0,fully_noisy,0.8671625000000001,fractional_subunit,1.6417742573180676,0.03466292690196913,1.0,0.004669545248688843,0.0014870103359455205,5.568701651078185e-07,5.674275449038993e-07,40.14458883833418
Frac. RD (space),2.0,0,clean_initial_slice,0.8671625000000001,fractional_subunit,1.6656233443837016,0.032225730654214524,1.0,0.004669545248688843,0.0014870103359455205,5.568701651078185e-07,5.674275449038993e-07,40.14458883833418
Frac. RD (space),2.0,0,target_only_noise,0.8671625000000001,fractional_subunit,1.6421700645258883,0.03420938284562765,1.0,0.004669545248688843,0.0014870103359455205,5.568701651078185e-07,5.674275449038993e-07,40.14458883833418
Frac. RD (space),2.0,0,library_only_noise,0.8671625000000001,fractional_subunit,1.6657480110383394,0.0038384405666107226,1.0,0.004669545248688843,0.0014870103359455205,5.568701651078185e-07,5.674275449038993e-07,40.14458883833418
Frac. RD (space),2.0,0,clean,0.86965,fractional_subunit,1.6613386872300477,0.0036915264889584897,1.0,0.004691370817420374,0.0014658763384313355,5.578155158496823e-07,5.683121979897552e-07,40.35107500136456
Frac. RD (space),2.0,0,fully_noisy,0.86965,fractional_subunit,1.6418791322598563,0.0347846178671833,1.0,0.004691370817420374,0.0014658763384313355,5.578155158496823e-07,5.683121979897552e-07,40.35107500136456
Frac. RD (space),2.0,0,clean_initial_slice,0.86965,fractional_subunit,1.6655210836868704,0.03241869367461803,1.0,0.004691370817420374,0.0014658763384313355,5.578155158496823e-07,5.683121979897552e-07,40.35107500136456
Frac. RD (space),2.0,0,target_only_noise,0.86965,fractional_subunit,1.6422386613722113,0.034333812951990145,1.0,0.004691370817420374,0.0014658763384313355,5.578155158496823e-07,5.683121979897552e-07,40.35107500136456
Frac. RD (space),2.0,0,library_only_noise,0.86965,fractional_subunit,1.6654616724073845,0.0037040448732963667,1.0,0.004691370817420374,0.0014658763384313355,5.578155158496823e-07,5.683121979897552e-07,40.35107500136456
Frac. RD (space),2.0,0,clean,0.8721375,fractional_subunit,1.6612436295114514,0.0035581947989249334,1.0,0.004713627410060782,0.0014445619224228749,5.587510536208023e-07,5.691886439626158e-07,40.559919113788126
Frac. RD (space),2.0,0,fully_noisy,0.8721375,fractional_subunit,1.6419812133662486,0.03491403144530828,1.0,0.004713627410060782,0.0014445619224228749,5.587510536208023e-07,5.691886439626158e-07,40.559919113788126
Frac. RD (space),2.0,0,clean_initial_slice,0.8721375,fractional_subunit,1.6655155471950296,0.0326187690350118,1.0,0.004713627410060782,0.0014445619224228749,5.587510536208023e-07,5.691886439626158e-07,40.559919113788126
Frac. RD (space),2.0,0,target_only_noise,0.8721375,fractional_subunit,1.642303872893959,0.03446601955534373,1.0,0.004713627410060782,0.0014445619224228749,5.587510536208023e-07,5.691886439626158e-07,40.559919113788126
Frac. RD (space),2.0,0,library_only_noise,0.8721375,fractional_subunit,1.6653601304341001,0.003571689264062552,1.0,0.004713627410060782,0.0014445619224228749,5.587510536208023e-07,5.691886439626158e-07,40.559919113788126
Frac. RD (space),2.0,0,clean,0.874625,fractional_subunit,1.6611487530738323,0.00342752582228265,1.0,0.004736175431298873,0.0014232660630686285,5.596887909946544e-07,5.700691610728747e-07,40.771130755018326
Frac. RD (space),2.0,0,fully_noisy,0.874625,fractional_subunit,1.6420830984407515,0.03504869275482803,1.0,0.004736175431298873,0.0014232660630686285,5.596887909946544e-07,5.700691610728747e-07,40.771130755018326
Frac. RD (space),2.0,0,clean_initial_slice,0.874625,fractional_subunit,1.665514502727967,0.032822907365368525,1.0,0.004736175431298873,0.0014232660630686285,5.596887909946544e-07,5.700691610728747e-07,40.771130755018326
Frac. RD (space),2.0,0,target_only_noise,0.874625,fractional_subunit,1.6423689433031285,0.03460347314182934,1.0,0.004736175431298873,0.0014232660630686285,5.596887909946544e-07,5.700691610728747e-07,40.771130755018326
Frac. RD (space),2.0,0,library_only_noise,0.874625,fractional_subunit,1.6652587801883845,0.003441994916301241,1.0,0.004736175431298873,0.0014232660630686285,5.596887909946544e-07,5.700691610728747e-07,40.771130755018326
Frac. RD (space),2.0,0,clean,0.8771125,fractional_subunit,1.6610523425391421,0.0032990527899434516,1.0,0.004759126246596498,0.0014018341427681571,5.606191620251323e-07,5.709440517850156e-07,40.98471938132054
Frac. RD (space),2.0,0,fully_noisy,0.8771125,fractional_subunit,1.6421827020821593,0.03519065974503802,1.0,0.004759126246596498,0.0014018341427681571,5.606191620251323e-07,5.709440517850156e-07,40.98471938132054
Frac. RD (space),2.0,0,clean_initial_slice,0.8771125,fractional_subunit,1.665297457928285,0.033033592377863644,1.0,0.004759126246596498,0.0014018341427681571,5.606191620251323e-07,5.709440517850156e-07,40.98471938132054
Frac. RD (space),2.0,0,target_only_noise,0.8771125,fractional_subunit,1.642431272603703,0.03474827519448365,1.0,0.004759126246596498,0.0014018341427681571,5.606191620251323e-07,5.709440517850156e-07,40.98471938132054
Frac. RD (space),2.0,0,library_only_noise,0.8771125,fractional_subunit,1.6651558863312856,0.0033144986350723852,1.0,0.004759126246596498,0.0014018341427681571,5.606191620251323e-07,5.709440517850156e-07,40.98471938132054
Frac. RD (space),2.0,0,clean,0.8796,fractional_subunit,1.6609536700819907,0.003172597774489849,1.0,0.0047825332256336076,0.0013802003679850559,5.61538085971918e-07,5.718092403072738e-07,41.20069432687077
Frac. RD (space),2.0,0,fully_noisy,0.8796,fractional_subunit,1.6422791435276953,0.03534091746447783,1.0,0.0047825332256336076,0.0013802003679850559,5.61538085971918e-07,5.718092403072738e-07,41.20069432687077
Frac. RD (space),2.0,0,clean_initial_slice,0.8796,fractional_subunit,1.664988648479899,0.033251967286932346,1.0,0.0047825332256336076,0.0013802003679850559,5.61538085971918e-07,5.718092403072738e-07,41.20069432687077
Frac. RD (space),2.0,0,target_only_noise,0.8796,fractional_subunit,1.6424897611339013,0.03490142928232149,1.0,0.0047825332256336076,0.0013802003679850559,5.61538085971918e-07,5.718092403072738e-07,41.20069432687077
Frac. RD (space),2.0,0,library_only_noise,0.8796,fractional_subunit,1.6650507122965306,0.0031890240309462004,1.0,0.0047825332256336076,0.0013802003679850559,5.61538085971918e-07,5.718092403072738e-07,41.20069432687077
Frac. RD (space),2.0,0,clean,0.8820875,fractional_subunit,1.6608551806604432,0.0030488104863192235,1.0,0.004806230907907525,0.0013585870733026082,5.624591953357313e-07,5.726785720892982e-07,41.41906480485135
Frac. RD (space),2.0,0,fully_noisy,0.8820875,fractional_subunit,1.6423755101132294,0.035496524761843215,1.0,0.004806230907907525,0.0013585870733026082,5.624591953357313e-07,5.726785720892982e-07,41.41906480485135
Frac. RD (space),2.0,0,clean_initial_slice,0.8820875,fractional_subunit,1.6646802228183695,0.03347447538320466,1.0,0.004806230907907525,0.0013585870733026082,5.624591953357313e-07,5.726785720892982e-07,41.41906480485135
Frac. RD (space),2.0,0,target_only_noise,0.8820875,fractional_subunit,1.6425481187741906,0.03505993207413992,1.0,0.004806230907907525,0.0013585870733026082,5.624591953357313e-07,5.726785720892982e-07,41.41906480485135
Frac. RD (space),2.0,0,library_only_noise,0.8820875,fractional_subunit,1.6649457314980873,0.003066215717661749,1.0,0.004806230907907525,0.0013585870733026082,5.624591953357313e-07,5.726785720892982e-07,41.41906480485135
Frac. RD (space),2.0,0,clean,0.884575,fractional_subunit,1.660755377959802,0.00292731606395636,1.0,0.004830320478175748,0.0013368612274210592,5.633741143433779e-07,5.735436107617753e-07,41.6398399085805
Frac. RD (space),2.0,0,fully_noisy,0.884575,fractional_subunit,1.642469850956697,0.03565936247789489,1.0,0.004830320478175748,0.0013368612274210592,5.633741143433779e-07,5.735436107617753e-07,41.6398399085805
Frac. RD (space),2.0,0,clean_initial_slice,0.884575,fractional_subunit,1.6643685971656712,0.03370334904666678,1.0,0.004830320478175748,0.0013368612274210592,5.633741143433779e-07,5.735436107617753e-07,41.6398399085805
Frac. RD (space),2.0,0,target_only_noise,0.884575,fractional_subunit,1.6426040523320797,0.03522570262752232,1.0,0.004830320478175748,0.0013368612274210592,5.633741143433779e-07,5.735436107617753e-07,41.6398399085805
Frac. RD (space),2.0,0,library_only_noise,0.884575,fractional_subunit,1.6648394306074144,0.002945701862968875,1.0,0.004830320478175748,0.0013368612274210592,5.633741143433779e-07,5.735436107617753e-07,41.6398399085805
Frac. RD (space),2.0,0,clean,0.8870625,fractional_subunit,1.6606530237682995,0.0028078278011687153,1.0,0.004854893065462112,0.00131491226840716,5.642758915629645e-07,5.743974152569219e-07,41.863028612673
Frac. RD (space),2.0,0,fully_noisy,0.8870625,fractional_subunit,1.6425606433696136,0.035831106781061786,1.0,0.004854893065462112,0.00131491226840716,5.642758915629645e-07,5.743974152569219e-07,41.863028612673
Frac. RD (space),2.0,0,clean_initial_slice,0.8870625,fractional_subunit,1.664050798835192,0.0339405362344068,1.0,0.004854893065462112,0.00131491226840716,5.642758915629645e-07,5.743974152569219e-07,41.863028612673
Frac. RD (space),2.0,0,target_only_noise,0.8870625,fractional_subunit,1.6426556672880352,0.03540044879969053,1.0,0.004854893065462112,0.00131491226840716,5.642758915629645e-07,5.743974152569219e-07,41.863028612673
Frac. RD (space),2.0,0,library_only_noise,0.8870625,fractional_subunit,1.6647305572233015,0.0028271982897033316,1.0,0.004854893065462112,0.00131491226840716,5.642758915629645e-07,5.743974152569219e-07,41.863028612673
Frac. RD (space),2.0,0,clean,0.8895500000000001,fractional_subunit,1.6605508541578646,0.0026910126589989054,1.0,0.004879755211677658,0.0012929861539297065,5.651798400396526e-07,5.752554383767484e-07,42.088639774229
Frac. RD (space),2.0,0,fully_noisy,0.8895500000000001,fractional_subunit,1.6426512595541467,0.0360083064214414,1.0,0.004879755211677658,0.0012929861539297065,5.651798400396526e-07,5.752554383767484e-07,42.088639774229
Frac. RD (space),2.0,0,clean_initial_slice,0.8895500000000001,fractional_subunit,1.6637333788000246,0.03418193613183158,1.0,0.004879755211677658,0.0012929861539297065,5.651798400396526e-07,5.752554383767484e-07,42.088639774229
Frac. RD (space),2.0,0,target_only_noise,0.8895500000000001,fractional_subunit,1.6427071931294401,0.03558064930136461,1.0,0.004879755211677658,0.0012929861539297065,5.651798400396526e-07,5.752554383767484e-07,42.088639774229
Frac. RD (space),2.0,0,library_only_noise,0.8895500000000001,fractional_subunit,1.6646218783378615,0.002711366416598815,1.0,0.004879755211677658,0.0012929861539297065,5.651798400396526e-07,5.752554383767484e-07,42.088639774229
Frac. RD (space),2.0,0,clean,0.8920375,fractional_subunit,1.660447600104358,0.002576578521588941,1.0,0.004904995789502614,0.001270971725425512,5.660788302430856e-07,5.761105454998793e-07,42.316682134048115
Frac. RD (space),2.0,0,fully_noisy,0.8920375,fractional_subunit,1.642740118243679,0.036192627554845536,1.0,0.004904995789502614,0.001270971725425512,5.660788302430856e-07,5.761105454998793e-07,42.316682134048115
Frac. RD (space),2.0,0,clean_initial_slice,0.8920375,fractional_subunit,1.6634133072434467,0.034429495189601846,1.0,0.004904995789502614,0.001270971725425512,5.660788302430856e-07,5.761105454998793e-07,42.316682134048115
Frac. RD (space),2.0,0,target_only_noise,0.8920375,fractional_subunit,1.6427567401456733,0.03576800289583468,1.0,0.004904995789502614,0.001270971725425512,5.660788302430856e-07,5.761105454998793e-07,42.316682134048115
Frac. RD (space),2.0,0,library_only_noise,0.8920375,fractional_subunit,1.6645121108845442,0.0025979166226734666,1.0,0.004904995789502614,0.001270971725425512,5.660788302430856e-07,5.761105454998793e-07,42.316682134048115
Frac. RD (space),2.0,0,clean,0.894525,fractional_subunit,1.6603414959658434,0.0024641473529500935,1.0,0.00493074795056304,0.0012487132239020076,5.669629224347279e-07,5.769528498906087e-07,42.54716431786603
Frac. RD (space),2.0,0,fully_noisy,0.894525,fractional_subunit,1.6428250221944234,0.03638652045786943,1.0,0.00493074795056304,0.0012487132239020076,5.669629224347279e-07,5.769528498906087e-07,42.54716431786603
Frac. RD (space),2.0,0,clean_initial_slice,0.894525,fractional_subunit,1.6630863613522389,0.034686034210229366,1.0,0.00493074795056304,0.0012487132239020076,5.669629224347279e-07,5.769528498906087e-07,42.54716431786603
Frac. RD (space),2.0,0,target_only_noise,0.894525,fractional_subunit,1.6428014694699427,0.03596500532375972,1.0,0.00493074795056304,0.0012487132239020076,5.669629224347279e-07,5.769528498906087e-07,42.54716431786603
Frac. RD (space),2.0,0,library_only_noise,0.894525,fractional_subunit,1.6643994696176412,0.0024864743676246493,1.0,0.00493074795056304,0.0012487132239020076,5.669629224347279e-07,5.769528498906087e-07,42.54716431786603
Frac. RD (space),2.0,0,clean,0.8970125,fractional_subunit,1.6602355776668773,0.0023543950920785818,1.0,0.004956788128530304,0.0012264805071091514,5.678491717763498e-07,5.777994516272313e-07,42.780094837610754
Frac. RD (space),2.0,0,fully_noisy,0.8970125,fractional_subunit,1.642909759737199,0.036585978457538,1.0,0.004956788128530304,0.0012264805071091514,5.678491717763498e-07,5.777994516272313e-07,42.780094837610754
Frac. RD (space),2.0,0,clean_initial_slice,0.8970125,fractional_subunit,1.662759787306686,0.0349468688153636,1.0,0.004956788128530304,0.0012264805071091514,5.678491717763498e-07,5.777994516272313e-07,42.780094837610754
Frac. RD (space),2.0,0,target_only_noise,0.8970125,fractional_subunit,1.6428460859507574,0.036167571698071534,1.0,0.004956788128530304,0.0012264805071091514,5.678491717763498e-07,5.777994516272313e-07,42.780094837610754
Frac. RD (space),2.0,0,library_only_noise,0.8970125,fractional_subunit,1.6642870238153202,0.002377709616385188,1.0,0.004956788128530304,0.0012264805071091514,5.678491717763498e-07,5.777994516272313e-07,42.780094837610754
Frac. RD (space),2.0,0,clean,0.8995,fractional_subunit,1.6601288119300135,0.002247103351497994,1.0,0.004983190750285636,0.0012041845870025833,5.687317520264965e-07,5.786445582983179e-07,43.0154820926756
Frac. RD (space),2.0,0,fully_noisy,0.8995,fractional_subunit,1.6429930280254512,0.036792414049738535,1.0,0.004983190750285636,0.0012041845870025833,5.687317520264965e-07,5.786445582983179e-07,43.0154820926756
Frac. RD (space),2.0,0,clean_initial_slice,0.8995,fractional_subunit,1.6624311259223092,0.035213625374823324,1.0,0.004983190750285636,0.0012041845870025833,5.687317520264965e-07,5.786445582983179e-07,43.0154820926756
Frac. RD (space),2.0,0,target_only_noise,0.8995,fractional_subunit,1.642888973657296,0.036377141216008844,1.0,0.004983190750285636,0.0012041845870025833,5.687317520264965e-07,5.786445582983179e-07,43.0154820926756
Frac. RD (space),2.0,0,library_only_noise,0.8995,fractional_subunit,1.6641737290974907,0.002271405953143935,1.0,0.004983190750285636,0.0012041845870025833,5.687317520264965e-07,5.786445582983179e-07,43.0154820926756
Frac. RD (space),2.0,0,clean,0.9019875,fractional_subunit,1.6600188883735802,0.002141819865209986,1.0,0.005010135229115106,0.0011816240989922983,5.695976156047198e-07,5.794752574953759e-07,43.25333437120636
Frac. RD (space),2.0,0,fully_noisy,0.9019875,fractional_subunit,1.6430719157834155,0.03700913752869999,1.0,0.005010135229115106,0.0011816240989922983,5.695976156047198e-07,5.794752574953759e-07,43.25333437120636
Frac. RD (space),2.0,0,clean_initial_slice,0.9019875,fractional_subunit,1.6620948709728547,0.03549007221269897,1.0,0.005010135229115106,0.0011816240989922983,5.695976156047198e-07,5.794752574953759e-07,43.25333437120636
Frac. RD (space),2.0,0,target_only_noise,0.9019875,fractional_subunit,1.6429265206965886,0.0365970840253033,1.0,0.005010135229115106,0.0011816240989922983,5.695976156047198e-07,5.794752574953759e-07,43.25333437120636
Frac. RD (space),2.0,0,library_only_noise,0.9019875,fractional_subunit,1.6640572501488635,0.002167115548569305,1.0,0.005010135229115106,0.0011816240989922983,5.695976156047198e-07,5.794752574953759e-07,43.25333437120636
Frac. RD (space),2.0,0,clean,0.904475,fractional_subunit,1.6599091516208497,0.002039221482461413,1.0,0.005037365808738737,0.0011590930995373009,5.70465622306857e-07,5.803103362313859e-07,43.493659851399684
Frac. RD (space),2.0,0,fully_noisy,0.904475,fractional_subunit,1.6431506464568169,0.037231539947484286,1.0,0.005037365808738737,0.0011590930995373009,5.70465622306857e-07,5.803103362313859e-07,43.493659851399684
Frac. RD (space),2.0,0,clean_initial_slice,0.904475,fractional_subunit,1.661758980406721,0.0357709009554853,1.0,0.005037365808738737,0.0011590930995373009,5.70465622306857e-07,5.803103362313859e-07,43.493659851399684
Frac. RD (space),2.0,0,target_only_noise,0.904475,fractional_subunit,1.6429639637791111,0.036822704472062914,1.0,0.005037365808738737,0.0011590930995373009,5.70465622306857e-07,5.803103362313859e-07,43.493659851399684
Frac. RD (space),2.0,0,library_only_noise,0.904475,fractional_subunit,1.6639409673354,0.0020655088605969507,1.0,0.005037365808738737,0.0011590930995373009,5.70465622306857e-07,5.803103362313859e-07,43.493659851399684
Frac. RD (space),2.0,0,clean,0.9069625,fractional_subunit,1.6597988126254843,0.0019391546854872672,1.0,0.005064940341763656,0.0011365250888618831,5.713313071953161e-07,5.811453846101807e-07,43.736466602810324
Frac. RD (space),2.0,0,fully_noisy,0.9069625,fractional_subunit,1.6432282138773457,0.037460739733300136,1.0,0.005064940341763656,0.0011365250888618831,5.713313071953161e-07,5.811453846101807e-07,43.736466602810324
Frac. RD (space),2.0,0,clean_initial_slice,0.9069625,fractional_subunit,1.6614215823680576,0.036057382597155345,1.0,0.005064940341763656,0.0011365250888618831,5.713313071953161e-07,5.811453846101807e-07,43.736466602810324
Frac. RD (space),2.0,0,target_only_noise,0.9069625,fractional_subunit,1.643000056826837,0.03705514147790147,1.0,0.005064940341763656,0.0011365250888618831,5.713313071953161e-07,5.811453846101807e-07,43.736466602810324
Frac. RD (space),2.0,0,library_only_noise,0.9069625,fractional_subunit,1.6638240833577314,0.0019664338316286506,1.0,0.005064940341763656,0.0011365250888618831,5.713313071953161e-07,5.811453846101807e-07,43.736466602810324
Frac. RD (space),2.0,0,clean,0.90945,fractional_subunit,1.659684998872951,0.0018411096993936813,1.0,0.005093088703055995,0.0011136727137066346,5.721783934104539e-07,5.819643850053399e-07,43.98176258766415
Frac. RD (space),2.0,0,fully_noisy,0.90945,fractional_subunit,1.6433009553970555,0.03770099609137001,1.0,0.005093088703055995,0.0011136727137066346,5.721783934104539e-07,5.819643850053399e-07,43.98176258766415
Frac. RD (space),2.0,0,clean_initial_slice,0.90945,fractional_subunit,1.6610758539609973,0.0363543100518537,1.0,0.005093088703055995,0.0011136727137066346,5.721783934104539e-07,5.819643850053399e-07,43.98176258766415
Frac. RD (space),2.0,0,target_only_noise,0.90945,fractional_subunit,1.6430302630508722,0.03729872911158905,1.0,0.005093088703055995,0.0011136727137066346,5.721783934104539e-07,5.819643850053399e-07,43.98176258766415
Frac. RD (space),2.0,0,library_only_noise,0.90945,fractional_subunit,1.6637036956405964,0.001869386037585073,1.0,0.005093088703055995,0.0011136727137066346,5.721783934104539e-07,5.819643850053399e-07,43.98176258766415
Frac. RD (space),2.0,0,clean,0.9119375000000001,fractional_subunit,1.6595713725808927,0.0017457564364919587,1.0,0.005121520900509404,0.00109085456160318,5.730276088340136e-07,5.827878507215889e-07,44.229555662174796
Frac. RD (space),2.0,0,fully_noisy,0.9119375000000001,fractional_subunit,1.643373548625097,0.03794704939525505,1.0,0.005121520900509404,0.00109085456160318,5.730276088340136e-07,5.827878507215889e-07,44.229555662174796
Frac. RD (space),2.0,0,clean_initial_slice,0.9119375000000001,fractional_subunit,1.660730481460487,0.03665570926959205,1.0,0.005121520900509404,0.00109085456160318,5.730276088340136e-07,5.827878507215889e-07,44.229555662174796
Frac. RD (space),2.0,0,target_only_noise,0.9119375000000001,fractional_subunit,1.6430603736214167,0.0375481122262641,1.0,0.005121520900509404,0.00109085456160318,5.730276088340136e-07,5.827878507215889e-07,44.229555662174796
Frac. RD (space),2.0,0,library_only_noise,0.9119375000000001,fractional_subunit,1.6635835043912477,0.001775028597346576,1.0,0.005121520900509404,0.00109085456160318,5.730276088340136e-07,5.827878507215889e-07,44.229555662174796
Frac. RD (space),2.0,0,clean,0.914425,fractional_subunit,1.6594573975338975,0.001652997562932288,1.0,0.0051502760965918964,0.0010680269718864367,5.738759088077419e-07,5.836127944898716e-07,44.47985357786099
Frac. RD (space),2.0,0,fully_noisy,0.914425,fractional_subunit,1.6434453025278608,0.03819968212760148,1.0,0.0051502760965918964,0.0010680269718864367,5.738759088077419e-07,5.836127944898716e-07,44.47985357786099
Frac. RD (space),2.0,0,clean_initial_slice,0.914425,fractional_subunit,1.6603841969670794,0.03696245940081448,1.0,0.0051502760965918964,0.0010680269718864367,5.738759088077419e-07,5.836127944898716e-07,44.47985357786099
Frac. RD (space),2.0,0,target_only_noise,0.914425,fractional_subunit,1.6430895338670648,0.03780408728754175,1.0,0.0051502760965918964,0.0010680269718864367,5.738759088077419e-07,5.836127944898716e-07,44.47985357786099
Frac. RD (space),2.0,0,library_only_noise,0.914425,fractional_subunit,1.6634629679692445,0.0016832651380293963,1.0,0.0051502760965918964,0.0010680269718864367,5.738759088077419e-07,5.836127944898716e-07,44.47985357786099
Frac. RD (space),2.0,0,clean,0.9169125,fractional_subunit,1.659339621508851,0.0015622821070391383,1.0,0.005179638774147965,0.0010448962553978593,5.747036638738852e-07,5.844200144519267e-07,44.73266398286234
Frac. RD (space),2.0,0,fully_noisy,0.9169125,fractional_subunit,1.643511765309319,0.03846419433968997,1.0,0.005179638774147965,0.0010448962553978593,5.747036638738852e-07,5.844200144519267e-07,44.73266398286234
Frac. RD (space),2.0,0,clean_initial_slice,0.9169125,fractional_subunit,1.660028827770723,0.03728045746351383,1.0,0.005179638774147965,0.0010448962553978593,5.747036638738852e-07,5.844200144519267e-07,44.73266398286234
Frac. RD (space),2.0,0,target_only_noise,0.9169125,fractional_subunit,1.643112237694158,0.03807204484648798,1.0,0.005179638774147965,0.0010448962553978593,5.747036638738852e-07,5.844200144519267e-07,44.73266398286234
Frac. RD (space),2.0,0,library_only_noise,0.9169125,fractional_subunit,1.6633385990771326,0.0015935509248698352,1.0,0.005179638774147965,0.0010448962553978593,5.747036638738852e-07,5.844200144519267e-07,44.73266398286234
Frac. RD (space),2.0,0,clean,0.9194,fractional_subunit,1.6592220332656409,0.0014742654335930055,1.0,0.005209282701776671,0.001021805914967765,5.755335343743494e-07,5.852317892250989e-07,44.98799442325104
Frac. RD (space),2.0,0,fully_noisy,0.9194,fractional_subunit,1.643578088102119,0.03873462574012107,1.0,0.005209282701776671,0.001021805914967765,5.755335343743494e-07,5.852317892250989e-07,44.98799442325104
Frac. RD (space),2.0,0,clean_initial_slice,0.9194,fractional_subunit,1.6596738049416107,0.03760302077568946,1.0,0.005209282701776671,0.001021805914967765,5.755335343743494e-07,5.852317892250989e-07,44.98799442325104
Frac. RD (space),2.0,0,target_only_noise,0.9194,fractional_subunit,1.643134853596617,0.03834591995522744,1.0,0.005209282701776671,0.001021805914967765,5.755335343743494e-07,5.852317892250989e-07,44.98799442325104
Frac. RD (space),2.0,0,library_only_noise,0.9194,fractional_subunit,1.6632144266582622,0.0015065341428583006,1.0,0.005209282701776671,0.001021805914967765,5.755335343743494e-07,5.852317892250989e-07,44.98799442325104
Frac. RD (space),2.0,0,clean,0.9218875,fractional_subunit,1.6591043580590559,0.0013888978945617182,1.0,0.005239226255650972,0.0009987355334068841,5.763639558567586e-07,5.860465940495472e-07,45.24585234433703
Frac. RD (space),2.0,0,fully_noisy,0.9218875,fractional_subunit,1.6436439135320395,0.039011379492872325,1.0,0.005239226255650972,0.0009987355334068841,5.763639558567586e-07,5.860465940495472e-07,45.24585234433703
Frac. RD (space),2.0,0,clean_initial_slice,0.9218875,fractional_subunit,1.6593184811213197,0.03793059897601244,1.0,0.005239226255650972,0.0009987355334068841,5.763639558567586e-07,5.860465940495472e-07,45.24585234433703
Frac. RD (space),2.0,0,target_only_noise,0.9218875,fractional_subunit,1.643156940000037,0.03862612294150985,1.0,0.005239226255650972,0.0009987355334068841,5.763639558567586e-07,5.860465940495472e-07,45.24585234433703
Frac. RD (space),2.0,0,library_only_noise,0.9218875,fractional_subunit,1.663090173282791,0.001422165618621528,1.0,0.005239226255650972,0.0009987355334068841,5.763639558567586e-07,5.860465940495472e-07,45.24585234433703
Frac. RD (space),2.0,0,clean,0.924375,fractional_subunit,1.6589825463662837,0.0013056031931544673,1.0,0.005269812605691877,0.0009753447941358307,5.771718210876021e-07,5.868419644225811e-07,45.50624509196441
Frac. RD (space),2.0,0,fully_noisy,0.924375,fractional_subunit,1.6437039627414873,0.03930089152404698,1.0,0.005269812605691877,0.0009753447941358307,5.771718210876021e-07,5.868419644225811e-07,45.50624509196441
Frac. RD (space),2.0,0,clean_initial_slice,0.924375,fractional_subunit,1.6589533008381852,0.038270275194872486,1.0,0.005269812605691877,0.0009753447941358307,5.771718210876021e-07,5.868419644225811e-07,45.50624509196441
Frac. RD (space),2.0,0,target_only_noise,0.924375,fractional_subunit,1.6431719768616881,0.03891919649830897,1.0,0.005269812605691877,0.0009753447941358307,5.771718210876021e-07,5.868419644225811e-07,45.50624509196441
Frac. RD (space),2.0,0,library_only_noise,0.924375,fractional_subunit,1.6629617494360502,0.0013398761490879413,1.0,0.005269812605691877,0.0009753447941358307,5.771718210876021e-07,5.868419644225811e-07,45.50624509196441
Frac. RD (space),2.0,0,clean,0.9268625,fractional_subunit,1.6588609223834427,0.0012250147892537717,1.0,0.005300677326379618,0.0009520025793706376,5.77981788152217e-07,5.87641982924905e-07,45.769179913796684
Frac. RD (space),2.0,0,fully_noisy,0.9268625,fractional_subunit,1.6437638796738123,0.03959644929011321,1.0,0.005300677326379618,0.0009520025793706376,5.77981788152217e-07,5.87641982924905e-07,45.769179913796684
Frac. RD (space),2.0,0,clean_initial_slice,0.9268625,fractional_subunit,1.6585884561611677,0.03861461386645971,1.0,0.005300677326379618,0.0009520025793706376,5.77981788152217e-07,5.87641982924905e-07,45.769179913796684
Frac. RD (space),2.0,0,target_only_noise,0.9268625,fractional_subunit,1.643186932760525,0.03921831396553123,1.0,0.005300677326379618,0.0009520025793706376,5.77981788152217e-07,5.87641982924905e-07,45.769179913796684
Frac. RD (space),2.0,0,library_only_noise,0.9268625,fractional_subunit,1.6628335217275532,0.001260291644394544,1.0,0.005300677326379618,0.0009520025793706376,5.77981788152217e-07,5.87641982924905e-07,45.769179913796684
Frac. RD (space),2.0,0,clean,0.92935,fractional_subunit,1.658739481613244,0.001147122425606311,1.0,0.005331815937957784,0.0009287122059816403,5.787938336710335e-07,5.884466269226262e-07,46.034663960588674
Frac. RD (space),2.0,0,fully_noisy,0.92935,fractional_subunit,1.6438236593322115,0.0398980317356772,1.0,0.005331815937957784,0.0009287122059816403,5.787938336710335e-07,5.884466269226262e-07,46.034663960588674
Frac. RD (space),2.0,0,clean_initial_slice,0.92935,fractional_subunit,1.6582239370593508,0.038963596222624505,1.0,0.005331815937957784,0.0009287122059816403,5.787938336710335e-07,5.884466269226262e-07,46.034663960588674
Frac. RD (space),2.0,0,target_only_noise,0.92935,fractional_subunit,1.6432018013412353,0.03952345432176619,1.0,0.005331815937957784,0.0009287122059816403,5.787938336710335e-07,5.884466269226262e-07,46.034663960588674
Frac. RD (space),2.0,0,library_only_noise,0.92935,fractional_subunit,1.6627054856009966,0.0011834018491406694,1.0,0.005331815937957784,0.0009287122059816403,5.787938336710335e-07,5.884466269226262e-07,46.034663960588674
Frac. RD (space),2.0,0,clean,0.9318375,fractional_subunit,1.6586135594473297,0.0010713398789618284,1.0,0.005363634296080243,0.0009050865320242979,5.795812456236548e-07,5.892300915252408e-07,46.30270428744307
Frac. RD (space),2.0,0,fully_noisy,0.9318375,fractional_subunit,1.6438771575293953,0.040213308829350425,1.0,0.005363634296080243,0.0009050865320242979,5.795812456236548e-07,5.892300915252408e-07,46.30270428744307
Frac. RD (space),2.0,0,clean_initial_slice,0.9318375,fractional_subunit,1.6578487717971175,0.03932557605465857,1.0,0.005363634296080243,0.0009050865320242979,5.795812456236548e-07,5.892300915252408e-07,46.30270428744307
Frac. RD (space),2.0,0,target_only_noise,0.9318375,fractional_subunit,1.6432090034240625,0.03984241120406626,1.0,0.005363634296080243,0.0009050865320242979,5.795812456236548e-07,5.892300915252408e-07,46.30270428744307
Frac. RD (space),2.0,0,library_only_noise,0.9318375,fractional_subunit,1.662572931679273,0.001108628460052063,1.0,0.005363634296080243,0.0009050865320242979,5.795812456236548e-07,5.892300915252408e-07,46.30270428744307
Frac. RD (space),2.0,0,clean,0.9343250000000001,fractional_subunit,1.6584878246081112,0.0009982716173844175,1.0,0.005395727880833126,0.0008815204078999484,5.803707460165893e-07,5.90018301525028e-07,46.573307855049336
Frac. RD (space),2.0,0,fully_noisy,0.9343250000000001,fractional_subunit,1.6439305306611522,0.04053476256877712,1.0,0.005395727880833126,0.0008815204078999484,5.803707460165893e-07,5.90018301525028e-07,46.573307855049336
Frac. RD (space),2.0,0,clean_initial_slice,0.9343250000000001,fractional_subunit,1.657473929751808,0.03969231934535575,1.0,0.005395727880833126,0.0008815204078999484,5.803707460165893e-07,5.90018301525028e-07,46.573307855049336
Frac. RD (space),2.0,0,target_only_noise,0.9343250000000001,fractional_subunit,1.6432161308357915,0.04016754270852258,1.0,0.005395727880833126,0.0008815204078999484,5.803707460165893e-07,5.90018301525028e-07,46.573307855049336
Frac. RD (space),2.0,0,library_only_noise,0.9343250000000001,fractional_subunit,1.6624405731928473,0.0010365680425495918,1.0,0.005395727880833126,0.0008815204078999484,5.803707460165893e-07,5.90018301525028e-07,46.573307855049336
Frac. RD (space),2.0,0,clean,0.9368125,fractional_subunit,1.6583622766662423,0.0009279081298691509,1.0,0.005428091810387499,0.0008580187403642483,5.811623348498374e-07,5.90811256921988e-07,46.84648153090287
Frac. RD (space),2.0,0,fully_noisy,0.9368125,fractional_subunit,1.6439837790044969,0.04086236458767374,1.0,0.005428091810387499,0.0008580187403642483,5.811623348498374e-07,5.90811256921988e-07,46.84648153090287
Frac. RD (space),2.0,0,clean_initial_slice,0.9368125,fractional_subunit,1.657099413020441,0.04006379956320627,1.0,0.005428091810387499,0.0008580187403642483,5.811623348498374e-07,5.90811256921988e-07,46.84648153090287
Frac. RD (space),2.0,0,target_only_noise,0.9368125,fractional_subunit,1.643223183844866,0.04049882039073968,1.0,0.005428091810387499,0.0008580187403642483,5.811623348498374e-07,5.90811256921988e-07,46.84648153090287
Frac. RD (space),2.0,0,library_only_noise,0.9368125,fractional_subunit,1.6623084097168304,0.0009672110803797592,1.0,0.005428091810387499,0.0008580187403642483,5.811623348498374e-07,5.90811256921988e-07,46.84648153090287
Frac. RD (space),2.0,0,clean,0.9393,fractional_subunit,1.6582324426833848,0.0008597598640239889,1.0,0.005461125060483377,0.0008342158553574546,5.819303049654542e-07,5.915842918551996e-07,47.122232090502926
Frac. RD (space),2.0,0,fully_noisy,0.9393,fractional_subunit,1.6440309521905667,0.041203730158244266,1.0,0.005461125060483377,0.0008342158553574546,5.819303049654542e-07,5.915842918551996e-07,47.122232090502926
Frac. RD (space),2.0,0,clean_initial_slice,0.9393,fractional_subunit,1.6567147303915803,0.040448225920309146,1.0,0.005461125060483377,0.0008342158553574546,5.819303049654542e-07,5.915842918551996e-07,47.122232090502926
Frac. RD (space),2.0,0,target_only_noise,0.9393,fractional_subunit,1.6432228308840988,0.040843978738038966,1.0,0.005461125060483377,0.0008342158553574546,5.819303049654542e-07,5.915842918551996e-07,47.122232090502926
Frac. RD (space),2.0,0,library_only_noise,0.9393,fractional_subunit,1.6621719266062935,0.0009000753807894374,1.0,0.005461125060483377,0.0008342158553574546,5.819303049654542e-07,5.915842918551996e-07,47.122232090502926
Frac. RD (space),2.0,0,clean,0.9417875,fractional_subunit,1.658102520468371,0.0007943037920538663,1.0,0.005494454648035867,0.0008104650347877136,5.826987708812953e-07,5.92360654717145e-07,47.40056621852658
Frac. RD (space),2.0,0,fully_noisy,0.9417875,fractional_subunit,1.6440776409497921,0.04155187106276185,1.0,0.005494454648035867,0.0008104650347877136,5.826987708812953e-07,5.92360654717145e-07,47.40056621852658
Frac. RD (space),2.0,0,clean_initial_slice,0.9417875,fractional_subunit,1.6563297142673574,0.04083802141688804,1.0,0.005494454648035867,0.0008104650347877136,5.826987708812953e-07,5.92360654717145e-07,47.40056621852658
Frac. RD (space),2.0,0,target_only_noise,0.9417875,fractional_subunit,1.6432219580737948,0.041195917512903156,1.0,0.005494454648035867,0.0008104650347877136,5.826987708812953e-07,5.92360654717145e-07,47.40056621852658
Frac. RD (space),2.0,0,library_only_noise,0.9417875,fractional_subunit,1.6620353604256373,0.00083563103292589,1.0,0.005494454648035867,0.0008104650347877136,5.826987708812953e-07,5.92360654717145e-07,47.40056621852658
Frac. RD (space),2.0,0,clean,0.944275,fractional_subunit,1.6579727843304677,0.0007315612019288527,1.0,0.005528051165552718,0.0007867958311985043,5.83469312086043e-07,5.931418643165715e-07,47.68149050997785
Frac. RD (space),2.0,0,fully_noisy,0.944275,fractional_subunit,1.6441242114475156,0.04190629486244949,1.0,0.005528051165552718,0.0007867958311985043,5.83469312086043e-07,5.931418643165715e-07,47.68149050997785
Frac. RD (space),2.0,0,clean_initial_slice,0.944275,fractional_subunit,1.6559450083916218,0.0412326581958738,1.0,0.005528051165552718,0.0007867958311985043,5.83469312086043e-07,5.931418643165715e-07,47.68149050997785
Frac. RD (space),2.0,0,target_only_noise,0.944275,fractional_subunit,1.643221016375701,0.041554136863812326,1.0,0.005528051165552718,0.0007867958311985043,5.83469312086043e-07,5.931418643165715e-07,47.68149050997785
Frac. RD (space),2.0,0,library_only_noise,0.944275,fractional_subunit,1.6618989881805113,0.0007738988677440692,1.0,0.005528051165552718,0.0007867958311985043,5.83469312086043e-07,5.931418643165715e-07,47.68149050997785
Frac. RD (space),2.0,0,clean,0.9467625,fractional_subunit,1.6578389739582386,0.0006711315877700289,1.0,0.005562303417143052,0.0007628660623093629,5.842173539636207e-07,5.939045024611153e-07,47.96501147130932
Frac. RD (space),2.0,0,fully_noisy,0.9467625,fractional_subunit,1.6441649415096296,0.04227450280648058,1.0,0.005562303417143052,0.0007628660623093629,5.842173539636207e-07,5.939045024611153e-07,47.96501147130932
Frac. RD (space),2.0,0,clean_initial_slice,0.9467625,fractional_subunit,1.6555506552686832,0.04164014469384095,1.0,0.005562303417143052,0.0007628660623093629,5.842173539636207e-07,5.939045024611153e-07,47.96501147130932
Frac. RD (space),2.0,0,target_only_noise,0.9467625,fractional_subunit,1.6432129630883179,0.04192625217147143,1.0,0.005562303417143052,0.0007628660623093629,5.842173539636207e-07,5.939045024611153e-07,47.96501147130932
Frac. RD (space),2.0,0,library_only_noise,0.9467625,fractional_subunit,1.6617585108214947,0.0007144851690057603,1.0,0.005562303417143052,0.0007628660623093629,5.842173539636207e-07,5.939045024611153e-07,47.96501147130932
Frac. RD (space),2.0,0,clean,0.94925,fractional_subunit,1.6577047862250793,0.0006133799086238384,1.0,0.005596875274461251,0.0007389868115181985,5.849642131894187e-07,5.946689936449905e-07,48.25113552151506
Frac. RD (space),2.0,0,fully_noisy,0.94925,fractional_subunit,1.644204802758656,0.04265014385679403,1.0,0.005596875274461251,0.0007389868115181985,5.849642131894187e-07,5.946689936449905e-07,48.25113552151506
Frac. RD (space),2.0,0,clean_initial_slice,0.94925,fractional_subunit,1.6551552840168284,0.042053658622544086,1.0,0.005596875274461251,0.0007389868115181985,5.849642131894187e-07,5.946689936449905e-07,48.25113552151506
Frac. RD (space),2.0,0,target_only_noise,0.94925,fractional_subunit,1.643203914924575,0.04230581320366704,1.0,0.005596875274461251,0.0007389868115181985,5.849642131894187e-07,5.946689936449905e-07,48.25113552151506
Frac. RD (space),2.0,0,library_only_noise,0.94925,fractional_subunit,1.661617658582261,0.0006577490272073432,1.0,0.005596875274461251,0.0007389868115181985,5.849642131894187e-07,5.946689936449905e-07,48.25113552151506
Frac. RD (space),2.0,0,clean,0.9517375,fractional_subunit,1.657570783570196,0.0005583509319379802,1.0,0.005631710452005112,0.0007152138927804127,5.857131348311914e-07,5.954384371027753e-07,48.539868993193146
Frac. RD (space),2.0,0,fully_noisy,0.9517375,fractional_subunit,1.6442445515709296,0.04303220682797858,1.0,0.005631710452005112,0.0007152138927804127,5.857131348311914e-07,5.954384371027753e-07,48.539868993193146
Frac. RD (space),2.0,0,clean_initial_slice,0.9517375,fractional_subunit,1.6547602086675084,0.04247212212065052,1.0,0.005631710452005112,0.0007152138927804127,5.857131348311914e-07,5.954384371027753e-07,48.539868993193146
Frac. RD (space),2.0,0,target_only_noise,0.9517375,fractional_subunit,1.6431948026522778,0.042691793604510204,1.0,0.005631710452005112,0.0007152138927804127,5.857131348311914e-07,5.954384371027753e-07,48.539868993193146
Frac. RD (space),2.0,0,library_only_noise,0.9517375,fractional_subunit,1.6614769988054008,0.0006037343088385762,1.0,0.005631710452005112,0.0007152138927804127,5.857131348311914e-07,5.954384371027753e-07,48.539868993193146
Frac. RD (space),2.0,0,clean,0.954225,fractional_subunit,1.6574314128611194,0.0005057241905152895,1.0,0.005667185374992406,0.0006912301651700029,5.864407353164527e-07,5.961907028063731e-07,48.83121813357605
Frac. RD (space),2.0,0,fully_noisy,0.954225,fractional_subunit,1.6442787124619656,0.04342803801636078,1.0,0.005667185374992406,0.0006912301651700029,5.864407353164527e-07,5.961907028063731e-07,48.83121813357605
Frac. RD (space),2.0,0,clean_initial_slice,0.954225,fractional_subunit,1.6543560184860877,0.042903307197392014,1.0,0.005667185374992406,0.0006912301651700029,5.864407353164527e-07,5.961907028063731e-07,48.83121813357605
Frac. RD (space),2.0,0,target_only_noise,0.954225,fractional_subunit,1.6431788939313976,0.04309164840927853,1.0,0.005667185374992406,0.0006912301651700029,5.864407353164527e-07,5.961907028063731e-07,48.83121813357605
Frac. RD (space),2.0,0,library_only_noise,0.954225,fractional_subunit,1.6613324565934233,0.0005521267779646518,1.0,0.005667185374992406,0.0006912301651700029,5.864407353164527e-07,5.961907028063731e-07,48.83121813357605
Frac. RD (space),2.0,0,clean,0.9567125,fractional_subunit,1.6572929048648513,0.0004557692443765286,1.0,0.0057030049576404845,0.0006673055134386789,5.871654114026109e-07,5.969433123627439e-07,49.125189105527376
Frac. RD (space),2.0,0,fully_noisy,0.9567125,fractional_subunit,1.6443116003744183,0.04383201414160104,1.0,0.0057030049576404845,0.0006673055134386789,5.871654114026109e-07,5.969433123627439e-07,49.125189105527376
Frac. RD (space),2.0,0,clean_initial_slice,0.9567125,fractional_subunit,1.653950107807606,0.043341224713062676,1.0,0.0057030049576404845,0.0006673055134386789,5.871654114026109e-07,5.969433123627439e-07,49.125189105527376
Frac. RD (space),2.0,0,target_only_noise,0.9567125,fractional_subunit,1.64316149198986,0.043499668592906236,1.0,0.0057030049576404845,0.0006673055134386789,5.871654114026109e-07,5.969433123627439e-07,49.125189105527376
Frac. RD (space),2.0,0,library_only_noise,0.9567125,fractional_subunit,1.6611872384592992,0.0005031911136484554,1.0,0.0057030049576404845,0.0006673055134386789,5.871654114026109e-07,5.969433123627439e-07,49.125189105527376
Frac. RD (space),2.0,0,clean,0.9592,fractional_subunit,1.657154571325468,0.00040854675263603984,1.0,0.005739084083694108,0.0006435240237911604,5.878921373482132e-07,5.977009840500628e-07,49.421787988503525
Frac. RD (space),2.0,0,fully_noisy,0.9592,fractional_subunit,1.6443443809487137,0.044242555652033486,1.0,0.005739084083694108,0.0006435240237911604,5.878921373482132e-07,5.977009840500628e-07,49.421787988503525
Frac. RD (space),2.0,0,clean_initial_slice,0.9592,fractional_subunit,1.6535444773285206,0.04378420408876484,1.0,0.005739084083694108,0.0006435240237911604,5.878921373482132e-07,5.977009840500628e-07,49.421787988503525
Frac. RD (space),2.0,0,target_only_noise,0.9592,fractional_subunit,1.6431440297666091,0.04391425135947481,1.0,0.005739084083694108,0.0006435240237911604,5.878921373482132e-07,5.977009840500628e-07,49.421787988503525
Frac. RD (space),2.0,0,library_only_noise,0.9592,fractional_subunit,1.661042210898852,0.0004569866454061746,1.0,0.005739084083694108,0.0006435240237911604,5.878921373482132e-07,5.977009840500628e-07,49.421787988503525
Frac. RD (space),2.0,0,clean,0.9616875,fractional_subunit,1.657012611780638,0.0003638074735072566,1.0,0.0057757846196133875,0.0006195961722299658,5.885987800757119e-07,5.98442916221763e-07,49.72102077947897
Frac. RD (space),2.0,0,fully_noisy,0.9616875,fractional_subunit,1.6443718440995208,0.044666811393141596,1.0,0.0057757846196133875,0.0006195961722299658,5.885987800757119e-07,5.98442916221763e-07,49.72102077947897
Frac. RD (space),2.0,0,clean_initial_slice,0.9616875,fractional_subunit,1.6531302800412169,0.04423974399865894,1.0,0.0057757846196133875,0.0006195961722299658,5.885987800757119e-07,5.98442916221763e-07,49.72102077947897
Frac. RD (space),2.0,0,target_only_noise,0.9616875,fractional_subunit,1.6431201072363653,0.04434264858860576,1.0,0.0057757846196133875,0.0006195961722299658,5.885987800757119e-07,5.98442916221763e-07,49.72102077947897
Frac. RD (space),2.0,0,library_only_noise,0.9616875,fractional_subunit,1.6608935317935767,0.0004132698168000405,1.0,0.0057757846196133875,0.0006195961722299658,5.885987800757119e-07,5.98442916221763e-07,49.72102077947897
Frac. RD (space),2.0,0,clean,0.964175,fractional_subunit,1.656869669009655,0.0003217417181788437,1.0,0.005812856631051274,0.0005957527992507401,5.893006925158506e-07,5.991836492830723e-07,50.022893393833854
Frac. RD (space),2.0,0,fully_noisy,0.964175,fractional_subunit,1.6443976100771938,0.04509997957931009,1.0,0.005812856631051274,0.0005957527992507401,5.893006925158506e-07,5.991836492830723e-07,50.022893393833854
Frac. RD (space),2.0,0,clean_initial_slice,0.964175,fractional_subunit,1.6527136422343676,0.04470276944700201,1.0,0.005812856631051274,0.0005957527992507401,5.893006925158506e-07,5.991836492830723e-07,50.022893393833854
Frac. RD (space),2.0,0,target_only_noise,0.964175,fractional_subunit,1.6430941695273031,0.044779986826969216,1.0,0.005812856631051274,0.0005957527992507401,5.893006925158506e-07,5.991836492830723e-07,50.022893393833854
Frac. RD (space),2.0,0,library_only_noise,0.964175,fractional_subunit,1.6607438664424419,0.00037222701699459154,1.0,0.005812856631051274,0.0005957527992507401,5.893006925158506e-07,5.991836492830723e-07,50.022893393833854
Frac. RD (space),2.0,0,clean,0.9666625,fractional_subunit,1.656726907276904,0.00028241871956911923,1.0,0.0058501842689965885,0.0005721096554717779,5.900046426147776e-07,5.999295587780549e-07,50.32741166620216
Frac. RD (space),2.0,0,fully_noisy,0.9666625,fractional_subunit,1.6444232731037245,0.0455398610701169,1.0,0.0058501842689965885,0.0005721096554717779,5.900046426147776e-07,5.999295587780549e-07,50.32741166620216
Frac. RD (space),2.0,0,clean_initial_slice,0.9666625,fractional_subunit,1.6522972674926917,0.045170973115890606,1.0,0.0058501842689965885,0.0005721096554717779,5.900046426147776e-07,5.999295587780549e-07,50.32741166620216
Frac. RD (space),2.0,0,target_only_noise,0.9666625,fractional_subunit,1.6430681744841424,0.04522403529943521,1.0,0.0058501842689965885,0.0005721096554717779,5.900046426147776e-07,5.999295587780549e-07,50.32741166620216
Frac. RD (space),2.0,0,library_only_noise,0.9666625,fractional_subunit,1.6605943893214439,0.00033392573687405786,1.0,0.0058501842689965885,0.0005721096554717779,5.900046426147776e-07,5.999295587780549e-07,50.32741166620216
Frac. RD (space),2.0,0,clean,0.96915,fractional_subunit,1.6565807561904797,0.0002456518592497402,1.0,0.005888112694866361,0.0005484093821677489,5.906898081783916e-07,6.006612113450378e-07,50.63458135127975
Frac. RD (space),2.0,0,fully_noisy,0.96915,fractional_subunit,1.6444439071945853,0.04599336316819626,1.0,0.005888112694866361,0.0005484093821677489,5.906898081783916e-07,6.006612113450378e-07,50.63458135127975
Frac. RD (space),2.0,0,clean_initial_slice,0.96915,fractional_subunit,1.65187288953425,0.04565154215560437,1.0,0.005888112694866361,0.0005484093821677489,5.906898081783916e-07,6.006612113450378e-07,50.63458135127975
Frac. RD (space),2.0,0,target_only_noise,0.96915,fractional_subunit,1.64303607647324,0.04568179832299492,1.0,0.005888112694866361,0.0005484093821677489,5.906898081783916e-07,6.006612113450378e-07,50.63458135127975
Frac. RD (space),2.0,0,library_only_noise,0.96915,fractional_subunit,1.6604414998091308,0.00029818451027999854,1.0,0.005888112694866361,0.0005484093821677489,5.906898081783916e-07,6.006612113450378e-07,50.63458135127975
Frac. RD (space),2.0,0,clean,0.9716374999999999,fractional_subunit,1.6564333047624822,0.00021156785039697063,1.0,0.005926441143857183,0.0005248482302564479,5.913683725987094e-07,6.013900886106322e-07,50.94440812459113
Frac. RD (space),2.0,0,fully_noisy,0.9716374999999999,fractional_subunit,1.6444623998799746,0.04645660250968639,1.0,0.005926441143857183,0.0005248482302564479,5.913683725987094e-07,6.013900886106322e-07,50.94440812459113
Frac. RD (space),2.0,0,clean_initial_slice,0.9716374999999999,fractional_subunit,1.6514453334189843,0.04614039930464472,1.0,0.005926441143857183,0.0005248482302564479,5.913683725987094e-07,6.013900886106322e-07,50.94440812459113
Frac. RD (space),2.0,0,target_only_noise,0.9716374999999999,fractional_subunit,1.6430014173904268,0.046149335573293544,1.0,0.005926441143857183,0.0005248482302564479,5.913683725987094e-07,6.013900886106322e-07,50.94440812459113
Frac. RD (space),2.0,0,library_only_noise,0.9716374999999999,fractional_subunit,1.660287304368927,0.00026512705785474496,1.0,0.005926441143857183,0.0005248482302564479,5.913683725987094e-07,6.013900886106322e-07,50.94440812459113
Frac. RD (space),2.0,0,clean,0.974125,fractional_subunit,1.656286031956644,0.00018023747062278182,1.0,0.005965021188340743,0.0005015796913368685,5.920489628741003e-07,6.021242611837561e-07,51.256897583213366
Frac. RD (space),2.0,0,fully_noisy,0.974125,fractional_subunit,1.644480793217686,0.046926707533378055,1.0,0.005965021188340743,0.0005015796913368685,5.920489628741003e-07,6.021242611837561e-07,51.256897583213366
Frac. RD (space),2.0,0,clean_initial_slice,0.974125,fractional_subunit,1.6510180217864574,0.046634555164365966,1.0,0.005965021188340743,0.0005015796913368685,5.920489628741003e-07,6.021242611837561e-07,51.256897583213366
Frac. RD (space),2.0,0,target_only_noise,0.974125,fractional_subunit,1.6429667031922428,0.04662373514730386,1.0,0.005965021188340743,0.0005015796913368685,5.920489628741003e-07,6.021242611837561e-07,51.256897583213366
Frac. RD (space),2.0,0,library_only_noise,0.974125,fractional_subunit,1.660133294374204,0.00023482201935431672,1.0,0.005965021188340743,0.0005015796913368685,5.920489628741003e-07,6.021242611837561e-07,51.256897583213366
Frac. RD (space),2.0,0,clean,0.9766125,fractional_subunit,1.6561356146095432,0.00015152835045787973,1.0,0.006004179177868554,0.00047838702355518855,5.927121290055773e-07,6.028457035429761e-07,51.57205524645633
Frac. RD (space),2.0,0,fully_noisy,0.9766125,fractional_subunit,1.6444944642039616,0.04741029829158984,1.0,0.006004179177868554,0.00047838702355518855,5.927121290055773e-07,6.028457035429761e-07,51.57205524645633
Frac. RD (space),2.0,0,clean_initial_slice,0.9766125,fractional_subunit,1.6505832858879008,0.04714084586893422,1.0,0.006004179177868554,0.00047838702355518855,5.927121290055773e-07,6.028457035429761e-07,51.57205524645633
Frac. RD (space),2.0,0,target_only_noise,0.9766125,fractional_subunit,1.6429262644271627,0.04711170777476754,1.0,0.006004179177868554,0.00047838702355518855,5.927121290055773e-07,6.028457035429761e-07,51.57205524645633
Frac. RD (space),2.0,0,library_only_noise,0.9766125,fractional_subunit,1.659976119426791,0.00020714165804302202,1.0,0.006004179177868554,0.00047838702355518855,5.927121290055773e-07,6.028457035429761e-07,51.57205524645633
Frac. RD (space),2.0,0,clean,0.9791,fractional_subunit,1.6559835704553938,0.00012551872147372552,1.0,0.006043767433288558,0.0004554410509484719,5.933667573637387e-07,6.035627617560619e-07,51.8898865564988
Frac. RD (space),2.0,0,fully_noisy,0.9791,fractional_subunit,1.6445055293076027,0.0479045099795684,1.0,0.006043767433288558,0.0004554410509484719,5.933667573637387e-07,6.035627617560619e-07,51.8898865564988
Frac. RD (space),2.0,0,clean_initial_slice,0.9791,fractional_subunit,1.6501446167248246,0.04765627810551601,1.0,0.006043767433288558,0.0004554410509484719,5.933667573637387e-07,6.035627617560619e-07,51.8898865564988
Frac. RD (space),2.0,0,target_only_noise,0.9791,fractional_subunit,1.6428826948471131,0.04761034702922332,1.0,0.006043767433288558,0.0004554410509484719,5.933667573637387e-07,6.035627617560619e-07,51.8898865564988
Frac. RD (space),2.0,0,library_only_noise,0.9791,fractional_subunit,1.659817309485719,0.00018216211154531488,1.0,0.006043767433288558,0.0004554410509484719,5.933667573637387e-07,6.035627617560619e-07,51.8898865564988
Frac. RD (space),2.0,0,clean,0.9815875000000001,fractional_subunit,1.6558317019436013,0.00010227418423277151,1.0,0.006083603163805921,0.00043294438714246646,5.940234002128986e-07,6.04285238847233e-07,52.210396878978315
Frac. RD (space),2.0,0,fully_noisy,0.9815875000000001,fractional_subunit,1.6445164979056965,0.04840574417341432,1.0,0.006083603163805921,0.00043294438714246646,5.940234002128986e-07,6.04285238847233e-07,52.210396878978315
Frac. RD (space),2.0,0,clean_initial_slice,0.9815875000000001,fractional_subunit,1.6497061719548625,0.04817713372479799,1.0,0.006083603163805921,0.00043294438714246646,5.940234002128986e-07,6.04285238847233e-07,52.210396878978315
Frac. RD (space),2.0,0,target_only_noise,0.9815875000000001,fractional_subunit,1.6428390711689265,0.04811600512193388,1.0,0.006083603163805921,0.00043294438714246646,5.940234002128986e-07,6.04285238847233e-07,52.210396878978315
Frac. RD (space),2.0,0,library_only_noise,0.9815875000000001,fractional_subunit,1.6596586817045975,0.00015994646411519875,1.0,0.006083603163805921,0.00043294438714246646,5.940234002128986e-07,6.04285238847233e-07,52.210396878978315
Frac. RD (space),2.0,0,clean,0.984075,fractional_subunit,1.6556769420950483,8.170848893384523e-05,1.0,0.006123991845345529,0.0004107371119870943,5.946640419686821e-07,6.049965563104369e-07,52.53359150353509
Frac. RD (space),2.0,0,fully_noisy,0.984075,fractional_subunit,1.644523068954389,0.048920286335720646,1.0,0.006123991845345529,0.0004107371119870943,5.946640419686821e-07,6.049965563104369e-07,52.53359150353509
Frac. RD (space),2.0,0,clean_initial_slice,0.984075,fractional_subunit,1.6492608971318288,0.04870985703007203,1.0,0.006123991845345529,0.0004107371119870943,5.946640419686821e-07,6.049965563104369e-07,52.53359150353509
Frac. RD (space),2.0,0,target_only_noise,0.984075,fractional_subunit,1.6427901230516702,0.04863505153724062,1.0,0.006123991845345529,0.0004107371119870943,5.946640419686821e-07,6.049965563104369e-07,52.53359150353509
Frac. RD (space),2.0,0,library_only_noise,0.984075,fractional_subunit,1.6594971447384106,0.00014041259332611973,1.0,0.006123991845345529,0.0004107371119870943,5.946640419686821e-07,6.049965563104369e-07,52.53359150353509
Frac. RD (space),2.0,0,clean,0.9865625,fractional_subunit,1.655520219480165,6.386593040564126e-05,1.0,0.006164842687802355,0.0003889833019174042,5.952941427625382e-07,6.057018487250844e-07,52.85947564430848
Frac. RD (space),2.0,0,fully_noisy,0.9865625,fractional_subunit,1.6445265493884695,0.04944639357666283,1.0,0.006164842687802355,0.0003889833019174042,5.952941427625382e-07,6.057018487250844e-07,52.85947564430848
Frac. RD (space),2.0,0,clean_initial_slice,0.9865625,fractional_subunit,1.6488109165646836,0.04925262751683335,1.0,0.006164842687802355,0.0003889833019174042,5.952941427625382e-07,6.057018487250844e-07,52.85947564430848
Frac. RD (space),2.0,0,target_only_noise,0.9865625,fractional_subunit,1.6427374501770375,0.04916571773393922,1.0,0.006164842687802355,0.0003889833019174042,5.952941427625382e-07,6.057018487250844e-07,52.85947564430848
Frac. RD (space),2.0,0,library_only_noise,0.9865625,fractional_subunit,1.6593336342997433,0.0001236035664249994,1.0,0.006164842687802355,0.0003889833019174042,5.952941427625382e-07,6.057018487250844e-07,52.85947564430848
Frac. RD (space),2.0,0,clean,0.98905,fractional_subunit,1.6553636690202633,4.880053748837017e-05,1.0,0.006205936818947527,0.00036795602615145753,5.959262471673395e-07,6.064126884105055e-07,53.18805444038534
Frac. RD (space),2.0,0,fully_noisy,0.98905,fractional_subunit,1.6445299351542781,0.04997968456463081,1.0,0.006205936818947527,0.00036795602615145753,5.959262471673395e-07,6.064126884105055e-07,53.18805444038534
Frac. RD (space),2.0,0,clean_initial_slice,0.98905,fractional_subunit,1.6483611387062231,0.049800950283955335,1.0,0.006205936818947527,0.00036795602615145753,5.959262471673395e-07,6.064126884105055e-07,53.18805444038534
Frac. RD (space),2.0,0,target_only_noise,0.98905,fractional_subunit,1.6426847231582893,0.04970356367817124,1.0,0.006205936818947527,0.00036795602615145753,5.959262471673395e-07,6.064126884105055e-07,53.18805444038534
Frac. RD (space),2.0,0,library_only_noise,0.98905,fractional_subunit,1.6591703022111524,0.00010957053554352397,1.0,0.006205936818947527,0.00036795602615145753,5.959262471673395e-07,6.064126884105055e-07,53.18805444038534
Frac. RD (space),2.0,0,clean,0.9915375,fractional_subunit,1.655204488880156,3.646431386734016e-05,1.0,0.006247556829721051,0.00034758255706749893,5.965438371240271e-07,6.071139826411507e-07,53.51933295619958
Frac. RD (space),2.0,0,fully_noisy,0.9915375,fractional_subunit,1.6445292665216327,0.05052606119036098,1.0,0.006247556829721051,0.00034758255706749893,5.965438371240271e-07,6.071139826411507e-07,53.51933295619958
Frac. RD (space),2.0,0,clean_initial_slice,0.9915375,fractional_subunit,1.6479051401044043,0.05036083565125612,1.0,0.006247556829721051,0.00034758255706749893,5.965438371240271e-07,6.071139826411507e-07,53.51933295619958
Frac. RD (space),2.0,0,target_only_noise,0.9915375,fractional_subunit,1.642627093214414,0.05025456830706377,1.0,0.006247556829721051,0.00034758255706749893,5.965438371240271e-07,6.071139826411507e-07,53.51933295619958
Frac. RD (space),2.0,0,library_only_noise,0.9915375,fractional_subunit,1.6590043250555033,9.826914120643687e-05,1.0,0.006247556829721051,0.00034758255706749893,5.965438371240271e-07,6.071139826411507e-07,53.51933295619958
Frac. RD (space),2.0,0,clean,0.9940249999999999,fractional_subunit,1.6550430004451815,2.6881552650946686e-05,1.0,0.006289672499496774,0.00032805559266404913,5.971488156106787e-07,6.078075794774622e-07,53.85331618188208
Frac. RD (space),2.0,0,fully_noisy,0.9940249999999999,fractional_subunit,1.6445250020547997,0.051085009047647005,1.0,0.006289672499496774,0.00032805559266404913,5.971488156106787e-07,6.078075794774622e-07,53.85331618188208
Frac. RD (space),2.0,0,clean_initial_slice,0.9940249999999999,fractional_subunit,1.6474436460626203,0.05093172743920375,1.0,0.006289672499496774,0.00032805559266404913,5.971488156106787e-07,6.078075794774622e-07,53.85331618188208
Frac. RD (space),2.0,0,target_only_noise,0.9940249999999999,fractional_subunit,1.6425651202269795,0.05081820816340662,1.0,0.006289672499496774,0.00032805559266404913,5.971488156106787e-07,6.078075794774622e-07,53.85331618188208
Frac. RD (space),2.0,0,library_only_noise,0.9940249999999999,fractional_subunit,1.6588360264869442,8.972328174364313e-05,1.0,0.006289672499496774,0.00032805559266404913,5.971488156106787e-07,6.078075794774622e-07,53.85331618188208
Frac. RD (space),2.0,0,clean,0.9965125,fractional_subunit,1.654881680160505,2.008866366885236e-05,1.0,0.006332027227430888,0.0003097533314481936,5.977557873583525e-07,6.085068569243826e-07,54.190009033560756
Frac. RD (space),2.0,0,fully_noisy,0.9965125,fractional_subunit,1.644520643971981,0.051651306263725744,1.0,0.006332027227430888,0.0003097533314481936,5.977557873583525e-07,6.085068569243826e-07,54.190009033560756
Frac. RD (space),2.0,0,clean_initial_slice,0.9965125,fractional_subunit,1.6469823313765413,0.05150830466495919,1.0,0.006332027227430888,0.0003097533314481936,5.977557873583525e-07,6.085068569243826e-07,54.190009033560756
Frac. RD (space),2.0,0,target_only_noise,0.9965125,fractional_subunit,1.6425030918666206,0.05138919302273051,1.0,0.006332027227430888,0.0003097533314481936,5.977557873583525e-07,6.085068569243826e-07,54.190009033560756
Frac. RD (space),2.0,0,library_only_noise,0.9965125,fractional_subunit,1.6586679019457187,8.396614862243073e-05,1.0,0.006332027227430888,0.0003097533314481936,5.977557873583525e-07,6.085068569243826e-07,54.190009033560756
Frac. RD (space),2.0,0,clean,0.999,fractional_subunit,1.6547190744754983,1.607242018127686e-05,1.0,0.006374767800807081,0.0002928080693400058,5.983561629368991e-07,6.09204023792575e-07,54.52941635360938
Frac. RD (space),2.0,0,fully_noisy,0.999,fractional_subunit,1.6445141276609225,0.052228088604536954,1.0,0.006374767800807081,0.0002928080693400058,5.983561629368991e-07,6.09204023792575e-07,54.52941635360938
Frac. RD (space),2.0,0,clean_initial_slice,0.999,fractional_subunit,1.6465178699649572,0.05209374247960171,1.0,0.006374767800807081,0.0002928080693400058,5.983561629368991e-07,6.09204023792575e-07,54.52941635360938
Frac. RD (space),2.0,0,target_only_noise,0.999,fractional_subunit,1.6424384811274197,0.05197069865145985,1.0,0.006374767800807081,0.0002928080693400058,5.983561629368991e-07,6.09204023792575e-07,54.52941635360938
Frac. RD (space),2.0,0,library_only_noise,0.999,fractional_subunit,1.6584984869195785,8.098635400666032e-05,1.0,0.006374767800807081,0.0002928080693400058,5.983561629368991e-07,6.09204023792575e-07,54.52941635360938
Frac. RD (space),2.0,0,clean,1.0,integer,1.6523508522529187,1.4750142492897094e-05,1.0,0.0063652851544431085,0.0003360412842474785,5.981765082524574e-07,6.082748063038246e-07,54.44439739465885
Frac. RD (space),2.0,0,fully_noisy,1.0,integer,1.6449375322741486,0.05210163593090511,1.0,0.0063652851544431085,0.0003360412842474785,5.981765082524574e-07,6.082748063038246e-07,54.44439739465885
Frac. RD (space),2.0,0,clean_initial_slice,1.0,integer,1.647079684809822,0.05199569114886493,1.0,0.0063652851544431085,0.0003360412842474785,5.981765082524574e-07,6.082748063038246e-07,54.44439739465885
Frac. RD (space),2.0,0,target_only_noise,1.0,integer,1.6416127617223806,0.051960528644303686,1.0,0.0063652851544431085,0.0003360412842474785,5.981765082524574e-07,6.082748063038246e-07,54.44439739465885
Frac. RD (space),2.0,0,library_only_noise,1.0,integer,1.6561214794729124,8.00313223044955e-05,1.0,0.0063652851544431085,0.0003360412842474785,5.981765082524574e-07,6.082748063038246e-07,54.44439739465885
Frac. RD (space),2.0,0,clean,1.001,fractional_superunit,2.0999957614371403,0.49668985222517376,1.0,0.24991503679218488,0.34344053149987663,3.355295495431486e-09,4.155323004540467e-05,3257.0544404454995
Frac. RD (space),2.0,0,fully_noisy,1.001,fractional_superunit,0.35271634414884456,0.8697123787762845,1.0,0.24991503679218488,0.34344053149987663,3.355295495431486e-09,4.155323004540467e-05,3257.0544404454995
Frac. RD (space),2.0,0,clean_initial_slice,1.001,fractional_superunit,0.22753875395319434,0.34178621309811213,1.0,0.24991503679218488,0.34344053149987663,3.355295495431486e-09,4.155323004540467e-05,3257.0544404454995
Frac. RD (space),2.0,0,target_only_noise,1.001,fractional_superunit,0.34865261997128183,0.8699736512607991,1.0,0.24991503679218488,0.34344053149987663,3.355295495431486e-09,4.155323004540467e-05,3257.0544404454995
Frac. RD (space),2.0,0,library_only_noise,1.001,fractional_superunit,2.0999957614371403,0.4971096529758959,1.0,0.24991503679218488,0.34344053149987663,3.355295495431486e-09,4.155323004540467e-05,3257.0544404454995
Frac. RD (space),2.0,0,clean,1.0088421052631578,fractional_superunit,2.0999957614371403,0.49542596431213193,1.0,0.25037194290345816,0.3441024774955791,3.4010869991004938e-09,4.170521408356445e-05,3262.995123137814
Frac. RD (space),2.0,0,fully_noisy,1.0088421052631578,fractional_superunit,0.35355154357002666,0.8697137520138531,1.0,0.25037194290345816,0.3441024774955791,3.4010869991004938e-09,4.170521408356445e-05,3262.995123137814
Frac. RD (space),2.0,0,clean_initial_slice,1.0088421052631578,fractional_superunit,0.22793320750670584,0.3415603463172211,1.0,0.25037194290345816,0.3441024774955791,3.4010869991004938e-09,4.170521408356445e-05,3262.995123137814
Frac. RD (space),2.0,0,target_only_noise,1.0088421052631578,fractional_superunit,0.3494833394923786,0.8699747057195436,1.0,0.25037194290345816,0.3441024774955791,3.4010869991004938e-09,4.170521408356445e-05,3262.995123137814
Frac. RD (space),2.0,0,library_only_noise,1.0088421052631578,fractional_superunit,2.0999957614371403,0.49585489076533934,1.0,0.25037194290345816,0.3441024774955791,3.4010869991004938e-09,4.170521408356445e-05,3262.995123137814
Frac. RD (space),2.0,0,clean,1.0166842105263156,fractional_superunit,2.0999957614371403,0.4941633432374411,1.0,0.2508139304384677,0.34474428840632515,3.4472877200196192e-09,4.185252993092865e-05,3268.7101663165936
Frac. RD (space),2.0,0,fully_noisy,1.0166842105263156,fractional_superunit,0.3543875099307735,0.8697201372528176,1.0,0.2508139304384677,0.34474428840632515,3.4472877200196192e-09,4.185252993092865e-05,3268.7101663165936
Frac. RD (space),2.0,0,clean_initial_slice,1.0166842105263156,fractional_superunit,0.22832864771869493,0.3413485468152865,1.0,0.2508139304384677,0.34474428840632515,3.4472877200196192e-09,4.185252993092865e-05,3268.7101663165936
Frac. RD (space),2.0,0,target_only_noise,1.0166842105263156,fractional_superunit,0.3503147440976589,0.8699807667099981,1.0,0.2508139304384677,0.34474428840632515,3.4472877200196192e-09,4.185252993092865e-05,3268.7101663165936
Frac. RD (space),2.0,0,library_only_noise,1.0166842105263156,fractional_superunit,2.0999957614371403,0.49460141408978847,1.0,0.2508139304384677,0.34474428840632515,3.4472877200196192e-09,4.185252993092865e-05,3268.7101663165936
Frac. RD (space),2.0,0,clean,1.0245263157894735,fractional_superunit,2.0999957614371403,0.4928992609923359,1.0,0.25123834442483556,0.34536233735358585,3.493903769192527e-09,4.1994261923241794e-05,3274.1951647899036
Frac. RD (space),2.0,0,fully_noisy,1.0245263157894735,fractional_superunit,0.3552245691310554,0.8697317975656084,1.0,0.25123834442483556,0.34536233735358585,3.493903769192527e-09,4.1994261923241794e-05,3274.1951647899036
Frac. RD (space),2.0,0,clean_initial_slice,1.0245263157894735,fractional_superunit,0.2287284073391418,0.3411506876169275,1.0,0.25123834442483556,0.34536233735358585,3.493903769192527e-09,4.1994261923241794e-05,3274.1951647899036
Frac. RD (space),2.0,0,target_only_noise,1.0245263157894735,fractional_superunit,0.35114575294089084,0.8699920976005925,1.0,0.25123834442483556,0.34536233735358585,3.493903769192527e-09,4.1994261923241794e-05,3274.1951647899036
Frac. RD (space),2.0,0,library_only_noise,1.0245263157894735,fractional_superunit,2.0999957614371403,0.49334651128359247,1.0,0.25123834442483556,0.34536233735358585,3.493903769192527e-09,4.1994261923241794e-05,3274.1951647899036
Frac. RD (space),2.0,0,clean,1.0323684210526314,fractional_superunit,2.0999957614371403,0.4916337676063757,1.0,0.2516448466795652,0.3459561523180711,3.5409341411490833e-09,4.213026731411652e-05,3279.445662009861
Frac. RD (space),2.0,0,fully_noisy,1.0323684210526314,fractional_superunit,0.3560620411796591,0.8697488174110207,1.0,0.2516448466795652,0.3459561523180711,3.5409341411490833e-09,4.213026731411652e-05,3279.445662009861
Frac. RD (space),2.0,0,clean_initial_slice,1.0323684210526314,fractional_superunit,0.22912630153348693,0.3409669017436996,1.0,0.2516448466795652,0.3459561523180711,3.5409341411490833e-09,4.213026731411652e-05,3279.445662009861
Frac. RD (space),2.0,0,target_only_noise,1.0323684210526314,fractional_superunit,0.3519779833059376,0.8700087831030993,1.0,0.2516448466795652,0.3459561523180711,3.5409341411490833e-09,4.213026731411652e-05,3279.445662009861
Frac. RD (space),2.0,0,library_only_noise,1.0323684210526314,fractional_superunit,2.0999957614371403,0.49209023219528086,1.0,0.2516448466795652,0.3459561523180711,3.5409341411490833e-09,4.213026731411652e-05,3279.445662009861
Frac. RD (space),2.0,0,clean,1.0402105263157893,fractional_superunit,2.0999957614371403,0.4903669140726333,1.0,0.2520330953142406,0.3465252554300689,3.5883776933947445e-09,4.2260402605994935e-05,3284.4571497633215
Frac. RD (space),2.0,0,fully_noisy,1.0402105263157893,fractional_superunit,0.356900952363689,0.8697712827394998,1.0,0.2520330953142406,0.3465252554300689,3.5883776933947445e-09,4.2260402605994935e-05,3284.4571497633215
Frac. RD (space),2.0,0,clean_initial_slice,1.0402105263157893,fractional_superunit,0.22952654703906689,0.34079732216330944,1.0,0.2520330953142406,0.3465252554300689,3.5883776933947445e-09,4.2260402605994935e-05,3284.4571497633215
Frac. RD (space),2.0,0,target_only_noise,1.0402105263157893,fractional_superunit,0.3528120397881949,0.870030909431306,1.0,0.2520330953142406,0.3465252554300689,3.5883776933947445e-09,4.2260402605994935e-05,3284.4571497633215
Frac. RD (space),2.0,0,library_only_noise,1.0402105263157893,fractional_superunit,2.0999957614371403,0.4908326276295543,1.0,0.2520330953142406,0.3465252554300689,3.5883776933947445e-09,4.2260402605994935e-05,3284.4571497633215
Frac. RD (space),2.0,0,clean,1.0480526315789473,fractional_superunit,2.0999957614371403,0.4890987523642208,1.0,0.252402744728795,0.3470691629168305,3.6362331434029763e-09,4.238452361872093e-05,3289.22506787487
Frac. RD (space),2.0,0,fully_noisy,1.0480526315789473,fractional_superunit,0.35774106490841395,0.8697992810575791,1.0,0.252402744728795,0.3470691629168305,3.6362331434029763e-09,4.238452361872093e-05,3289.22506787487
Frac. RD (space),2.0,0,clean_initial_slice,1.0480526315789473,fractional_superunit,0.2299282713121301,0.3406420818015847,1.0,0.252402744728795,0.3470691629168305,3.6362331434029763e-09,4.238452361872093e-05,3289.22506787487
Frac. RD (space),2.0,0,target_only_noise,1.0480526315789473,fractional_superunit,0.35364523330089187,0.8700585643656406,1.0,0.252402744728795,0.3470691629168305,3.6362331434029763e-09,4.238452361872093e-05,3289.22506787487
Frac. RD (space),2.0,0,library_only_noise,1.0480526315789473,fractional_superunit,2.0999957614371403,0.4895737493636173,1.0,0.252402744728795,0.3470691629168305,3.6362331434029763e-09,4.238452361872093e-05,3289.22506787487
Frac. RD (space),2.0,0,clean,1.0558947368421052,fractional_superunit,2.0999957614371403,0.48782933543508744,1.0,0.2527534456072955,0.3475873850503277,3.6844990656593834e-09,4.250248556170822e-05,3293.744803923112
Frac. RD (space),2.0,0,fully_noisy,1.0558947368421052,fractional_superunit,0.3585797775808572,0.8698329014965885,1.0,0.2527534456072955,0.3475873850503277,3.6844990656593834e-09,4.250248556170822e-05,3293.744803923112
Frac. RD (space),2.0,0,clean_initial_slice,1.0558947368421052,fractional_superunit,0.23033145340651787,0.3405013135657168,1.0,0.2527534456072955,0.3475873850503277,3.6844990656593834e-09,4.250248556170822e-05,3293.744803923112
Frac. RD (space),2.0,0,target_only_noise,1.0558947368421052,fractional_superunit,0.354478925308846,0.8700918373221153,1.0,0.2527534456072955,0.3475873850503277,3.6844990656593834e-09,4.250248556170822e-05,3293.744803923112
Frac. RD (space),2.0,0,library_only_noise,1.0558947368421052,fractional_superunit,2.0999957614371403,0.4883136501479053,1.0,0.2527534456072955,0.3475873850503277,3.6844990656593834e-09,4.250248556170822e-05,3293.744803923112
Frac. RD (space),2.0,0,clean,1.063736842105263,fractional_superunit,2.0999957614371403,0.48655871723766797,1.0,0.25308484491589245,0.3480794260954411,3.733173888635658e-09,4.2614143109844175e-05,3298.011692971394
Frac. RD (space),2.0,0,fully_noisy,1.063736842105263,fractional_superunit,0.35942283142956905,0.8698722348851459,1.0,0.25308484491589245,0.3480794260954411,3.733173888635658e-09,4.2614143109844175e-05,3298.011692971394
Frac. RD (space),2.0,0,clean_initial_slice,1.063736842105263,fractional_superunit,0.2307360707051082,0.3403751503696874,1.0,0.25308484491589245,0.3480794260954411,3.733173888635658e-09,4.2614143109844175e-05,3298.011692971394
Frac. RD (space),2.0,0,target_only_noise,1.063736842105263,fractional_superunit,0.35531297182037014,0.8701308194255246,1.0,0.25308484491589245,0.3480794260954411,3.733173888635658e-09,4.2614143109844175e-05,3298.011692971394
Frac. RD (space),2.0,0,library_only_noise,1.063736842105263,fractional_superunit,2.0999957614371403,0.48705238372353926,1.0,0.25308484491589245,0.3480794260954411,3.733173888635658e-09,4.2614143109844175e-05,3298.011692971394
Frac. RD (space),2.0,0,clean,1.071578947368421,fractional_superunit,2.0999957614371403,0.4852869527309738,1.0,0.25339658590308084,0.3485447842586398,3.782255891745847e-09,4.2719350483245544e-05,3302.02101731402
Frac. RD (space),2.0,0,fully_noisy,1.071578947368421,fractional_superunit,0.364131885176021,0.8699173504755512,1.0,0.25339658590308084,0.3485447842586398,3.782255891745847e-09,4.2719350483245544e-05,3302.02101731402
Frac. RD (space),2.0,0,clean_initial_slice,1.071578947368421,fractional_superunit,0.23114209893985502,0.3402637251657346,1.0,0.25339658590308084,0.3485447842586398,3.782255891745847e-09,4.2719350483245544e-05,3302.02101731402
Frac. RD (space),2.0,0,target_only_noise,1.071578947368421,fractional_superunit,0.356146722196093,0.8701756035873612,1.0,0.25339658590308084,0.3485447842586398,3.782255891745847e-09,4.2719350483245544e-05,3302.02101731402
Frac. RD (space),2.0,0,library_only_noise,1.071578947368421,fractional_superunit,2.0999957614371403,0.4857900048303634,1.0,0.25339658590308084,0.3485447842586398,3.782255891745847e-09,4.2719350483245544e-05,3302.02101731402
Frac. RD (space),2.0,0,clean,1.0794210526315788,fractional_superunit,2.0999957614371403,0.4840140978892019,1.0,0.253688308102439,0.3489829516372149,3.831743202288542e-09,4.281796153099444e-05,3305.7680062392456
Frac. RD (space),2.0,0,fully_noisy,1.0794210526315788,fractional_superunit,0.3650531396146921,0.8699681234808024,1.0,0.253688308102439,0.3489829516372149,3.831743202288542e-09,4.281796153099444e-05,3305.7680062392456
Frac. RD (space),2.0,0,clean_initial_slice,1.0794210526315788,fractional_superunit,0.23154951395153117,0.3401671709817981,1.0,0.253688308102439,0.3489829516372149,3.831743202288542e-09,4.281796153099444e-05,3305.7680062392456
Frac. RD (space),2.0,0,target_only_noise,1.0794210526315788,fractional_superunit,0.3569811669297432,0.8702262845887081,1.0,0.253688308102439,0.3489829516372149,3.831743202288542e-09,4.281796153099444e-05,3305.7680062392456
Frac. RD (space),2.0,0,library_only_noise,1.0794210526315788,fractional_superunit,2.0999957614371403,0.48452656921537696,1.0,0.253688308102439,0.3489829516372149,3.831743202288542e-09,4.281796153099444e-05,3305.7680062392456
Frac. RD (space),2.0,0,clean,1.0872631578947367,fractional_superunit,2.0999957614371403,0.4827402097067647,1.0,0.2539596473380177,0.349393414169134,3.881633792405383e-09,4.2909829818987456e-05,3309.2478358102344
Frac. RD (space),2.0,0,fully_noisy,1.0872631578947367,fractional_superunit,0.3659769749038102,0.8700248901477744,1.0,0.2539596473380177,0.349393414169134,3.881633792405383e-09,4.2909829818987456e-05,3309.2478358102344
Frac. RD (space),2.0,0,clean_initial_slice,1.0872631578947367,fractional_superunit,0.2319582962925983,0.3400856209655991,1.0,0.2539596473380177,0.349393414169134,3.881633792405383e-09,4.2909829818987456e-05,3309.2478358102344
Frac. RD (space),2.0,0,target_only_noise,1.0872631578947367,fractional_superunit,0.35781604817456325,0.8702829591685354,1.0,0.2539596473380177,0.349393414169134,3.881633792405383e-09,4.2909829818987456e-05,3309.2478358102344
Frac. RD (space),2.0,0,library_only_noise,1.0872631578947367,fractional_superunit,2.0999957614371403,0.48326213363766013,1.0,0.2539596473380177,0.349393414169134,3.881633792405383e-09,4.2909829818987456e-05,3309.2478358102344
Frac. RD (space),2.0,0,clean,1.0951052631578946,fractional_superunit,2.0999957614371403,0.48146534621695913,1.0,0.25421023573256013,0.3497756515835862,3.931925475935015e-09,4.2994808722040373e-05,3312.455628665416
Frac. RD (space),2.0,0,fully_noisy,1.0951052631578946,fractional_superunit,0.3668979561679575,0.8700877489978792,1.0,0.25421023573256013,0.3497756515835862,3.931925475935015e-09,4.2994808722040373e-05,3312.455628665416
Frac. RD (space),2.0,0,clean_initial_slice,1.0951052631578946,fractional_superunit,0.23236840393202246,0.3400192084356725,1.0,0.25421023573256013,0.3497756515835862,3.931925475935015e-09,4.2994808722040373e-05,3312.455628665416
Frac. RD (space),2.0,0,target_only_noise,1.0951052631578946,fractional_superunit,0.35864866608464535,0.8703457261175246,1.0,0.25421023573256013,0.3497756515835862,3.931925475935015e-09,4.2994808722040373e-05,3312.455628665416
Frac. RD (space),2.0,0,library_only_noise,1.0951052631578946,fractional_superunit,2.0999957614371403,0.4819967558869006,1.0,0.25421023573256013,0.3497756515835862,3.931925475935015e-09,4.2994808722040373e-05,3312.455628665416
Frac. RD (space),2.0,0,clean,1.1029473684210525,fractional_superunit,2.0999957614371403,0.480189566494318,1.0,0.25443970171875047,0.35012913735228995,3.9826159053379685e-09,4.3072751520371084e-05,3315.3864538395574
Frac. RD (space),2.0,0,fully_noisy,1.1029473684210525,fractional_superunit,0.3678209444140433,0.8701568006940781,1.0,0.25443970171875047,0.35012913735228995,3.9826159053379685e-09,4.3072751520371084e-05,3315.3864538395574
Frac. RD (space),2.0,0,clean_initial_slice,1.1029473684210525,fractional_superunit,0.23277980485493208,0.33996806694054676,1.0,0.25443970171875047,0.35012913735228995,3.9826159053379685e-09,4.3072751520371084e-05,3315.3864538395574
Frac. RD (space),2.0,0,target_only_noise,1.1029473684210525,fractional_superunit,0.35948468978414794,0.8704146863776159,1.0,0.25443970171875047,0.35012913735228995,3.9826159053379685e-09,4.3072751520371084e-05,3315.3864538395574
Frac. RD (space),2.0,0,library_only_noise,1.1029473684210525,fractional_superunit,2.0999957614371403,0.4807304947855996,1.0,0.25443970171875047,0.35012913735228995,3.9826159053379685e-09,4.3072751520371084e-05,3315.3864538395574
Frac. RD (space),2.0,0,clean,1.1107894736842103,fractional_superunit,2.0999957614371403,0.47891293067203067,1.0,0.2546476700536961,0.3504533386416393,4.033702568514633e-09,4.3143511500619106e-05,3318.035326607151
Frac. RD (space),2.0,0,fully_noisy,1.1107894736842103,fractional_superunit,0.36874522499390716,0.8702321481462443,1.0,0.2546476700536961,0.3504533386416393,4.033702568514633e-09,4.3143511500619106e-05,3318.035326607151
Frac. RD (space),2.0,0,clean_initial_slice,1.1107894736842103,fractional_superunit,0.23319246462191312,0.33993233032613657,1.0,0.2546476700536961,0.3504533386416393,4.033702568514633e-09,4.3143511500619106e-05,3318.035326607151
Frac. RD (space),2.0,0,target_only_noise,1.1107894736842103,fractional_superunit,0.36412722919996443,0.8704899125047189,1.0,0.2546476700536961,0.3504533386416393,4.033702568514633e-09,4.3143511500619106e-05,3318.035326607151
Frac. RD (space),2.0,0,library_only_noise,1.1107894736842103,fractional_superunit,2.0999957614371403,0.47946341020639816,1.0,0.2546476700536961,0.3504533386416393,4.033702568514633e-09,4.3143511500619106e-05,3318.035326607151
Frac. RD (space),2.0,0,clean,1.1186315789473684,fractional_superunit,2.0999957614371403,0.47763549993942034,1.0,0.25483376183686324,0.3507477162657693,4.085182785704529e-09,4.320694206152622e-05,3320.3972083496146
Frac. RD (space),2.0,0,fully_noisy,1.1186315789473684,fractional_superunit,0.36966665417768485,0.870313896624131,1.0,0.25483376183686324,0.3507477162657693,4.085182785704529e-09,4.320694206152622e-05,3320.3972083496146
Frac. RD (space),2.0,0,clean_initial_slice,1.1186315789473684,fractional_superunit,0.23360634673860753,0.3399121328128186,1.0,0.25483376183686324,0.3507477162657693,4.085182785704529e-09,4.320694206152622e-05,3320.3972083496146
Frac. RD (space),2.0,0,target_only_noise,1.1186315789473684,fractional_superunit,0.3650394750247129,0.8705713123162752,1.0,0.25483376183686324,0.3507477162657693,4.085182785704529e-09,4.320694206152622e-05,3320.3972083496146
Frac. RD (space),2.0,0,library_only_noise,1.1186315789473684,fractional_superunit,2.0999957614371403,0.4781955630693694,1.0,0.25483376183686324,0.3507477162657693,4.085182785704529e-09,4.320694206152622e-05,3320.3972083496146
Frac. RD (space),2.0,0,clean,1.1264736842105263,fractional_superunit,2.0999957614371403,0.47635733656129653,1.0,0.25499759453170096,0.3510117246406207,4.137053706309003e-09,4.326289682444275e-05,3322.46700644806
Frac. RD (space),2.0,0,fully_noisy,1.1264736842105263,fractional_superunit,0.3705892342686283,0.8704021538782484,1.0,0.25499759453170096,0.3510117246406207,4.137053706309003e-09,4.326289682444275e-05,3322.46700644806
Frac. RD (space),2.0,0,clean_initial_slice,1.1264736842105263,fractional_superunit,0.2340214119967432,0.33990760908244155,1.0,0.25499759453170096,0.3510117246406207,4.137053706309003e-09,4.326289682444275e-05,3322.46700644806
Frac. RD (space),2.0,0,target_only_noise,1.1264736842105263,fractional_superunit,0.36595302953063386,0.8706592198829985,1.0,0.25499759453170096,0.3510117246406207,4.137053706309003e-09,4.326289682444275e-05,3322.46700644806
Frac. RD (space),2.0,0,library_only_noise,1.1264736842105263,fractional_superunit,2.0999957614371403,0.4769270153612665,1.0,0.25499759453170096,0.3510117246406207,4.137053706309003e-09,4.326289682444275e-05,3322.46700644806
Frac. RD (space),2.0,0,clean,1.1343157894736842,fractional_superunit,2.0999957614371403,0.4750785038901568,1.0,0.25513878199120354,0.35124481173909483,4.189312305629659e-09,4.331122974880996e-05,3324.2395742033427
Frac. RD (space),2.0,0,fully_noisy,1.1343157894736842,fractional_superunit,0.3715125941137277,0.8704970302670374,1.0,0.25513878199120354,0.35124481173909483,4.189312305629659e-09,4.331122974880996e-05,3324.2395742033427
Frac. RD (space),2.0,0,clean_initial_slice,1.1343157894736842,fractional_superunit,0.23443761867870833,0.3399188943764362,1.0,0.25513878199120354,0.35124481173909483,4.189312305629659e-09,4.331122974880996e-05,3324.2395742033427
Frac. RD (space),2.0,0,target_only_noise,1.1343157894736842,fractional_superunit,0.3668625859812989,0.870753745981623,1.0,0.25513878199120354,0.35124481173909483,4.189312305629659e-09,4.331122974880996e-05,3324.2395742033427
Frac. RD (space),2.0,0,library_only_noise,1.1343157894736842,fractional_superunit,2.0999957614371403,0.475657830147622,1.0,0.25513878199120354,0.35124481173909483,4.189312305629659e-09,4.331122974880996e-05,3324.2395742033427
Frac. RD (space),2.0,0,clean,1.142157894736842,fractional_superunit,2.0999957614371403,0.473799066353604,1.0,0.25525693448767417,0.35144641904738283,4.24195538184097e-09,4.335179525273829e-05,3325.709710785302
Frac. RD (space),2.0,0,fully_noisy,1.142157894736842,fractional_superunit,0.3724327273284988,0.8705986388940985,1.0,0.25525693448767417,0.35144641904738283,4.24195538184097e-09,4.335179525273829e-05,3325.709710785302
Frac. RD (space),2.0,0,clean_initial_slice,1.142157894736842,fractional_superunit,0.23485492243581393,0.33994612460649704,1.0,0.25525693448767417,0.35144641904738283,4.24195538184097e-09,4.335179525273829e-05,3325.709710785302
Frac. RD (space),2.0,0,target_only_noise,1.142157894736842,fractional_superunit,0.3677729955152609,0.8708550041495654,1.0,0.25525693448767417,0.35144641904738283,4.24195538184097e-09,4.335179525273829e-05,3325.709710785302
Frac. RD (space),2.0,0,library_only_noise,1.142157894736842,fractional_superunit,2.0999957614371403,0.4743880715599196,1.0,0.25525693448767417,0.35144641904738283,4.24195538184097e-09,4.335179525273829e-05,3325.709710785302
Frac. RD (space),2.0,0,clean,1.15,fractional_superunit,2.0999957614371403,0.47251908949663346,1.0,0.2553516587469728,0.35161598152256945,4.294979552574477e-09,4.338444833890425e-05,3326.872161213191
Frac. RD (space),2.0,0,fully_noisy,1.15,fractional_superunit,0.3733553463642164,0.8707070957529844,1.0,0.2553516587469728,0.35161598152256945,4.294979552574477e-09,4.338444833890425e-05,3326.872161213191
Frac. RD (space),2.0,0,clean_initial_slice,1.15,fractional_superunit,0.2352732758661439,0.33998943647779056,1.0,0.2553516587469728,0.35161598152256945,4.294979552574477e-09,4.338444833890425e-05,3326.872161213191
Frac. RD (space),2.0,0,target_only_noise,1.15,fractional_superunit,0.3686813954315827,0.8709631108296878,1.0,0.2553516587469728,0.35161598152256945,4.294979552574477e-09,4.338444833890425e-05,3326.872161213191
Frac. RD (space),2.0,0,library_only_noise,1.15,fractional_superunit,2.0999957614371403,0.47311780483787186,1.0,0.2553516587469728,0.35161598152256945,4.294979552574477e-09,4.338444833890425e-05,3326.872161213191
Frac. RD (time-space),0.0,0,clean,0.65,fractional_subunit,1.5564193764565708,0.007072680337285507,0.82,0.0,0.0,3.8874379867907e-06,3.8874379867907e-06,13.277509049022544
Frac. RD (time-space),0.0,0,fully_noisy,0.65,fractional_subunit,1.5564193764565708,0.007072680337285507,0.82,0.0,0.0,3.8874379867907e-06,3.8874379867907e-06,13.277509049022544
Frac. RD (time-space),0.0,0,clean_initial_slice,0.65,fractional_subunit,1.5564193764565708,0.007072680337285507,0.82,0.0,0.0,3.8874379867907e-06,3.8874379867907e-06,13.277509049022544
Frac. RD (time-space),0.0,0,target_only_noise,0.65,fractional_subunit,1.5564193764565708,0.007072680337285507,0.82,0.0,0.0,3.8874379867907e-06,3.8874379867907e-06,13.277509049022544
Frac. RD (time-space),0.0,0,library_only_noise,0.65,fractional_subunit,1.5564193764565708,0.007072680337285507,0.82,0.0,0.0,3.8874379867907e-06,3.8874379867907e-06,13.277509049022544
Frac. RD (time-space),0.0,0,clean,0.6543625000000001,fractional_subunit,1.556315686158974,0.006737160776148575,0.82,0.0,0.0,3.863087783941366e-06,3.863087783941366e-06,13.260951070164767
Frac. RD (time-space),0.0,0,fully_noisy,0.6543625000000001,fractional_subunit,1.556315686158974,0.006737160776148575,0.82,0.0,0.0,3.863087783941366e-06,3.863087783941366e-06,13.260951070164767
Frac. RD (time-space),0.0,0,clean_initial_slice,0.6543625000000001,fractional_subunit,1.556315686158974,0.006737160776148575,0.82,0.0,0.0,3.863087783941366e-06,3.863087783941366e-06,13.260951070164767
Frac. RD (time-space),0.0,0,target_only_noise,0.6543625000000001,fractional_subunit,1.556315686158974,0.006737160776148575,0.82,0.0,0.0,3.863087783941366e-06,3.863087783941366e-06,13.260951070164767
Frac. RD (time-space),0.0,0,library_only_noise,0.6543625000000001,fractional_subunit,1.556315686158974,0.006737160776148575,0.82,0.0,0.0,3.863087783941366e-06,3.863087783941366e-06,13.260951070164767
Frac. RD (time-space),0.0,0,clean,0.658725,fractional_subunit,1.556210209833836,0.006408233049979388,0.82,0.0,0.0,3.838804506659066e-06,3.838804506659066e-06,13.2458211967503
Frac. RD (time-space),0.0,0,fully_noisy,0.658725,fractional_subunit,1.556210209833836,0.006408233049979388,0.82,0.0,0.0,3.838804506659066e-06,3.838804506659066e-06,13.2458211967503
Frac. RD (time-space),0.0,0,clean_initial_slice,0.658725,fractional_subunit,1.556210209833836,0.006408233049979388,0.82,0.0,0.0,3.838804506659066e-06,3.838804506659066e-06,13.2458211967503
Frac. RD (time-space),0.0,0,target_only_noise,0.658725,fractional_subunit,1.556210209833836,0.006408233049979388,0.82,0.0,0.0,3.838804506659066e-06,3.838804506659066e-06,13.2458211967503
Frac. RD (time-space),0.0,0,library_only_noise,0.658725,fractional_subunit,1.556210209833836,0.006408233049979388,0.82,0.0,0.0,3.838804506659066e-06,3.838804506659066e-06,13.2458211967503
Frac. RD (time-space),0.0,0,clean,0.6630875,fractional_subunit,1.5560970449029727,0.00608710683527109,0.82,0.0,0.0,3.814512385992123e-06,3.814512385992123e-06,13.232134770685471
Frac. RD (time-space),0.0,0,fully_noisy,0.6630875,fractional_subunit,1.5560970449029727,0.00608710683527109,0.82,0.0,0.0,3.814512385992123e-06,3.814512385992123e-06,13.232134770685471
Frac. RD (time-space),0.0,0,clean_initial_slice,0.6630875,fractional_subunit,1.5560970449029727,0.00608710683527109,0.82,0.0,0.0,3.814512385992123e-06,3.814512385992123e-06,13.232134770685471
Frac. RD (time-space),0.0,0,target_only_noise,0.6630875,fractional_subunit,1.5560970449029727,0.00608710683527109,0.82,0.0,0.0,3.814512385992123e-06,3.814512385992123e-06,13.232134770685471
Frac. RD (time-space),0.0,0,library_only_noise,0.6630875,fractional_subunit,1.5560970449029727,0.00608710683527109,0.82,0.0,0.0,3.814512385992123e-06,3.814512385992123e-06,13.232134770685471
Frac. RD (time-space),0.0,0,clean,0.66745,fractional_subunit,1.5559840557462852,0.005773314836036548,0.82,0.0,0.0,3.7902486910994593e-06,3.7902486910994593e-06,13.2199067737225
Frac. RD (time-space),0.0,0,fully_noisy,0.66745,fractional_subunit,1.5559840557462852,0.005773314836036548,0.82,0.0,0.0,3.7902486910994593e-06,3.7902486910994593e-06,13.2199067737225
Frac. RD (time-space),0.0,0,clean_initial_slice,0.66745,fractional_subunit,1.5559840557462852,0.005773314836036548,0.82,0.0,0.0,3.7902486910994593e-06,3.7902486910994593e-06,13.2199067737225
Frac. RD (time-space),0.0,0,target_only_noise,0.66745,fractional_subunit,1.5559840557462852,0.005773314836036548,0.82,0.0,0.0,3.7902486910994593e-06,3.7902486910994593e-06,13.2199067737225
Frac. RD (time-space),0.0,0,library_only_noise,0.66745,fractional_subunit,1.5559840557462852,0.005773314836036548,0.82,0.0,0.0,3.7902486910994593e-06,3.7902486910994593e-06,13.2199067737225
Frac. RD (time-space),0.0,0,clean,0.6718125,fractional_subunit,1.5558679733317804,0.005466867948736798,0.82,0.0,0.0,3.7660174622198754e-06,3.7660174622198754e-06,13.209151808362485
Frac. RD (time-space),0.0,0,fully_noisy,0.6718125,fractional_subunit,1.5558679733317804,0.005466867948736798,0.82,0.0,0.0,3.7660174622198754e-06,3.7660174622198754e-06,13.209151808362485
Frac. RD (time-space),0.0,0,clean_initial_slice,0.6718125,fractional_subunit,1.5558679733317804,0.005466867948736798,0.82,0.0,0.0,3.7660174622198754e-06,3.7660174622198754e-06,13.209151808362485
Frac. RD (time-space),0.0,0,target_only_noise,0.6718125,fractional_subunit,1.5558679733317804,0.005466867948736798,0.82,0.0,0.0,3.7660174622198754e-06,3.7660174622198754e-06,13.209151808362485
Frac. RD (time-space),0.0,0,library_only_noise,0.6718125,fractional_subunit,1.5558679733317804,0.005466867948736798,0.82,0.0,0.0,3.7660174622198754e-06,3.7660174622198754e-06,13.209151808362485
Frac. RD (time-space),0.0,0,clean,0.676175,fractional_subunit,1.555747285474831,0.005168462146789676,0.82,0.0,0.0,3.7417770014770776e-06,3.7417770014770776e-06,13.199884079053813
Frac. RD (time-space),0.0,0,fully_noisy,0.676175,fractional_subunit,1.555747285474831,0.005168462146789676,0.82,0.0,0.0,3.7417770014770776e-06,3.7417770014770776e-06,13.199884079053813
Frac. RD (time-space),0.0,0,clean_initial_slice,0.676175,fractional_subunit,1.555747285474831,0.005168462146789676,0.82,0.0,0.0,3.7417770014770776e-06,3.7417770014770776e-06,13.199884079053813
Frac. RD (time-space),0.0,0,target_only_noise,0.676175,fractional_subunit,1.555747285474831,0.005168462146789676,0.82,0.0,0.0,3.7417770014770776e-06,3.7417770014770776e-06,13.199884079053813
Frac. RD (time-space),0.0,0,library_only_noise,0.676175,fractional_subunit,1.555747285474831,0.005168462146789676,0.82,0.0,0.0,3.7417770014770776e-06,3.7417770014770776e-06,13.199884079053813
Frac. RD (time-space),0.0,0,clean,0.6805375,fractional_subunit,1.5556246441835915,0.004877035655152427,0.82,0.0,0.0,3.717605904436373e-06,3.717605904436373e-06,13.192117373744946
Frac. RD (time-space),0.0,0,fully_noisy,0.6805375,fractional_subunit,1.5556246441835915,0.004877035655152427,0.82,0.0,0.0,3.717605904436373e-06,3.717605904436373e-06,13.192117373744946
Frac. RD (time-space),0.0,0,clean_initial_slice,0.6805375,fractional_subunit,1.5556246441835915,0.004877035655152427,0.82,0.0,0.0,3.717605904436373e-06,3.717605904436373e-06,13.192117373744946
Frac. RD (time-space),0.0,0,target_only_noise,0.6805375,fractional_subunit,1.5556246441835915,0.004877035655152427,0.82,0.0,0.0,3.717605904436373e-06,3.717605904436373e-06,13.192117373744946
Frac. RD (time-space),0.0,0,library_only_noise,0.6805375,fractional_subunit,1.5556246441835915,0.004877035655152427,0.82,0.0,0.0,3.717605904436373e-06,3.717605904436373e-06,13.192117373744946
Frac. RD (time-space),0.0,0,clean,0.6849000000000001,fractional_subunit,1.5554961918773464,0.004594216448101177,0.82,0.0,0.0,3.6933958817257656e-06,3.6933958817257656e-06,13.185865045850832
Frac. RD (time-space),0.0,0,fully_noisy,0.6849000000000001,fractional_subunit,1.5554961918773464,0.004594216448101177,0.82,0.0,0.0,3.6933958817257656e-06,3.6933958817257656e-06,13.185865045850832
Frac. RD (time-space),0.0,0,clean_initial_slice,0.6849000000000001,fractional_subunit,1.5554961918773464,0.004594216448101177,0.82,0.0,0.0,3.6933958817257656e-06,3.6933958817257656e-06,13.185865045850832
Frac. RD (time-space),0.0,0,target_only_noise,0.6849000000000001,fractional_subunit,1.5554961918773464,0.004594216448101177,0.82,0.0,0.0,3.6933958817257656e-06,3.6933958817257656e-06,13.185865045850832
Frac. RD (time-space),0.0,0,library_only_noise,0.6849000000000001,fractional_subunit,1.5554961918773464,0.004594216448101177,0.82,0.0,0.0,3.6933958817257656e-06,3.6933958817257656e-06,13.185865045850832
Frac. RD (time-space),0.0,0,clean,0.6892625,fractional_subunit,1.5553655804970914,0.004318581361938527,0.82,0.0,0.0,3.6692530423983264e-06,3.6692530423983264e-06,13.181139996691476
Frac. RD (time-space),0.0,0,fully_noisy,0.6892625,fractional_subunit,1.5553655804970914,0.004318581361938527,0.82,0.0,0.0,3.6692530423983264e-06,3.6692530423983264e-06,13.181139996691476
Frac. RD (time-space),0.0,0,clean_initial_slice,0.6892625,fractional_subunit,1.5553655804970914,0.004318581361938527,0.82,0.0,0.0,3.6692530423983264e-06,3.6692530423983264e-06,13.181139996691476
Frac. RD (time-space),0.0,0,target_only_noise,0.6892625,fractional_subunit,1.5553655804970914,0.004318581361938527,0.82,0.0,0.0,3.6692530423983264e-06,3.6692530423983264e-06,13.181139996691476
Frac. RD (time-space),0.0,0,library_only_noise,0.6892625,fractional_subunit,1.5553655804970914,0.004318581361938527,0.82,0.0,0.0,3.6692530423983264e-06,3.6692530423983264e-06,13.181139996691476
Frac. RD (time-space),0.0,0,clean,0.693625,fractional_subunit,1.5552304147610334,0.004051124223050235,0.82,0.0,0.0,3.6451117574434516e-06,3.6451117574434516e-06,13.177954658460774
Frac. RD (time-space),0.0,0,fully_noisy,0.693625,fractional_subunit,1.5552304147610334,0.004051124223050235,0.82,0.0,0.0,3.6451117574434516e-06,3.6451117574434516e-06,13.177954658460774
Frac. RD (time-space),0.0,0,clean_initial_slice,0.693625,fractional_subunit,1.5552304147610334,0.004051124223050235,0.82,0.0,0.0,3.6451117574434516e-06,3.6451117574434516e-06,13.177954658460774
Frac. RD (time-space),0.0,0,target_only_noise,0.693625,fractional_subunit,1.5552304147610334,0.004051124223050235,0.82,0.0,0.0,3.6451117574434516e-06,3.6451117574434516e-06,13.177954658460774
Frac. RD (time-space),0.0,0,library_only_noise,0.693625,fractional_subunit,1.5552304147610334,0.004051124223050235,0.82,0.0,0.0,3.6451117574434516e-06,3.6451117574434516e-06,13.177954658460774
Frac. RD (time-space),0.0,0,clean,0.6979875,fractional_subunit,1.555091635714561,0.0037915333974980043,0.82,0.0,0.0,3.6210008074656583e-06,3.6210008074656583e-06,13.17632097778248
Frac. RD (time-space),0.0,0,fully_noisy,0.6979875,fractional_subunit,1.555091635714561,0.0037915333974980043,0.82,0.0,0.0,3.6210008074656583e-06,3.6210008074656583e-06,13.17632097778248
Frac. RD (time-space),0.0,0,clean_initial_slice,0.6979875,fractional_subunit,1.555091635714561,0.0037915333974980043,0.82,0.0,0.0,3.6210008074656583e-06,3.6210008074656583e-06,13.17632097778248
Frac. RD (time-space),0.0,0,target_only_noise,0.6979875,fractional_subunit,1.555091635714561,0.0037915333974980043,0.82,0.0,0.0,3.6210008074656583e-06,3.6210008074656583e-06,13.17632097778248
Frac. RD (time-space),0.0,0,library_only_noise,0.6979875,fractional_subunit,1.555091635714561,0.0037915333974980043,0.82,0.0,0.0,3.6210008074656583e-06,3.6210008074656583e-06,13.17632097778248
Frac. RD (time-space),0.0,0,clean,0.70235,fractional_subunit,1.5549495841470957,0.0035397369765413954,0.82,0.0,0.0,3.596931034998008e-06,3.596931034998008e-06,13.176250399908751
Frac. RD (time-space),0.0,0,fully_noisy,0.70235,fractional_subunit,1.5549495841470957,0.0035397369765413954,0.82,0.0,0.0,3.596931034998008e-06,3.596931034998008e-06,13.176250399908751
Frac. RD (time-space),0.0,0,clean_initial_slice,0.70235,fractional_subunit,1.5549495841470957,0.0035397369765413954,0.82,0.0,0.0,3.596931034998008e-06,3.596931034998008e-06,13.176250399908751
Frac. RD (time-space),0.0,0,target_only_noise,0.70235,fractional_subunit,1.5549495841470957,0.0035397369765413954,0.82,0.0,0.0,3.596931034998008e-06,3.596931034998008e-06,13.176250399908751
Frac. RD (time-space),0.0,0,library_only_noise,0.70235,fractional_subunit,1.5549495841470957,0.0035397369765413954,0.82,0.0,0.0,3.596931034998008e-06,3.596931034998008e-06,13.176250399908751
Frac. RD (time-space),0.0,0,clean,0.7067125000000001,fractional_subunit,1.554802434871513,0.0032964436888757646,0.82,0.0,0.0,3.572855596877952e-06,3.572855596877952e-06,13.177753853615
Frac. RD (time-space),0.0,0,fully_noisy,0.7067125000000001,fractional_subunit,1.554802434871513,0.0032964436888757646,0.82,0.0,0.0,3.572855596877952e-06,3.572855596877952e-06,13.177753853615
Frac. RD (time-space),0.0,0,clean_initial_slice,0.7067125000000001,fractional_subunit,1.554802434871513,0.0032964436888757646,0.82,0.0,0.0,3.572855596877952e-06,3.572855596877952e-06,13.177753853615
Frac. RD (time-space),0.0,0,target_only_noise,0.7067125000000001,fractional_subunit,1.554802434871513,0.0032964436888757646,0.82,0.0,0.0,3.572855596877952e-06,3.572855596877952e-06,13.177753853615
Frac. RD (time-space),0.0,0,library_only_noise,0.7067125000000001,fractional_subunit,1.554802434871513,0.0032964436888757646,0.82,0.0,0.0,3.572855596877952e-06,3.572855596877952e-06,13.177753853615
Frac. RD (time-space),0.0,0,clean,0.711075,fractional_subunit,1.5546530613544394,0.0030606981780088296,0.82,0.0,0.0,3.548853282537876e-06,3.548853282537876e-06,13.18084173684247
Frac. RD (time-space),0.0,0,fully_noisy,0.711075,fractional_subunit,1.5546530613544394,0.0030606981780088296,0.82,0.0,0.0,3.548853282537876e-06,3.548853282537876e-06,13.18084173684247
Frac. RD (time-space),0.0,0,clean_initial_slice,0.711075,fractional_subunit,1.5546530613544394,0.0030606981780088296,0.82,0.0,0.0,3.548853282537876e-06,3.548853282537876e-06,13.18084173684247
Frac. RD (time-space),0.0,0,target_only_noise,0.711075,fractional_subunit,1.5546530613544394,0.0030606981780088296,0.82,0.0,0.0,3.548853282537876e-06,3.548853282537876e-06,13.18084173684247
Frac. RD (time-space),0.0,0,library_only_noise,0.711075,fractional_subunit,1.5546530613544394,0.0030606981780088296,0.82,0.0,0.0,3.548853282537876e-06,3.548853282537876e-06,13.18084173684247
Frac. RD (time-space),0.0,0,clean,0.7154375000000001,fractional_subunit,1.5544975439300386,0.002833869111461408,0.82,0.0,0.0,3.5248237872490536e-06,3.5248237872490536e-06,13.185523903137604
Frac. RD (time-space),0.0,0,fully_noisy,0.7154375000000001,fractional_subunit,1.5544975439300386,0.002833869111461408,0.82,0.0,0.0,3.5248237872490536e-06,3.5248237872490536e-06,13.185523903137604
Frac. RD (time-space),0.0,0,clean_initial_slice,0.7154375000000001,fractional_subunit,1.5544975439300386,0.002833869111461408,0.82,0.0,0.0,3.5248237872490536e-06,3.5248237872490536e-06,13.185523903137604
Frac. RD (time-space),0.0,0,target_only_noise,0.7154375000000001,fractional_subunit,1.5544975439300386,0.002833869111461408,0.82,0.0,0.0,3.5248237872490536e-06,3.5248237872490536e-06,13.185523903137604
Frac. RD (time-space),0.0,0,library_only_noise,0.7154375000000001,fractional_subunit,1.5544975439300386,0.002833869111461408,0.82,0.0,0.0,3.5248237872490536e-06,3.5248237872490536e-06,13.185523903137604
Frac. RD (time-space),0.0,0,clean,0.7198,fractional_subunit,1.554339397999599,0.0026148357981323027,0.82,0.0,0.0,3.5008619598880962e-06,3.5008619598880962e-06,13.191809648934365
Frac. RD (time-space),0.0,0,fully_noisy,0.7198,fractional_subunit,1.554339397999599,0.0026148357981323027,0.82,0.0,0.0,3.5008619598880962e-06,3.5008619598880962e-06,13.191809648934365
Frac. RD (time-space),0.0,0,clean_initial_slice,0.7198,fractional_subunit,1.554339397999599,0.0026148357981323027,0.82,0.0,0.0,3.5008619598880962e-06,3.5008619598880962e-06,13.191809648934365
Frac. RD (time-space),0.0,0,target_only_noise,0.7198,fractional_subunit,1.554339397999599,0.0026148357981323027,0.82,0.0,0.0,3.5008619598880962e-06,3.5008619598880962e-06,13.191809648934365
Frac. RD (time-space),0.0,0,library_only_noise,0.7198,fractional_subunit,1.554339397999599,0.0026148357981323027,0.82,0.0,0.0,3.5008619598880962e-06,3.5008619598880962e-06,13.191809648934365
Frac. RD (time-space),0.0,0,clean,0.7241625,fractional_subunit,1.5541764599223735,0.0024043714971283495,0.82,0.0,0.0,3.47691173369914e-06,3.47691173369914e-06,13.19970770172242
Frac. RD (time-space),0.0,0,fully_noisy,0.7241625,fractional_subunit,1.5541764599223735,0.0024043714971283495,0.82,0.0,0.0,3.47691173369914e-06,3.47691173369914e-06,13.19970770172242
Frac. RD (time-space),0.0,0,clean_initial_slice,0.7241625,fractional_subunit,1.5541764599223735,0.0024043714971283495,0.82,0.0,0.0,3.47691173369914e-06,3.47691173369914e-06,13.19970770172242
Frac. RD (time-space),0.0,0,target_only_noise,0.7241625,fractional_subunit,1.5541764599223735,0.0024043714971283495,0.82,0.0,0.0,3.47691173369914e-06,3.47691173369914e-06,13.19970770172242
Frac. RD (time-space),0.0,0,library_only_noise,0.7241625,fractional_subunit,1.5541764599223735,0.0024043714971283495,0.82,0.0,0.0,3.47691173369914e-06,3.47691173369914e-06,13.19970770172242
Frac. RD (time-space),0.0,0,clean,0.728525,fractional_subunit,1.5540094404486664,0.002202305519267601,0.82,0.0,0.0,3.452993991341421e-06,3.452993991341421e-06,13.209226209140832
Frac. RD (time-space),0.0,0,fully_noisy,0.728525,fractional_subunit,1.5540094404486664,0.002202305519267601,0.82,0.0,0.0,3.452993991341421e-06,3.452993991341421e-06,13.209226209140832
Frac. RD (time-space),0.0,0,clean_initial_slice,0.728525,fractional_subunit,1.5540094404486664,0.002202305519267601,0.82,0.0,0.0,3.452993991341421e-06,3.452993991341421e-06,13.209226209140832
Frac. RD (time-space),0.0,0,target_only_noise,0.728525,fractional_subunit,1.5540094404486664,0.002202305519267601,0.82,0.0,0.0,3.452993991341421e-06,3.452993991341421e-06,13.209226209140832
Frac. RD (time-space),0.0,0,library_only_noise,0.728525,fractional_subunit,1.5540094404486664,0.002202305519267601,0.82,0.0,0.0,3.452993991341421e-06,3.452993991341421e-06,13.209226209140832
Frac. RD (time-space),0.0,0,clean,0.7328875,fractional_subunit,1.5538389504082464,0.0020085176453521502,0.82,0.0,0.0,3.4291257689961004e-06,3.4291257689961004e-06,13.220372729032967
Frac. RD (time-space),0.0,0,fully_noisy,0.7328875,fractional_subunit,1.5538389504082464,0.0020085176453521502,0.82,0.0,0.0,3.4291257689961004e-06,3.4291257689961004e-06,13.220372729032967
Frac. RD (time-space),0.0,0,clean_initial_slice,0.7328875,fractional_subunit,1.5538389504082464,0.0020085176453521502,0.82,0.0,0.0,3.4291257689961004e-06,3.4291257689961004e-06,13.220372729032967
Frac. RD (time-space),0.0,0,target_only_noise,0.7328875,fractional_subunit,1.5538389504082464,0.0020085176453521502,0.82,0.0,0.0,3.4291257689961004e-06,3.4291257689961004e-06,13.220372729032967
Frac. RD (time-space),0.0,0,library_only_noise,0.7328875,fractional_subunit,1.5538389504082464,0.0020085176453521502,0.82,0.0,0.0,3.4291257689961004e-06,3.4291257689961004e-06,13.220372729032967
Frac. RD (time-space),0.0,0,clean,0.73725,fractional_subunit,1.553662836267798,0.001823674299019071,0.82,0.0,0.0,3.405255698789093e-06,3.405255698789093e-06,13.233154220494468
Frac. RD (time-space),0.0,0,fully_noisy,0.73725,fractional_subunit,1.553662836267798,0.001823674299019071,0.82,0.0,0.0,3.405255698789093e-06,3.405255698789093e-06,13.233154220494468
Frac. RD (time-space),0.0,0,clean_initial_slice,0.73725,fractional_subunit,1.553662836267798,0.001823674299019071,0.82,0.0,0.0,3.405255698789093e-06,3.405255698789093e-06,13.233154220494468
Frac. RD (time-space),0.0,0,target_only_noise,0.73725,fractional_subunit,1.553662836267798,0.001823674299019071,0.82,0.0,0.0,3.405255698789093e-06,3.405255698789093e-06,13.233154220494468
Frac. RD (time-space),0.0,0,library_only_noise,0.73725,fractional_subunit,1.553662836267798,0.001823674299019071,0.82,0.0,0.0,3.405255698789093e-06,3.405255698789093e-06,13.233154220494468
Frac. RD (time-space),0.0,0,clean,0.7416125,fractional_subunit,1.5534841963662125,0.0016469825644956858,0.82,0.0,0.0,3.381462432022424e-06,3.381462432022424e-06,13.247577035941816
Frac. RD (time-space),0.0,0,fully_noisy,0.7416125,fractional_subunit,1.5534841963662125,0.0016469825644956858,0.82,0.0,0.0,3.381462432022424e-06,3.381462432022424e-06,13.247577035941816
Frac. RD (time-space),0.0,0,clean_initial_slice,0.7416125,fractional_subunit,1.5534841963662125,0.0016469825644956858,0.82,0.0,0.0,3.381462432022424e-06,3.381462432022424e-06,13.247577035941816
Frac. RD (time-space),0.0,0,target_only_noise,0.7416125,fractional_subunit,1.5534841963662125,0.0016469825644956858,0.82,0.0,0.0,3.381462432022424e-06,3.381462432022424e-06,13.247577035941816
Frac. RD (time-space),0.0,0,library_only_noise,0.7416125,fractional_subunit,1.5534841963662125,0.0016469825644956858,0.82,0.0,0.0,3.381462432022424e-06,3.381462432022424e-06,13.247577035941816
Frac. RD (time-space),0.0,0,clean,0.745975,fractional_subunit,1.5532991615268508,0.00147951399303419,0.82,0.0,0.0,3.3576533804290746e-06,3.3576533804290746e-06,13.263646914224706
Frac. RD (time-space),0.0,0,fully_noisy,0.745975,fractional_subunit,1.5532991615268508,0.00147951399303419,0.82,0.0,0.0,3.3576533804290746e-06,3.3576533804290746e-06,13.263646914224706
Frac. RD (time-space),0.0,0,clean_initial_slice,0.745975,fractional_subunit,1.5532991615268508,0.00147951399303419,0.82,0.0,0.0,3.3576533804290746e-06,3.3576533804290746e-06,13.263646914224706
Frac. RD (time-space),0.0,0,target_only_noise,0.745975,fractional_subunit,1.5532991615268508,0.00147951399303419,0.82,0.0,0.0,3.3576533804290746e-06,3.3576533804290746e-06,13.263646914224706
Frac. RD (time-space),0.0,0,library_only_noise,0.745975,fractional_subunit,1.5532991615268508,0.00147951399303419,0.82,0.0,0.0,3.3576533804290746e-06,3.3576533804290746e-06,13.263646914224706
Frac. RD (time-space),0.0,0,clean,0.7503375,fractional_subunit,1.5531111006088207,0.0013204684459635898,0.82,0.0,0.0,3.3339127040162087e-06,3.3339127040162087e-06,13.281368974800795
Frac. RD (time-space),0.0,0,fully_noisy,0.7503375,fractional_subunit,1.5531111006088207,0.0013204684459635898,0.82,0.0,0.0,3.3339127040162087e-06,3.3339127040162087e-06,13.281368974800795
Frac. RD (time-space),0.0,0,clean_initial_slice,0.7503375,fractional_subunit,1.5531111006088207,0.0013204684459635898,0.82,0.0,0.0,3.3339127040162087e-06,3.3339127040162087e-06,13.281368974800795
Frac. RD (time-space),0.0,0,target_only_noise,0.7503375,fractional_subunit,1.5531111006088207,0.0013204684459635898,0.82,0.0,0.0,3.3339127040162087e-06,3.3339127040162087e-06,13.281368974800795
Frac. RD (time-space),0.0,0,library_only_noise,0.7503375,fractional_subunit,1.5531111006088207,0.0013204684459635898,0.82,0.0,0.0,3.3339127040162087e-06,3.3339127040162087e-06,13.281368974800795
Frac. RD (time-space),0.0,0,clean,0.7547,fractional_subunit,1.5529179803725535,0.0011704013721860356,0.82,0.0,0.0,3.310193309929509e-06,3.310193309929509e-06,13.300747712986766
Frac. RD (time-space),0.0,0,fully_noisy,0.7547,fractional_subunit,1.5529179803725535,0.0011704013721860356,0.82,0.0,0.0,3.310193309929509e-06,3.310193309929509e-06,13.300747712986766
Frac. RD (time-space),0.0,0,clean_initial_slice,0.7547,fractional_subunit,1.5529179803725535,0.0011704013721860356,0.82,0.0,0.0,3.310193309929509e-06,3.310193309929509e-06,13.300747712986766
Frac. RD (time-space),0.0,0,target_only_noise,0.7547,fractional_subunit,1.5529179803725535,0.0011704013721860356,0.82,0.0,0.0,3.310193309929509e-06,3.310193309929509e-06,13.300747712986766
Frac. RD (time-space),0.0,0,library_only_noise,0.7547,fractional_subunit,1.5529179803725535,0.0011704013721860356,0.82,0.0,0.0,3.310193309929509e-06,3.310193309929509e-06,13.300747712986766
Frac. RD (time-space),0.0,0,clean,0.7590625,fractional_subunit,1.5527202628069892,0.0010292586310084338,0.82,0.0,0.0,3.286508782355679e-06,3.286508782355679e-06,13.32178699629475
Frac. RD (time-space),0.0,0,fully_noisy,0.7590625,fractional_subunit,1.5527202628069892,0.0010292586310084338,0.82,0.0,0.0,3.286508782355679e-06,3.286508782355679e-06,13.32178699629475
Frac. RD (time-space),0.0,0,clean_initial_slice,0.7590625,fractional_subunit,1.5527202628069892,0.0010292586310084338,0.82,0.0,0.0,3.286508782355679e-06,3.286508782355679e-06,13.32178699629475
Frac. RD (time-space),0.0,0,target_only_noise,0.7590625,fractional_subunit,1.5527202628069892,0.0010292586310084338,0.82,0.0,0.0,3.286508782355679e-06,3.286508782355679e-06,13.32178699629475
Frac. RD (time-space),0.0,0,library_only_noise,0.7590625,fractional_subunit,1.5527202628069892,0.0010292586310084338,0.82,0.0,0.0,3.286508782355679e-06,3.286508782355679e-06,13.32178699629475
Frac. RD (time-space),0.0,0,clean,0.763425,fractional_subunit,1.5525188446111444,0.000896918143966853,0.82,0.0,0.0,3.2628817355993208e-06,3.2628817355993208e-06,13.344490061858464
Frac. RD (time-space),0.0,0,fully_noisy,0.763425,fractional_subunit,1.5525188446111444,0.000896918143966853,0.82,0.0,0.0,3.2628817355993208e-06,3.2628817355993208e-06,13.344490061858464
Frac. RD (time-space),0.0,0,clean_initial_slice,0.763425,fractional_subunit,1.5525188446111444,0.000896918143966853,0.82,0.0,0.0,3.2628817355993208e-06,3.2628817355993208e-06,13.344490061858464
Frac. RD (time-space),0.0,0,target_only_noise,0.763425,fractional_subunit,1.5525188446111444,0.000896918143966853,0.82,0.0,0.0,3.2628817355993208e-06,3.2628817355993208e-06,13.344490061858464
Frac. RD (time-space),0.0,0,library_only_noise,0.763425,fractional_subunit,1.5525188446111444,0.000896918143966853,0.82,0.0,0.0,3.2628817355993208e-06,3.2628817355993208e-06,13.344490061858464
Frac. RD (time-space),0.0,0,clean,0.7677875000000001,fractional_subunit,1.5523112286090694,0.0007739347128463943,0.82,0.0,0.0,3.239256902793116e-06,3.239256902793116e-06,13.368859514948404
Frac. RD (time-space),0.0,0,fully_noisy,0.7677875000000001,fractional_subunit,1.5523112286090694,0.0007739347128463943,0.82,0.0,0.0,3.239256902793116e-06,3.239256902793116e-06,13.368859514948404
Frac. RD (time-space),0.0,0,clean_initial_slice,0.7677875000000001,fractional_subunit,1.5523112286090694,0.0007739347128463943,0.82,0.0,0.0,3.239256902793116e-06,3.239256902793116e-06,13.368859514948404
Frac. RD (time-space),0.0,0,target_only_noise,0.7677875000000001,fractional_subunit,1.5523112286090694,0.0007739347128463943,0.82,0.0,0.0,3.239256902793116e-06,3.239256902793116e-06,13.368859514948404
Frac. RD (time-space),0.0,0,library_only_noise,0.7677875000000001,fractional_subunit,1.5523112286090694,0.0007739347128463943,0.82,0.0,0.0,3.239256902793116e-06,3.239256902793116e-06,13.368859514948404
Frac. RD (time-space),0.0,0,clean,0.77215,fractional_subunit,1.5521007423457676,0.0006597441412531615,0.82,0.0,0.0,3.215712465022869e-06,3.215712465022869e-06,13.394897328570835
Frac. RD (time-space),0.0,0,fully_noisy,0.77215,fractional_subunit,1.5521007423457676,0.0006597441412531615,0.82,0.0,0.0,3.215712465022869e-06,3.215712465022869e-06,13.394897328570835
Frac. RD (time-space),0.0,0,clean_initial_slice,0.77215,fractional_subunit,1.5521007423457676,0.0006597441412531615,0.82,0.0,0.0,3.215712465022869e-06,3.215712465022869e-06,13.394897328570835
Frac. RD (time-space),0.0,0,target_only_noise,0.77215,fractional_subunit,1.5521007423457676,0.0006597441412531615,0.82,0.0,0.0,3.215712465022869e-06,3.215712465022869e-06,13.394897328570835
Frac. RD (time-space),0.0,0,library_only_noise,0.77215,fractional_subunit,1.5521007423457676,0.0006597441412531615,0.82,0.0,0.0,3.215712465022869e-06,3.215712465022869e-06,13.394897328570835
Frac. RD (time-space),0.0,0,clean,0.7765125,fractional_subunit,1.551883530706476,0.0005550831610084607,0.82,0.0,0.0,3.192163274424791e-06,3.192163274424791e-06,13.422604844140217
Frac. RD (time-space),0.0,0,fully_noisy,0.7765125,fractional_subunit,1.551883530706476,0.0005550831610084607,0.82,0.0,0.0,3.192163274424791e-06,3.192163274424791e-06,13.422604844140217
Frac. RD (time-space),0.0,0,clean_initial_slice,0.7765125,fractional_subunit,1.551883530706476,0.0005550831610084607,0.82,0.0,0.0,3.192163274424791e-06,3.192163274424791e-06,13.422604844140217
Frac. RD (time-space),0.0,0,target_only_noise,0.7765125,fractional_subunit,1.551883530706476,0.0005550831610084607,0.82,0.0,0.0,3.192163274424791e-06,3.192163274424791e-06,13.422604844140217
Frac. RD (time-space),0.0,0,library_only_noise,0.7765125,fractional_subunit,1.551883530706476,0.0005550831610084607,0.82,0.0,0.0,3.192163274424791e-06,3.192163274424791e-06,13.422604844140217
Frac. RD (time-space),0.0,0,clean,0.780875,fractional_subunit,1.5516627871765234,0.0004594838304118102,0.82,0.0,0.0,3.1686833845500332e-06,3.1686833845500332e-06,13.451982773210434
Frac. RD (time-space),0.0,0,fully_noisy,0.780875,fractional_subunit,1.5516627871765234,0.0004594838304118102,0.82,0.0,0.0,3.1686833845500332e-06,3.1686833845500332e-06,13.451982773210434
Frac. RD (time-space),0.0,0,clean_initial_slice,0.780875,fractional_subunit,1.5516627871765234,0.0004594838304118102,0.82,0.0,0.0,3.1686833845500332e-06,3.1686833845500332e-06,13.451982773210434
Frac. RD (time-space),0.0,0,target_only_noise,0.780875,fractional_subunit,1.5516627871765234,0.0004594838304118102,0.82,0.0,0.0,3.1686833845500332e-06,3.1686833845500332e-06,13.451982773210434
Frac. RD (time-space),0.0,0,library_only_noise,0.780875,fractional_subunit,1.5516627871765234,0.0004594838304118102,0.82,0.0,0.0,3.1686833845500332e-06,3.1686833845500332e-06,13.451982773210434
Frac. RD (time-space),0.0,0,clean,0.7852375,fractional_subunit,1.5514366883946247,0.00037329535191632626,0.82,0.0,0.0,3.1452340788779447e-06,3.1452340788779447e-06,13.48303120024527
Frac. RD (time-space),0.0,0,fully_noisy,0.7852375,fractional_subunit,1.5514366883946247,0.00037329535191632626,0.82,0.0,0.0,3.1452340788779447e-06,3.1452340788779447e-06,13.48303120024527
Frac. RD (time-space),0.0,0,clean_initial_slice,0.7852375,fractional_subunit,1.5514366883946247,0.00037329535191632626,0.82,0.0,0.0,3.1452340788779447e-06,3.1452340788779447e-06,13.48303120024527
Frac. RD (time-space),0.0,0,target_only_noise,0.7852375,fractional_subunit,1.5514366883946247,0.00037329535191632626,0.82,0.0,0.0,3.1452340788779447e-06,3.1452340788779447e-06,13.48303120024527
Frac. RD (time-space),0.0,0,library_only_noise,0.7852375,fractional_subunit,1.5514366883946247,0.00037329535191632626,0.82,0.0,0.0,3.1452340788779447e-06,3.1452340788779447e-06,13.48303120024527
Frac. RD (time-space),0.0,0,clean,0.7896000000000001,fractional_subunit,1.5512054296414255,0.00029654454994115857,0.82,0.0,0.0,3.121822250135072e-06,3.121822250135072e-06,13.515749586404533
Frac. RD (time-space),0.0,0,fully_noisy,0.7896000000000001,fractional_subunit,1.5512054296414255,0.00029654454994115857,0.82,0.0,0.0,3.121822250135072e-06,3.121822250135072e-06,13.515749586404533
Frac. RD (time-space),0.0,0,clean_initial_slice,0.7896000000000001,fractional_subunit,1.5512054296414255,0.00029654454994115857,0.82,0.0,0.0,3.121822250135072e-06,3.121822250135072e-06,13.515749586404533
Frac. RD (time-space),0.0,0,target_only_noise,0.7896000000000001,fractional_subunit,1.5512054296414255,0.00029654454994115857,0.82,0.0,0.0,3.121822250135072e-06,3.121822250135072e-06,13.515749586404533
Frac. RD (time-space),0.0,0,library_only_noise,0.7896000000000001,fractional_subunit,1.5512054296414255,0.00029654454994115857,0.82,0.0,0.0,3.121822250135072e-06,3.121822250135072e-06,13.515749586404533
Frac. RD (time-space),0.0,0,clean,0.7939625,fractional_subunit,1.5509702070974556,0.00022916760517429724,0.82,0.0,0.0,3.0984754695026343e-06,3.0984754695026343e-06,13.550136774317858
Frac. RD (time-space),0.0,0,fully_noisy,0.7939625,fractional_subunit,1.5509702070974556,0.00022916760517429724,0.82,0.0,0.0,3.0984754695026343e-06,3.0984754695026343e-06,13.550136774317858
Frac. RD (time-space),0.0,0,clean_initial_slice,0.7939625,fractional_subunit,1.5509702070974556,0.00022916760517429724,0.82,0.0,0.0,3.0984754695026343e-06,3.0984754695026343e-06,13.550136774317858
Frac. RD (time-space),0.0,0,target_only_noise,0.7939625,fractional_subunit,1.5509702070974556,0.00022916760517429724,0.82,0.0,0.0,3.0984754695026343e-06,3.0984754695026343e-06,13.550136774317858
Frac. RD (time-space),0.0,0,library_only_noise,0.7939625,fractional_subunit,1.5509702070974556,0.00022916760517429724,0.82,0.0,0.0,3.0984754695026343e-06,3.0984754695026343e-06,13.550136774317858
Frac. RD (time-space),0.0,0,clean,0.7983250000000001,fractional_subunit,1.5507281683026821,0.0001715222297599385,0.82,0.0,0.0,3.0751352009436656e-06,3.0751352009436656e-06,13.58619099381432
Frac. RD (time-space),0.0,0,fully_noisy,0.7983250000000001,fractional_subunit,1.5507281683026821,0.0001715222297599385,0.82,0.0,0.0,3.0751352009436656e-06,3.0751352009436656e-06,13.58619099381432
Frac. RD (time-space),0.0,0,clean_initial_slice,0.7983250000000001,fractional_subunit,1.5507281683026821,0.0001715222297599385,0.82,0.0,0.0,3.0751352009436656e-06,3.0751352009436656e-06,13.58619099381432
Frac. RD (time-space),0.0,0,target_only_noise,0.7983250000000001,fractional_subunit,1.5507281683026821,0.0001715222297599385,0.82,0.0,0.0,3.0751352009436656e-06,3.0751352009436656e-06,13.58619099381432
Frac. RD (time-space),0.0,0,library_only_noise,0.7983250000000001,fractional_subunit,1.5507281683026821,0.0001715222297599385,0.82,0.0,0.0,3.0751352009436656e-06,3.0751352009436656e-06,13.58619099381432
Frac. RD (time-space),0.0,0,clean,0.8026875,fractional_subunit,1.5504828701084348,0.0001233506936992668,0.82,0.0,0.0,3.051878823475273e-06,3.051878823475273e-06,13.623909868572305
Frac. RD (time-space),0.0,0,fully_noisy,0.8026875,fractional_subunit,1.5504828701084348,0.0001233506936992668,0.82,0.0,0.0,3.051878823475273e-06,3.051878823475273e-06,13.623909868572305
Frac. RD (time-space),0.0,0,clean_initial_slice,0.8026875,fractional_subunit,1.5504828701084348,0.0001233506936992668,0.82,0.0,0.0,3.051878823475273e-06,3.051878823475273e-06,13.623909868572305
Frac. RD (time-space),0.0,0,target_only_noise,0.8026875,fractional_subunit,1.5504828701084348,0.0001233506936992668,0.82,0.0,0.0,3.051878823475273e-06,3.051878823475273e-06,13.623909868572305
Frac. RD (time-space),0.0,0,library_only_noise,0.8026875,fractional_subunit,1.5504828701084348,0.0001233506936992668,0.82,0.0,0.0,3.051878823475273e-06,3.051878823475273e-06,13.623909868572305
Frac. RD (time-space),0.0,0,clean,0.80705,fractional_subunit,1.5502304871454364,8.501769845288466e-05,0.82,0.0,0.0,3.0286283465971068e-06,3.0286283465971068e-06,13.663290423650666
Frac. RD (time-space),0.0,0,fully_noisy,0.80705,fractional_subunit,1.5502304871454364,8.501769845288466e-05,0.82,0.0,0.0,3.0286283465971068e-06,3.0286283465971068e-06,13.663290423650666
Frac. RD (time-space),0.0,0,clean_initial_slice,0.80705,fractional_subunit,1.5502304871454364,8.501769845288466e-05,0.82,0.0,0.0,3.0286283465971068e-06,3.0286283465971068e-06,13.663290423650666
Frac. RD (time-space),0.0,0,target_only_noise,0.80705,fractional_subunit,1.5502304871454364,8.501769845288466e-05,0.82,0.0,0.0,3.0286283465971068e-06,3.0286283465971068e-06,13.663290423650666
Frac. RD (time-space),0.0,0,library_only_noise,0.80705,fractional_subunit,1.5502304871454364,8.501769845288466e-05,0.82,0.0,0.0,3.0286283465971068e-06,3.0286283465971068e-06,13.663290423650666
Frac. RD (time-space),0.0,0,clean,0.8114125000000001,fractional_subunit,1.5499740136797935,5.6391443918644095e-05,0.82,0.0,0.0,3.005448309449684e-06,3.005448309449684e-06,13.704329093859135
Frac. RD (time-space),0.0,0,fully_noisy,0.8114125000000001,fractional_subunit,1.5499740136797935,5.6391443918644095e-05,0.82,0.0,0.0,3.005448309449684e-06,3.005448309449684e-06,13.704329093859135
Frac. RD (time-space),0.0,0,clean_initial_slice,0.8114125000000001,fractional_subunit,1.5499740136797935,5.6391443918644095e-05,0.82,0.0,0.0,3.005448309449684e-06,3.005448309449684e-06,13.704329093859135
Frac. RD (time-space),0.0,0,target_only_noise,0.8114125000000001,fractional_subunit,1.5499740136797935,5.6391443918644095e-05,0.82,0.0,0.0,3.005448309449684e-06,3.005448309449684e-06,13.704329093859135
Frac. RD (time-space),0.0,0,library_only_noise,0.8114125000000001,fractional_subunit,1.5499740136797935,5.6391443918644095e-05,0.82,0.0,0.0,3.005448309449684e-06,3.005448309449684e-06,13.704329093859135
Frac. RD (time-space),0.0,0,clean,0.815775,fractional_subunit,1.5497118550589661,3.763673252593615e-05,0.82,0.0,0.0,2.9823077663731407e-06,2.9823077663731407e-06,13.747021732922882
Frac. RD (time-space),0.0,0,fully_noisy,0.815775,fractional_subunit,1.5497118550589661,3.763673252593615e-05,0.82,0.0,0.0,2.9823077663731407e-06,2.9823077663731407e-06,13.747021732922882
Frac. RD (time-space),0.0,0,clean_initial_slice,0.815775,fractional_subunit,1.5497118550589661,3.763673252593615e-05,0.82,0.0,0.0,2.9823077663731407e-06,2.9823077663731407e-06,13.747021732922882
Frac. RD (time-space),0.0,0,target_only_noise,0.815775,fractional_subunit,1.5497118550589661,3.763673252593615e-05,0.82,0.0,0.0,2.9823077663731407e-06,2.9823077663731407e-06,13.747021732922882
Frac. RD (time-space),0.0,0,library_only_noise,0.815775,fractional_subunit,1.5497118550589661,3.763673252593615e-05,0.82,0.0,0.0,2.9823077663731407e-06,2.9823077663731407e-06,13.747021732922882
Frac. RD (time-space),0.0,0,clean,0.82,fractional_subunit,1.5494524698465957,2.8938788296037312e-05,0.82,0.0,0.0,2.9599352527382716e-06,2.9599352527382716e-06,13.789940907554108
Frac. RD (time-space),0.0,0,fully_noisy,0.82,fractional_subunit,1.5494524698465957,2.8938788296037312e-05,0.82,0.0,0.0,2.9599352527382716e-06,2.9599352527382716e-06,13.789940907554108
Frac. RD (time-space),0.0,0,clean_initial_slice,0.82,fractional_subunit,1.5494524698465957,2.8938788296037312e-05,0.82,0.0,0.0,2.9599352527382716e-06,2.9599352527382716e-06,13.789940907554108
Frac. RD (time-space),0.0,0,target_only_noise,0.82,fractional_subunit,1.5494524698465957,2.8938788296037312e-05,0.82,0.0,0.0,2.9599352527382716e-06,2.9599352527382716e-06,13.789940907554108
Frac. RD (time-space),0.0,0,library_only_noise,0.82,fractional_subunit,1.5494524698465957,2.8938788296037312e-05,0.82,0.0,0.0,2.9599352527382716e-06,2.9599352527382716e-06,13.789940907554108
Frac. RD (time-space),0.0,0,clean,0.8201375,fractional_subunit,1.5494439234466113,2.8812917955118532e-05,0.82,0.0,0.0,2.959207531979776e-06,2.959207531979776e-06,13.79136362339407
Frac. RD (time-space),0.0,0,fully_noisy,0.8201375,fractional_subunit,1.5494439234466113,2.8812917955118532e-05,0.82,0.0,0.0,2.959207531979776e-06,2.959207531979776e-06,13.79136362339407
Frac. RD (time-space),0.0,0,clean_initial_slice,0.8201375,fractional_subunit,1.5494439234466113,2.8812917955118532e-05,0.82,0.0,0.0,2.959207531979776e-06,2.959207531979776e-06,13.79136362339407
Frac. RD (time-space),0.0,0,target_only_noise,0.8201375,fractional_subunit,1.5494439234466113,2.8812917955118532e-05,0.82,0.0,0.0,2.959207531979776e-06,2.959207531979776e-06,13.79136362339407
Frac. RD (time-space),0.0,0,library_only_noise,0.8201375,fractional_subunit,1.5494439234466113,2.8812917955118532e-05,0.82,0.0,0.0,2.959207531979776e-06,2.959207531979776e-06,13.79136362339407
Frac. RD (time-space),0.0,0,clean,0.8245,fractional_subunit,1.5491717252998998,2.9990113192606458e-05,0.82,0.0,0.0,2.9361795084083365e-06,2.9361795084083365e-06,13.837349487260655
Frac. RD (time-space),0.0,0,fully_noisy,0.8245,fractional_subunit,1.5491717252998998,2.9990113192606458e-05,0.82,0.0,0.0,2.9361795084083365e-06,2.9361795084083365e-06,13.837349487260655
Frac. RD (time-space),0.0,0,clean_initial_slice,0.8245,fractional_subunit,1.5491717252998998,2.9990113192606458e-05,0.82,0.0,0.0,2.9361795084083365e-06,2.9361795084083365e-06,13.837349487260655
Frac. RD (time-space),0.0,0,target_only_noise,0.8245,fractional_subunit,1.5491717252998998,2.9990113192606458e-05,0.82,0.0,0.0,2.9361795084083365e-06,2.9361795084083365e-06,13.837349487260655
Frac. RD (time-space),0.0,0,library_only_noise,0.8245,fractional_subunit,1.5491717252998998,2.9990113192606458e-05,0.82,0.0,0.0,2.9361795084083365e-06,2.9361795084083365e-06,13.837349487260655
Frac. RD (time-space),0.0,0,clean,0.8288625000000001,fractional_subunit,1.548892045009668,4.122523552719577e-05,0.82,0.0,0.0,2.913162523421284e-06,2.913162523421284e-06,13.884973497201104
Frac. RD (time-space),0.0,0,fully_noisy,0.8288625000000001,fractional_subunit,1.548892045009668,4.122523552719577e-05,0.82,0.0,0.0,2.913162523421284e-06,2.913162523421284e-06,13.884973497201104
Frac. RD (time-space),0.0,0,clean_initial_slice,0.8288625000000001,fractional_subunit,1.548892045009668,4.122523552719577e-05,0.82,0.0,0.0,2.913162523421284e-06,2.913162523421284e-06,13.884973497201104
Frac. RD (time-space),0.0,0,target_only_noise,0.8288625000000001,fractional_subunit,1.548892045009668,4.122523552719577e-05,0.82,0.0,0.0,2.913162523421284e-06,2.913162523421284e-06,13.884973497201104
Frac. RD (time-space),0.0,0,library_only_noise,0.8288625000000001,fractional_subunit,1.548892045009668,4.122523552719577e-05,0.82,0.0,0.0,2.913162523421284e-06,2.913162523421284e-06,13.884973497201104
Frac. RD (time-space),0.0,0,clean,0.833225,fractional_subunit,1.5486086652308237,6.265756936117182e-05,0.82,0.0,0.0,2.8902328226526657e-06,2.8902328226526657e-06,13.934229288432249
Frac. RD (time-space),0.0,0,fully_noisy,0.833225,fractional_subunit,1.5486086652308237,6.265756936117182e-05,0.82,0.0,0.0,2.8902328226526657e-06,2.8902328226526657e-06,13.934229288432249
Frac. RD (time-space),0.0,0,clean_initial_slice,0.833225,fractional_subunit,1.5486086652308237,6.265756936117182e-05,0.82,0.0,0.0,2.8902328226526657e-06,2.8902328226526657e-06,13.934229288432249
Frac. RD (time-space),0.0,0,target_only_noise,0.833225,fractional_subunit,1.5486086652308237,6.265756936117182e-05,0.82,0.0,0.0,2.8902328226526657e-06,2.8902328226526657e-06,13.934229288432249
Frac. RD (time-space),0.0,0,library_only_noise,0.833225,fractional_subunit,1.5486086652308237,6.265756936117182e-05,0.82,0.0,0.0,2.8902328226526657e-06,2.8902328226526657e-06,13.934229288432249
Frac. RD (time-space),0.0,0,clean,0.8375875,fractional_subunit,1.5483178075107618,9.42435002341917e-05,0.82,0.0,0.0,2.8673192837331365e-06,2.8673192837331365e-06,13.985109971096215
Frac. RD (time-space),0.0,0,fully_noisy,0.8375875,fractional_subunit,1.5483178075107618,9.42435002341917e-05,0.82,0.0,0.0,2.8673192837331365e-06,2.8673192837331365e-06,13.985109971096215
Frac. RD (time-space),0.0,0,clean_initial_slice,0.8375875,fractional_subunit,1.5483178075107618,9.42435002341917e-05,0.82,0.0,0.0,2.8673192837331365e-06,2.8673192837331365e-06,13.985109971096215
Frac. RD (time-space),0.0,0,target_only_noise,0.8375875,fractional_subunit,1.5483178075107618,9.42435002341917e-05,0.82,0.0,0.0,2.8673192837331365e-06,2.8673192837331365e-06,13.985109971096215
Frac. RD (time-space),0.0,0,library_only_noise,0.8375875,fractional_subunit,1.5483178075107618,9.42435002341917e-05,0.82,0.0,0.0,2.8673192837331365e-06,2.8673192837331365e-06,13.985109971096215
Frac. RD (time-space),0.0,0,clean,0.84195,fractional_subunit,1.548022242917776,0.00013618221342484192,0.82,0.0,0.0,2.844477531741577e-06,2.844477531741577e-06,14.03760814313165
Frac. RD (time-space),0.0,0,fully_noisy,0.84195,fractional_subunit,1.548022242917776,0.00013618221342484192,0.82,0.0,0.0,2.844477531741577e-06,2.844477531741577e-06,14.03760814313165
Frac. RD (time-space),0.0,0,clean_initial_slice,0.84195,fractional_subunit,1.548022242917776,0.00013618221342484192,0.82,0.0,0.0,2.844477531741577e-06,2.844477531741577e-06,14.03760814313165
Frac. RD (time-space),0.0,0,target_only_noise,0.84195,fractional_subunit,1.548022242917776,0.00013618221342484192,0.82,0.0,0.0,2.844477531741577e-06,2.844477531741577e-06,14.03760814313165
Frac. RD (time-space),0.0,0,library_only_noise,0.84195,fractional_subunit,1.548022242917776,0.00013618221342484192,0.82,0.0,0.0,2.844477531741577e-06,2.844477531741577e-06,14.03760814313165
Frac. RD (time-space),0.0,0,clean,0.8463125,fractional_subunit,1.5477206230512794,0.00018848787385062347,0.82,0.0,0.0,2.8216837796797475e-06,2.8216837796797475e-06,14.09171590357412
Frac. RD (time-space),0.0,0,fully_noisy,0.8463125,fractional_subunit,1.5477206230512794,0.00018848787385062347,0.82,0.0,0.0,2.8216837796797475e-06,2.8216837796797475e-06,14.09171590357412
Frac. RD (time-space),0.0,0,clean_initial_slice,0.8463125,fractional_subunit,1.5477206230512794,0.00018848787385062347,0.82,0.0,0.0,2.8216837796797475e-06,2.8216837796797475e-06,14.09171590357412
Frac. RD (time-space),0.0,0,target_only_noise,0.8463125,fractional_subunit,1.5477206230512794,0.00018848787385062347,0.82,0.0,0.0,2.8216837796797475e-06,2.8216837796797475e-06,14.09171590357412
Frac. RD (time-space),0.0,0,library_only_noise,0.8463125,fractional_subunit,1.5477206230512794,0.00018848787385062347,0.82,0.0,0.0,2.8216837796797475e-06,2.8216837796797475e-06,14.09171590357412
Frac. RD (time-space),0.0,0,clean,0.8506750000000001,fractional_subunit,1.5474125628914905,0.0002511892369243797,0.82,0.0,0.0,2.798933382617696e-06,2.798933382617696e-06,14.147424866230137
Frac. RD (time-space),0.0,0,fully_noisy,0.8506750000000001,fractional_subunit,1.5474125628914905,0.0002511892369243797,0.82,0.0,0.0,2.798933382617696e-06,2.798933382617696e-06,14.147424866230137
Frac. RD (time-space),0.0,0,clean_initial_slice,0.8506750000000001,fractional_subunit,1.5474125628914905,0.0002511892369243797,0.82,0.0,0.0,2.798933382617696e-06,2.798933382617696e-06,14.147424866230137
Frac. RD (time-space),0.0,0,target_only_noise,0.8506750000000001,fractional_subunit,1.5474125628914905,0.0002511892369243797,0.82,0.0,0.0,2.798933382617696e-06,2.798933382617696e-06,14.147424866230137
Frac. RD (time-space),0.0,0,library_only_noise,0.8506750000000001,fractional_subunit,1.5474125628914905,0.0002511892369243797,0.82,0.0,0.0,2.798933382617696e-06,2.798933382617696e-06,14.147424866230137
Frac. RD (time-space),0.0,0,clean,0.8550375,fractional_subunit,1.5470998860583134,0.0003245836603238266,0.82,0.0,0.0,2.7762619440309836e-06,2.7762619440309836e-06,14.204726173669762
Frac. RD (time-space),0.0,0,fully_noisy,0.8550375,fractional_subunit,1.5470998860583134,0.0003245836603238266,0.82,0.0,0.0,2.7762619440309836e-06,2.7762619440309836e-06,14.204726173669762
Frac. RD (time-space),0.0,0,clean_initial_slice,0.8550375,fractional_subunit,1.5470998860583134,0.0003245836603238266,0.82,0.0,0.0,2.7762619440309836e-06,2.7762619440309836e-06,14.204726173669762
Frac. RD (time-space),0.0,0,target_only_noise,0.8550375,fractional_subunit,1.5470998860583134,0.0003245836603238266,0.82,0.0,0.0,2.7762619440309836e-06,2.7762619440309836e-06,14.204726173669762
Frac. RD (time-space),0.0,0,library_only_noise,0.8550375,fractional_subunit,1.5470998860583134,0.0003245836603238266,0.82,0.0,0.0,2.7762619440309836e-06,2.7762619440309836e-06,14.204726173669762
Frac. RD (time-space),0.0,0,clean,0.8594,fractional_subunit,1.5467790110071498,0.0004083030220402827,0.82,0.0,0.0,2.7536062906789028e-06,2.7536062906789028e-06,14.26361051148294
Frac. RD (time-space),0.0,0,fully_noisy,0.8594,fractional_subunit,1.5467790110071498,0.0004083030220402827,0.82,0.0,0.0,2.7536062906789028e-06,2.7536062906789028e-06,14.26361051148294
Frac. RD (time-space),0.0,0,clean_initial_slice,0.8594,fractional_subunit,1.5467790110071498,0.0004083030220402827,0.82,0.0,0.0,2.7536062906789028e-06,2.7536062906789028e-06,14.26361051148294
Frac. RD (time-space),0.0,0,target_only_noise,0.8594,fractional_subunit,1.5467790110071498,0.0004083030220402827,0.82,0.0,0.0,2.7536062906789028e-06,2.7536062906789028e-06,14.26361051148294
Frac. RD (time-space),0.0,0,library_only_noise,0.8594,fractional_subunit,1.5467790110071498,0.0004083030220402827,0.82,0.0,0.0,2.7536062906789028e-06,2.7536062906789028e-06,14.26361051148294
Frac. RD (time-space),0.0,0,clean,0.8637625,fractional_subunit,1.5464539380802826,0.0005029884397691368,0.82,0.0,0.0,2.7310412043513134e-06,2.7310412043513134e-06,14.324068122745643
Frac. RD (time-space),0.0,0,fully_noisy,0.8637625,fractional_subunit,1.5464539380802826,0.0005029884397691368,0.82,0.0,0.0,2.7310412043513134e-06,2.7310412043513134e-06,14.324068122745643
Frac. RD (time-space),0.0,0,clean_initial_slice,0.8637625,fractional_subunit,1.5464539380802826,0.0005029884397691368,0.82,0.0,0.0,2.7310412043513134e-06,2.7310412043513134e-06,14.324068122745643
Frac. RD (time-space),0.0,0,target_only_noise,0.8637625,fractional_subunit,1.5464539380802826,0.0005029884397691368,0.82,0.0,0.0,2.7310412043513134e-06,2.7310412043513134e-06,14.324068122745643
Frac. RD (time-space),0.0,0,library_only_noise,0.8637625,fractional_subunit,1.5464539380802826,0.0005029884397691368,0.82,0.0,0.0,2.7310412043513134e-06,2.7310412043513134e-06,14.324068122745643
Frac. RD (time-space),0.0,0,clean,0.868125,fractional_subunit,1.5461209545050092,0.0006081531054378618,0.82,0.0,0.0,2.7085021360624023e-06,2.7085021360624023e-06,14.386088822642751
Frac. RD (time-space),0.0,0,fully_noisy,0.868125,fractional_subunit,1.5461209545050092,0.0006081531054378618,0.82,0.0,0.0,2.7085021360624023e-06,2.7085021360624023e-06,14.386088822642751
Frac. RD (time-space),0.0,0,clean_initial_slice,0.868125,fractional_subunit,1.5461209545050092,0.0006081531054378618,0.82,0.0,0.0,2.7085021360624023e-06,2.7085021360624023e-06,14.386088822642751
Frac. RD (time-space),0.0,0,target_only_noise,0.868125,fractional_subunit,1.5461209545050092,0.0006081531054378618,0.82,0.0,0.0,2.7085021360624023e-06,2.7085021360624023e-06,14.386088822642751
Frac. RD (time-space),0.0,0,library_only_noise,0.868125,fractional_subunit,1.5461209545050092,0.0006081531054378618,0.82,0.0,0.0,2.7085021360624023e-06,2.7085021360624023e-06,14.386088822642751
Frac. RD (time-space),0.0,0,clean,0.8724875000000001,fractional_subunit,1.5457825844584838,0.0007243113826746876,0.82,0.0,0.0,2.686036404287889e-06,2.686036404287889e-06,14.449662013195976
Frac. RD (time-space),0.0,0,fully_noisy,0.8724875000000001,fractional_subunit,1.5457825844584838,0.0007243113826746876,0.82,0.0,0.0,2.686036404287889e-06,2.686036404287889e-06,14.449662013195976
Frac. RD (time-space),0.0,0,clean_initial_slice,0.8724875000000001,fractional_subunit,1.5457825844584838,0.0007243113826746876,0.82,0.0,0.0,2.686036404287889e-06,2.686036404287889e-06,14.449662013195976
Frac. RD (time-space),0.0,0,target_only_noise,0.8724875000000001,fractional_subunit,1.5457825844584838,0.0007243113826746876,0.82,0.0,0.0,2.686036404287889e-06,2.686036404287889e-06,14.449662013195976
Frac. RD (time-space),0.0,0,library_only_noise,0.8724875000000001,fractional_subunit,1.5457825844584838,0.0007243113826746876,0.82,0.0,0.0,2.686036404287889e-06,2.686036404287889e-06,14.449662013195976
Frac. RD (time-space),0.0,0,clean,0.87685,fractional_subunit,1.5454377413208353,0.0008513742851903982,0.82,0.0,0.0,2.663626762833644e-06,2.663626762833644e-06,14.514776698046521
Frac. RD (time-space),0.0,0,fully_noisy,0.87685,fractional_subunit,1.5454377413208353,0.0008513742851903982,0.82,0.0,0.0,2.663626762833644e-06,2.663626762833644e-06,14.514776698046521
Frac. RD (time-space),0.0,0,clean_initial_slice,0.87685,fractional_subunit,1.5454377413208353,0.0008513742851903982,0.82,0.0,0.0,2.663626762833644e-06,2.663626762833644e-06,14.514776698046521
Frac. RD (time-space),0.0,0,target_only_noise,0.87685,fractional_subunit,1.5454377413208353,0.0008513742851903982,0.82,0.0,0.0,2.663626762833644e-06,2.663626762833644e-06,14.514776698046521
Frac. RD (time-space),0.0,0,library_only_noise,0.87685,fractional_subunit,1.5454377413208353,0.0008513742851903982,0.82,0.0,0.0,2.663626762833644e-06,2.663626762833644e-06,14.514776698046521
Frac. RD (time-space),0.0,0,clean,0.8812125000000001,fractional_subunit,1.5450857321276539,0.0009892601173657775,0.82,0.0,0.0,2.6412637299878323e-06,2.6412637299878323e-06,14.581421497243898
Frac. RD (time-space),0.0,0,fully_noisy,0.8812125000000001,fractional_subunit,1.5450857321276539,0.0009892601173657775,0.82,0.0,0.0,2.6412637299878323e-06,2.6412637299878323e-06,14.581421497243898
Frac. RD (time-space),0.0,0,clean_initial_slice,0.8812125000000001,fractional_subunit,1.5450857321276539,0.0009892601173657775,0.82,0.0,0.0,2.6412637299878323e-06,2.6412637299878323e-06,14.581421497243898
Frac. RD (time-space),0.0,0,target_only_noise,0.8812125000000001,fractional_subunit,1.5450857321276539,0.0009892601173657775,0.82,0.0,0.0,2.6412637299878323e-06,2.6412637299878323e-06,14.581421497243898
Frac. RD (time-space),0.0,0,library_only_noise,0.8812125000000001,fractional_subunit,1.5450857321276539,0.0009892601173657775,0.82,0.0,0.0,2.6412637299878323e-06,2.6412637299878323e-06,14.581421497243898
Frac. RD (time-space),0.0,0,clean,0.885575,fractional_subunit,1.5447286993555618,0.0011386067399923943,0.82,0.0,0.0,2.6189859781686582e-06,2.6189859781686582e-06,14.649584661994012
Frac. RD (time-space),0.0,0,fully_noisy,0.885575,fractional_subunit,1.5447286993555618,0.0011386067399923943,0.82,0.0,0.0,2.6189859781686582e-06,2.6189859781686582e-06,14.649584661994012
Frac. RD (time-space),0.0,0,clean_initial_slice,0.885575,fractional_subunit,1.5447286993555618,0.0011386067399923943,0.82,0.0,0.0,2.6189859781686582e-06,2.6189859781686582e-06,14.649584661994012
Frac. RD (time-space),0.0,0,target_only_noise,0.885575,fractional_subunit,1.5447286993555618,0.0011386067399923943,0.82,0.0,0.0,2.6189859781686582e-06,2.6189859781686582e-06,14.649584661994012
Frac. RD (time-space),0.0,0,library_only_noise,0.885575,fractional_subunit,1.5447286993555618,0.0011386067399923943,0.82,0.0,0.0,2.6189859781686582e-06,2.6189859781686582e-06,14.649584661994012
Frac. RD (time-space),0.0,0,clean,0.8899375,fractional_subunit,1.544362699371483,0.0012984736614235577,0.82,0.0,0.0,2.59672896963793e-06,2.59672896963793e-06,14.71925408932189
Frac. RD (time-space),0.0,0,fully_noisy,0.8899375,fractional_subunit,1.544362699371483,0.0012984736614235577,0.82,0.0,0.0,2.59672896963793e-06,2.59672896963793e-06,14.71925408932189
Frac. RD (time-space),0.0,0,clean_initial_slice,0.8899375,fractional_subunit,1.544362699371483,0.0012984736614235577,0.82,0.0,0.0,2.59672896963793e-06,2.59672896963793e-06,14.71925408932189
Frac. RD (time-space),0.0,0,target_only_noise,0.8899375,fractional_subunit,1.544362699371483,0.0012984736614235577,0.82,0.0,0.0,2.59672896963793e-06,2.59672896963793e-06,14.71925408932189
Frac. RD (time-space),0.0,0,library_only_noise,0.8899375,fractional_subunit,1.544362699371483,0.0012984736614235577,0.82,0.0,0.0,2.59672896963793e-06,2.59672896963793e-06,14.71925408932189
Frac. RD (time-space),0.0,0,clean,0.8943000000000001,fractional_subunit,1.5439919362548569,0.0014701245504707976,0.82,0.0,0.0,2.5745656930920876e-06,2.5745656930920876e-06,14.790417336606255
Frac. RD (time-space),0.0,0,fully_noisy,0.8943000000000001,fractional_subunit,1.5439919362548569,0.0014701245504707976,0.82,0.0,0.0,2.5745656930920876e-06,2.5745656930920876e-06,14.790417336606255
Frac. RD (time-space),0.0,0,clean_initial_slice,0.8943000000000001,fractional_subunit,1.5439919362548569,0.0014701245504707976,0.82,0.0,0.0,2.5745656930920876e-06,2.5745656930920876e-06,14.790417336606255
Frac. RD (time-space),0.0,0,target_only_noise,0.8943000000000001,fractional_subunit,1.5439919362548569,0.0014701245504707976,0.82,0.0,0.0,2.5745656930920876e-06,2.5745656930920876e-06,14.790417336606255
Frac. RD (time-space),0.0,0,library_only_noise,0.8943000000000001,fractional_subunit,1.5439919362548569,0.0014701245504707976,0.82,0.0,0.0,2.5745656930920876e-06,2.5745656930920876e-06,14.790417336606255
Frac. RD (time-space),0.0,0,clean,0.8986625,fractional_subunit,1.5436127833485658,0.001652596469696318,0.82,0.0,0.0,2.552437873232649e-06,2.552437873232649e-06,14.863061635945648
Frac. RD (time-space),0.0,0,fully_noisy,0.8986625,fractional_subunit,1.5436127833485658,0.001652596469696318,0.82,0.0,0.0,2.552437873232649e-06,2.552437873232649e-06,14.863061635945648
Frac. RD (time-space),0.0,0,clean_initial_slice,0.8986625,fractional_subunit,1.5436127833485658,0.001652596469696318,0.82,0.0,0.0,2.552437873232649e-06,2.552437873232649e-06,14.863061635945648
Frac. RD (time-space),0.0,0,target_only_noise,0.8986625,fractional_subunit,1.5436127833485658,0.001652596469696318,0.82,0.0,0.0,2.552437873232649e-06,2.552437873232649e-06,14.863061635945648
Frac. RD (time-space),0.0,0,library_only_noise,0.8986625,fractional_subunit,1.5436127833485658,0.001652596469696318,0.82,0.0,0.0,2.552437873232649e-06,2.552437873232649e-06,14.863061635945648
Frac. RD (time-space),0.0,0,clean,0.903025,fractional_subunit,1.5432274951254554,0.0018466907886455078,0.82,0.0,0.0,2.5303851354193714e-06,2.5303851354193714e-06,14.93717390831789
Frac. RD (time-space),0.0,0,fully_noisy,0.903025,fractional_subunit,1.5432274951254554,0.0018466907886455078,0.82,0.0,0.0,2.5303851354193714e-06,2.5303851354193714e-06,14.93717390831789
Frac. RD (time-space),0.0,0,clean_initial_slice,0.903025,fractional_subunit,1.5432274951254554,0.0018466907886455078,0.82,0.0,0.0,2.5303851354193714e-06,2.5303851354193714e-06,14.93717390831789
Frac. RD (time-space),0.0,0,target_only_noise,0.903025,fractional_subunit,1.5432274951254554,0.0018466907886455078,0.82,0.0,0.0,2.5303851354193714e-06,2.5303851354193714e-06,14.93717390831789
Frac. RD (time-space),0.0,0,library_only_noise,0.903025,fractional_subunit,1.5432274951254554,0.0018466907886455078,0.82,0.0,0.0,2.5303851354193714e-06,2.5303851354193714e-06,14.93717390831789
Frac. RD (time-space),0.0,0,clean,0.9073875,fractional_subunit,1.5428352592869532,0.0020522785828557054,0.82,0.0,0.0,2.508396151732715e-06,2.508396151732715e-06,15.01274077749734
Frac. RD (time-space),0.0,0,fully_noisy,0.9073875,fractional_subunit,1.5428352592869532,0.0020522785828557054,0.82,0.0,0.0,2.508396151732715e-06,2.508396151732715e-06,15.01274077749734
Frac. RD (time-space),0.0,0,clean_initial_slice,0.9073875,fractional_subunit,1.5428352592869532,0.0020522785828557054,0.82,0.0,0.0,2.508396151732715e-06,2.508396151732715e-06,15.01274077749734
Frac. RD (time-space),0.0,0,target_only_noise,0.9073875,fractional_subunit,1.5428352592869532,0.0020522785828557054,0.82,0.0,0.0,2.508396151732715e-06,2.508396151732715e-06,15.01274077749734
Frac. RD (time-space),0.0,0,library_only_noise,0.9073875,fractional_subunit,1.5428352592869532,0.0020522785828557054,0.82,0.0,0.0,2.508396151732715e-06,2.508396151732715e-06,15.01274077749734
Frac. RD (time-space),0.0,0,clean,0.9117500000000001,fractional_subunit,1.542435068750892,0.0022690688739713215,0.82,0.0,0.0,2.486457229621456e-06,2.486457229621456e-06,15.089748583696576
Frac. RD (time-space),0.0,0,fully_noisy,0.9117500000000001,fractional_subunit,1.542435068750892,0.0022690688739713215,0.82,0.0,0.0,2.486457229621456e-06,2.486457229621456e-06,15.089748583696576
Frac. RD (time-space),0.0,0,clean_initial_slice,0.9117500000000001,fractional_subunit,1.542435068750892,0.0022690688739713215,0.82,0.0,0.0,2.486457229621456e-06,2.486457229621456e-06,15.089748583696576
Frac. RD (time-space),0.0,0,target_only_noise,0.9117500000000001,fractional_subunit,1.542435068750892,0.0022690688739713215,0.82,0.0,0.0,2.486457229621456e-06,2.486457229621456e-06,15.089748583696576
Frac. RD (time-space),0.0,0,library_only_noise,0.9117500000000001,fractional_subunit,1.542435068750892,0.0022690688739713215,0.82,0.0,0.0,2.486457229621456e-06,2.486457229621456e-06,15.089748583696576
Frac. RD (time-space),0.0,0,clean,0.9161125000000001,fractional_subunit,1.5420293796346123,0.0024981757913050584,0.82,0.0,0.0,2.464609476211611e-06,2.464609476211611e-06,15.1681833969018
Frac. RD (time-space),0.0,0,fully_noisy,0.9161125000000001,fractional_subunit,1.5420293796346123,0.0024981757913050584,0.82,0.0,0.0,2.464609476211611e-06,2.464609476211611e-06,15.1681833969018
Frac. RD (time-space),0.0,0,clean_initial_slice,0.9161125000000001,fractional_subunit,1.5420293796346123,0.0024981757913050584,0.82,0.0,0.0,2.464609476211611e-06,2.464609476211611e-06,15.1681833969018
Frac. RD (time-space),0.0,0,target_only_noise,0.9161125000000001,fractional_subunit,1.5420293796346123,0.0024981757913050584,0.82,0.0,0.0,2.464609476211611e-06,2.464609476211611e-06,15.1681833969018
Frac. RD (time-space),0.0,0,library_only_noise,0.9161125000000001,fractional_subunit,1.5420293796346123,0.0024981757913050584,0.82,0.0,0.0,2.464609476211611e-06,2.464609476211611e-06,15.1681833969018
Frac. RD (time-space),0.0,0,clean,0.920475,fractional_subunit,1.541613898756623,0.0027379132282708716,0.82,0.0,0.0,2.4427876261026514e-06,2.4427876261026514e-06,15.248031029873697
Frac. RD (time-space),0.0,0,fully_noisy,0.920475,fractional_subunit,1.541613898756623,0.0027379132282708716,0.82,0.0,0.0,2.4427876261026514e-06,2.4427876261026514e-06,15.248031029873697
Frac. RD (time-space),0.0,0,clean_initial_slice,0.920475,fractional_subunit,1.541613898756623,0.0027379132282708716,0.82,0.0,0.0,2.4427876261026514e-06,2.4427876261026514e-06,15.248031029873697
Frac. RD (time-space),0.0,0,target_only_noise,0.920475,fractional_subunit,1.541613898756623,0.0027379132282708716,0.82,0.0,0.0,2.4427876261026514e-06,2.4427876261026514e-06,15.248031029873697
Frac. RD (time-space),0.0,0,library_only_noise,0.920475,fractional_subunit,1.541613898756623,0.0027379132282708716,0.82,0.0,0.0,2.4427876261026514e-06,2.4427876261026514e-06,15.248031029873697
Frac. RD (time-space),0.0,0,clean,0.9248375,fractional_subunit,1.5411930125660973,0.0029903058344139997,0.82,0.0,0.0,2.4210625473013385e-06,2.4210625473013385e-06,15.329277050787857
Frac. RD (time-space),0.0,0,fully_noisy,0.9248375,fractional_subunit,1.5411930125660973,0.0029903058344139997,0.82,0.0,0.0,2.4210625473013385e-06,2.4210625473013385e-06,15.329277050787857
Frac. RD (time-space),0.0,0,clean_initial_slice,0.9248375,fractional_subunit,1.5411930125660973,0.0029903058344139997,0.82,0.0,0.0,2.4210625473013385e-06,2.4210625473013385e-06,15.329277050787857
Frac. RD (time-space),0.0,0,target_only_noise,0.9248375,fractional_subunit,1.5411930125660973,0.0029903058344139997,0.82,0.0,0.0,2.4210625473013385e-06,2.4210625473013385e-06,15.329277050787857
Frac. RD (time-space),0.0,0,library_only_noise,0.9248375,fractional_subunit,1.5411930125660973,0.0029903058344139997,0.82,0.0,0.0,2.4210625473013385e-06,2.4210625473013385e-06,15.329277050787857
Frac. RD (time-space),0.0,0,clean,0.9292,fractional_subunit,1.5407632027213933,0.003253884137253276,0.82,0.0,0.0,2.3993819340105936e-06,2.3993819340105936e-06,15.41190679549154
Frac. RD (time-space),0.0,0,fully_noisy,0.9292,fractional_subunit,1.5407632027213933,0.003253884137253276,0.82,0.0,0.0,2.3993819340105936e-06,2.3993819340105936e-06,15.41190679549154
Frac. RD (time-space),0.0,0,clean_initial_slice,0.9292,fractional_subunit,1.5407632027213933,0.003253884137253276,0.82,0.0,0.0,2.3993819340105936e-06,2.3993819340105936e-06,15.41190679549154
Frac. RD (time-space),0.0,0,target_only_noise,0.9292,fractional_subunit,1.5407632027213933,0.003253884137253276,0.82,0.0,0.0,2.3993819340105936e-06,2.3993819340105936e-06,15.41190679549154
Frac. RD (time-space),0.0,0,library_only_noise,0.9292,fractional_subunit,1.5407632027213933,0.003253884137253276,0.82,0.0,0.0,2.3993819340105936e-06,2.3993819340105936e-06,15.41190679549154
Frac. RD (time-space),0.0,0,clean,0.9335625000000001,fractional_subunit,1.5403263168449477,0.0035296940756287505,0.82,0.0,0.0,2.377778336992521e-06,2.377778336992521e-06,15.495905379355726
Frac. RD (time-space),0.0,0,fully_noisy,0.9335625000000001,fractional_subunit,1.5403263168449477,0.0035296940756287505,0.82,0.0,0.0,2.377778336992521e-06,2.377778336992521e-06,15.495905379355726
Frac. RD (time-space),0.0,0,clean_initial_slice,0.9335625000000001,fractional_subunit,1.5403263168449477,0.0035296940756287505,0.82,0.0,0.0,2.377778336992521e-06,2.377778336992521e-06,15.495905379355726
Frac. RD (time-space),0.0,0,target_only_noise,0.9335625000000001,fractional_subunit,1.5403263168449477,0.0035296940756287505,0.82,0.0,0.0,2.377778336992521e-06,2.377778336992521e-06,15.495905379355726
Frac. RD (time-space),0.0,0,library_only_noise,0.9335625000000001,fractional_subunit,1.5403263168449477,0.0035296940756287505,0.82,0.0,0.0,2.377778336992521e-06,2.377778336992521e-06,15.495905379355726
Frac. RD (time-space),0.0,0,clean,0.937925,fractional_subunit,1.539882156024114,0.003817647951330068,0.82,0.0,0.0,2.356245720344617e-06,2.356245720344617e-06,15.581257708704019
Frac. RD (time-space),0.0,0,fully_noisy,0.937925,fractional_subunit,1.539882156024114,0.003817647951330068,0.82,0.0,0.0,2.356245720344617e-06,2.356245720344617e-06,15.581257708704019
Frac. RD (time-space),0.0,0,clean_initial_slice,0.937925,fractional_subunit,1.539882156024114,0.003817647951330068,0.82,0.0,0.0,2.356245720344617e-06,2.356245720344617e-06,15.581257708704019
Frac. RD (time-space),0.0,0,target_only_noise,0.937925,fractional_subunit,1.539882156024114,0.003817647951330068,0.82,0.0,0.0,2.356245720344617e-06,2.356245720344617e-06,15.581257708704019
Frac. RD (time-space),0.0,0,library_only_noise,0.937925,fractional_subunit,1.539882156024114,0.003817647951330068,0.82,0.0,0.0,2.356245720344617e-06,2.356245720344617e-06,15.581257708704019
Frac. RD (time-space),0.0,0,clean,0.9422875,fractional_subunit,1.5396560036552167,0.00411712660197138,0.82,0.0,0.0,2.3347668087781462e-06,2.3347668087781462e-06,15.667948491802074
Frac. RD (time-space),0.0,0,fully_noisy,0.9422875,fractional_subunit,1.5396560036552167,0.00411712660197138,0.82,0.0,0.0,2.3347668087781462e-06,2.3347668087781462e-06,15.667948491802074
Frac. RD (time-space),0.0,0,clean_initial_slice,0.9422875,fractional_subunit,1.5396560036552167,0.00411712660197138,0.82,0.0,0.0,2.3347668087781462e-06,2.3347668087781462e-06,15.667948491802074
Frac. RD (time-space),0.0,0,target_only_noise,0.9422875,fractional_subunit,1.5396560036552167,0.00411712660197138,0.82,0.0,0.0,2.3347668087781462e-06,2.3347668087781462e-06,15.667948491802074
Frac. RD (time-space),0.0,0,library_only_noise,0.9422875,fractional_subunit,1.5396560036552167,0.00411712660197138,0.82,0.0,0.0,2.3347668087781462e-06,2.3347668087781462e-06,15.667948491802074
Frac. RD (time-space),0.0,0,clean,0.94665,fractional_subunit,1.5393307734608035,0.004429887383289153,0.82,0.0,0.0,2.3133845090463973e-06,2.3133845090463973e-06,15.755962249393638
Frac. RD (time-space),0.0,0,fully_noisy,0.94665,fractional_subunit,1.5393307734608035,0.004429887383289153,0.82,0.0,0.0,2.3133845090463973e-06,2.3133845090463973e-06,15.755962249393638
Frac. RD (time-space),0.0,0,clean_initial_slice,0.94665,fractional_subunit,1.5393307734608035,0.004429887383289153,0.82,0.0,0.0,2.3133845090463973e-06,2.3133845090463973e-06,15.755962249393638
Frac. RD (time-space),0.0,0,target_only_noise,0.94665,fractional_subunit,1.5393307734608035,0.004429887383289153,0.82,0.0,0.0,2.3133845090463973e-06,2.3133845090463973e-06,15.755962249393638
Frac. RD (time-space),0.0,0,library_only_noise,0.94665,fractional_subunit,1.5393307734608035,0.004429887383289153,0.82,0.0,0.0,2.3133845090463973e-06,2.3133845090463973e-06,15.755962249393638
Frac. RD (time-space),0.0,0,clean,0.9510125,fractional_subunit,1.538866636903826,0.004753290214564902,0.82,0.0,0.0,2.2920334641462183e-06,2.2920334641462183e-06,15.845283324771295
Frac. RD (time-space),0.0,0,fully_noisy,0.9510125,fractional_subunit,1.538866636903826,0.004753290214564902,0.82,0.0,0.0,2.2920334641462183e-06,2.2920334641462183e-06,15.845283324771295
Frac. RD (time-space),0.0,0,clean_initial_slice,0.9510125,fractional_subunit,1.538866636903826,0.004753290214564902,0.82,0.0,0.0,2.2920334641462183e-06,2.2920334641462183e-06,15.845283324771295
Frac. RD (time-space),0.0,0,target_only_noise,0.9510125,fractional_subunit,1.538866636903826,0.004753290214564902,0.82,0.0,0.0,2.2920334641462183e-06,2.2920334641462183e-06,15.845283324771295
Frac. RD (time-space),0.0,0,library_only_noise,0.9510125,fractional_subunit,1.538866636903826,0.004753290214564902,0.82,0.0,0.0,2.2920334641462183e-06,2.2920334641462183e-06,15.845283324771295
Frac. RD (time-space),0.0,0,clean,0.9553750000000001,fractional_subunit,1.538396412359446,0.005090278368973994,0.82,0.0,0.0,2.2707820960201045e-06,2.2707820960201045e-06,15.935895893372205
Frac. RD (time-space),0.0,0,fully_noisy,0.9553750000000001,fractional_subunit,1.538396412359446,0.005090278368973994,0.82,0.0,0.0,2.2707820960201045e-06,2.2707820960201045e-06,15.935895893372205
Frac. RD (time-space),0.0,0,clean_initial_slice,0.9553750000000001,fractional_subunit,1.538396412359446,0.005090278368973994,0.82,0.0,0.0,2.2707820960201045e-06,2.2707820960201045e-06,15.935895893372205
Frac. RD (time-space),0.0,0,target_only_noise,0.9553750000000001,fractional_subunit,1.538396412359446,0.005090278368973994,0.82,0.0,0.0,2.2707820960201045e-06,2.2707820960201045e-06,15.935895893372205
Frac. RD (time-space),0.0,0,library_only_noise,0.9553750000000001,fractional_subunit,1.538396412359446,0.005090278368973994,0.82,0.0,0.0,2.2707820960201045e-06,2.2707820960201045e-06,15.935895893372205
Frac. RD (time-space),0.0,0,clean,0.9597375,fractional_subunit,1.5379165691593353,0.0054388486945227375,0.82,0.0,0.0,2.2495837600570904e-06,2.2495837600570904e-06,16.027783971891125
Frac. RD (time-space),0.0,0,fully_noisy,0.9597375,fractional_subunit,1.5379165691593353,0.0054388486945227375,0.82,0.0,0.0,2.2495837600570904e-06,2.2495837600570904e-06,16.027783971891125
Frac. RD (time-space),0.0,0,clean_initial_slice,0.9597375,fractional_subunit,1.5379165691593353,0.0054388486945227375,0.82,0.0,0.0,2.2495837600570904e-06,2.2495837600570904e-06,16.027783971891125
Frac. RD (time-space),0.0,0,target_only_noise,0.9597375,fractional_subunit,1.5379165691593353,0.0054388486945227375,0.82,0.0,0.0,2.2495837600570904e-06,2.2495837600570904e-06,16.027783971891125
Frac. RD (time-space),0.0,0,library_only_noise,0.9597375,fractional_subunit,1.5379165691593353,0.0054388486945227375,0.82,0.0,0.0,2.2495837600570904e-06,2.2495837600570904e-06,16.027783971891125
Frac. RD (time-space),0.0,0,clean,0.9641,fractional_subunit,1.5374288397789688,0.00580023287530453,0.82,0.0,0.0,2.228464555016925e-06,2.228464555016925e-06,16.120931426904708
Frac. RD (time-space),0.0,0,fully_noisy,0.9641,fractional_subunit,1.5374288397789688,0.00580023287530453,0.82,0.0,0.0,2.228464555016925e-06,2.228464555016925e-06,16.120931426904708
Frac. RD (time-space),0.0,0,clean_initial_slice,0.9641,fractional_subunit,1.5374288397789688,0.00580023287530453,0.82,0.0,0.0,2.228464555016925e-06,2.228464555016925e-06,16.120931426904708
Frac. RD (time-space),0.0,0,target_only_noise,0.9641,fractional_subunit,1.5374288397789688,0.00580023287530453,0.82,0.0,0.0,2.228464555016925e-06,2.228464555016925e-06,16.120931426904708
Frac. RD (time-space),0.0,0,library_only_noise,0.9641,fractional_subunit,1.5374288397789688,0.00580023287530453,0.82,0.0,0.0,2.228464555016925e-06,2.228464555016925e-06,16.120931426904708
Frac. RD (time-space),0.0,0,clean,0.9684625,fractional_subunit,1.5369329766261677,0.006174486059147737,0.82,0.0,0.0,2.207423107979773e-06,2.207423107979773e-06,16.2153219830031
Frac. RD (time-space),0.0,0,fully_noisy,0.9684625,fractional_subunit,1.5369329766261677,0.006174486059147737,0.82,0.0,0.0,2.207423107979773e-06,2.207423107979773e-06,16.2153219830031
Frac. RD (time-space),0.0,0,clean_initial_slice,0.9684625,fractional_subunit,1.5369329766261677,0.006174486059147737,0.82,0.0,0.0,2.207423107979773e-06,2.207423107979773e-06,16.2153219830031
Frac. RD (time-space),0.0,0,target_only_noise,0.9684625,fractional_subunit,1.5369329766261677,0.006174486059147737,0.82,0.0,0.0,2.207423107979773e-06,2.207423107979773e-06,16.2153219830031
Frac. RD (time-space),0.0,0,library_only_noise,0.9684625,fractional_subunit,1.5369329766261677,0.006174486059147737,0.82,0.0,0.0,2.207423107979773e-06,2.207423107979773e-06,16.2153219830031
Frac. RD (time-space),0.0,0,clean,0.972825,fractional_subunit,1.536427311513506,0.00656051351492833,0.82,0.0,0.0,2.1864391900821923e-06,2.1864391900821923e-06,16.310939230426396
Frac. RD (time-space),0.0,0,fully_noisy,0.972825,fractional_subunit,1.536427311513506,0.00656051351492833,0.82,0.0,0.0,2.1864391900821923e-06,2.1864391900821923e-06,16.310939230426396
Frac. RD (time-space),0.0,0,clean_initial_slice,0.972825,fractional_subunit,1.536427311513506,0.00656051351492833,0.82,0.0,0.0,2.1864391900821923e-06,2.1864391900821923e-06,16.310939230426396
Frac. RD (time-space),0.0,0,target_only_noise,0.972825,fractional_subunit,1.536427311513506,0.00656051351492833,0.82,0.0,0.0,2.1864391900821923e-06,2.1864391900821923e-06,16.310939230426396
Frac. RD (time-space),0.0,0,library_only_noise,0.972825,fractional_subunit,1.536427311513506,0.00656051351492833,0.82,0.0,0.0,2.1864391900821923e-06,2.1864391900821923e-06,16.310939230426396
Frac. RD (time-space),0.0,0,clean,0.9771875000000001,fractional_subunit,1.5359149368054272,0.00696087746997383,0.82,0.0,0.0,2.1655566015898277e-06,2.1655566015898277e-06,16.407766632205053
Frac. RD (time-space),0.0,0,fully_noisy,0.9771875000000001,fractional_subunit,1.5359149368054272,0.00696087746997383,0.82,0.0,0.0,2.1655566015898277e-06,2.1655566015898277e-06,16.407766632205053
Frac. RD (time-space),0.0,0,clean_initial_slice,0.9771875000000001,fractional_subunit,1.5359149368054272,0.00696087746997383,0.82,0.0,0.0,2.1655566015898277e-06,2.1655566015898277e-06,16.407766632205053
Frac. RD (time-space),0.0,0,target_only_noise,0.9771875000000001,fractional_subunit,1.5359149368054272,0.00696087746997383,0.82,0.0,0.0,2.1655566015898277e-06,2.1655566015898277e-06,16.407766632205053
Frac. RD (time-space),0.0,0,library_only_noise,0.9771875000000001,fractional_subunit,1.5359149368054272,0.00696087746997383,0.82,0.0,0.0,2.1655566015898277e-06,2.1655566015898277e-06,16.407766632205053
Frac. RD (time-space),0.0,0,clean,0.98155,fractional_subunit,1.5353908777549548,0.007371810163877674,0.82,0.0,0.0,2.1447113418163207e-06,2.1447113418163207e-06,16.505787530805026
Frac. RD (time-space),0.0,0,fully_noisy,0.98155,fractional_subunit,1.5353908777549548,0.007371810163877674,0.82,0.0,0.0,2.1447113418163207e-06,2.1447113418163207e-06,16.505787530805026
Frac. RD (time-space),0.0,0,clean_initial_slice,0.98155,fractional_subunit,1.5353908777549548,0.007371810163877674,0.82,0.0,0.0,2.1447113418163207e-06,2.1447113418163207e-06,16.505787530805026
Frac. RD (time-space),0.0,0,target_only_noise,0.98155,fractional_subunit,1.5353908777549548,0.007371810163877674,0.82,0.0,0.0,2.1447113418163207e-06,2.1447113418163207e-06,16.505787530805026
Frac. RD (time-space),0.0,0,library_only_noise,0.98155,fractional_subunit,1.5353908777549548,0.007371810163877674,0.82,0.0,0.0,2.1447113418163207e-06,2.1447113418163207e-06,16.505787530805026
Frac. RD (time-space),0.0,0,clean,0.9859125,fractional_subunit,1.5348598485605807,0.007797305649050696,0.82,0.0,0.0,2.1239682502903897e-06,2.1239682502903897e-06,16.60498515427946
Frac. RD (time-space),0.0,0,fully_noisy,0.9859125,fractional_subunit,1.5348598485605807,0.007797305649050696,0.82,0.0,0.0,2.1239682502903897e-06,2.1239682502903897e-06,16.60498515427946
Frac. RD (time-space),0.0,0,clean_initial_slice,0.9859125,fractional_subunit,1.5348598485605807,0.007797305649050696,0.82,0.0,0.0,2.1239682502903897e-06,2.1239682502903897e-06,16.60498515427946
Frac. RD (time-space),0.0,0,target_only_noise,0.9859125,fractional_subunit,1.5348598485605807,0.007797305649050696,0.82,0.0,0.0,2.1239682502903897e-06,2.1239682502903897e-06,16.60498515427946
Frac. RD (time-space),0.0,0,library_only_noise,0.9859125,fractional_subunit,1.5348598485605807,0.007797305649050696,0.82,0.0,0.0,2.1239682502903897e-06,2.1239682502903897e-06,16.60498515427946
Frac. RD (time-space),0.0,0,clean,0.990275,fractional_subunit,1.5343185571650513,0.008234820009503076,0.82,0.0,0.0,2.1032863027326224e-06,2.1032863027326224e-06,16.70534262193033
Frac. RD (time-space),0.0,0,fully_noisy,0.990275,fractional_subunit,1.5343185571650513,0.008234820009503076,0.82,0.0,0.0,2.1032863027326224e-06,2.1032863027326224e-06,16.70534262193033
Frac. RD (time-space),0.0,0,clean_initial_slice,0.990275,fractional_subunit,1.5343185571650513,0.008234820009503076,0.82,0.0,0.0,2.1032863027326224e-06,2.1032863027326224e-06,16.70534262193033
Frac. RD (time-space),0.0,0,target_only_noise,0.990275,fractional_subunit,1.5343185571650513,0.008234820009503076,0.82,0.0,0.0,2.1032863027326224e-06,2.1032863027326224e-06,16.70534262193033
Frac. RD (time-space),0.0,0,library_only_noise,0.990275,fractional_subunit,1.5343185571650513,0.008234820009503076,0.82,0.0,0.0,2.1032863027326224e-06,2.1032863027326224e-06,16.70534262193033
Frac. RD (time-space),0.0,0,clean,0.9946375000000001,fractional_subunit,1.5337685916851094,0.00868590032603692,0.82,0.0,0.0,2.0826885728956493e-06,2.0826885728956493e-06,16.806842949484334
Frac. RD (time-space),0.0,0,fully_noisy,0.9946375000000001,fractional_subunit,1.5337685916851094,0.00868590032603692,0.82,0.0,0.0,2.0826885728956493e-06,2.0826885728956493e-06,16.806842949484334
Frac. RD (time-space),0.0,0,clean_initial_slice,0.9946375000000001,fractional_subunit,1.5337685916851094,0.00868590032603692,0.82,0.0,0.0,2.0826885728956493e-06,2.0826885728956493e-06,16.806842949484334
Frac. RD (time-space),0.0,0,target_only_noise,0.9946375000000001,fractional_subunit,1.5337685916851094,0.00868590032603692,0.82,0.0,0.0,2.0826885728956493e-06,2.0826885728956493e-06,16.806842949484334
Frac. RD (time-space),0.0,0,library_only_noise,0.9946375000000001,fractional_subunit,1.5337685916851094,0.00868590032603692,0.82,0.0,0.0,2.0826885728956493e-06,2.0826885728956493e-06,16.806842949484334
Frac. RD (time-space),0.0,0,clean,0.999,fractional_subunit,1.5332099841282052,0.009150875588373998,0.82,0.0,0.0,2.0621775475005748e-06,2.0621775475005748e-06,16.90946905378848
Frac. RD (time-space),0.0,0,fully_noisy,0.999,fractional_subunit,1.5332099841282052,0.009150875588373998,0.82,0.0,0.0,2.0621775475005748e-06,2.0621775475005748e-06,16.90946905378848
Frac. RD (time-space),0.0,0,clean_initial_slice,0.999,fractional_subunit,1.5332099841282052,0.009150875588373998,0.82,0.0,0.0,2.0621775475005748e-06,2.0621775475005748e-06,16.90946905378848
Frac. RD (time-space),0.0,0,target_only_noise,0.999,fractional_subunit,1.5332099841282052,0.009150875588373998,0.82,0.0,0.0,2.0621775475005748e-06,2.0621775475005748e-06,16.90946905378848
Frac. RD (time-space),0.0,0,library_only_noise,0.999,fractional_subunit,1.5332099841282052,0.009150875588373998,0.82,0.0,0.0,2.0621775475005748e-06,2.0621775475005748e-06,16.90946905378848
Frac. RD (time-space),0.0,0,clean,1.0,integer,1.5290283093119392,0.009027495382855992,0.82,0.0,0.0,2.04172242330914e-06,2.04172242330914e-06,16.842390344823926
Frac. RD (time-space),0.0,0,fully_noisy,1.0,integer,1.5290283093119392,0.009027495382855992,0.82,0.0,0.0,2.04172242330914e-06,2.04172242330914e-06,16.842390344823926
Frac. RD (time-space),0.0,0,clean_initial_slice,1.0,integer,1.5290283093119392,0.009027495382855992,0.82,0.0,0.0,2.04172242330914e-06,2.04172242330914e-06,16.842390344823926
Frac. RD (time-space),0.0,0,target_only_noise,1.0,integer,1.5290283093119392,0.009027495382855992,0.82,0.0,0.0,2.04172242330914e-06,2.04172242330914e-06,16.842390344823926
Frac. RD (time-space),0.0,0,library_only_noise,1.0,integer,1.5290283093119392,0.009027495382855992,0.82,0.0,0.0,2.04172242330914e-06,2.04172242330914e-06,16.842390344823926
Frac. RD (time-space),2.0,0,clean,0.65,fractional_subunit,1.5564193764565708,0.007072680337285507,0.82,0.006061044480836697,0.004395303064291809,3.8874379867907e-06,4.026994295018051e-06,13.277509049022544
Frac. RD (time-space),2.0,0,fully_noisy,0.65,fractional_subunit,1.8134941283627128,0.0126799687132501,0.82,0.006061044480836697,0.004395303064291809,3.8874379867907e-06,4.026994295018051e-06,13.277509049022544
Frac. RD (time-space),2.0,0,clean_initial_slice,0.65,fractional_subunit,1.5997493189368281,0.010557106382397513,0.82,0.006061044480836697,0.004395303064291809,3.8874379867907e-06,4.026994295018051e-06,13.277509049022544
Frac. RD (time-space),2.0,0,target_only_noise,0.65,fractional_subunit,1.816444209699143,0.01237485521137561,0.82,0.006061044480836697,0.004395303064291809,3.8874379867907e-06,4.026994295018051e-06,13.277509049022544
Frac. RD (time-space),2.0,0,library_only_noise,0.65,fractional_subunit,1.556894453651568,0.0071072440178995035,0.82,0.006061044480836697,0.004395303064291809,3.8874379867907e-06,4.026994295018051e-06,13.277509049022544
Frac. RD (time-space),2.0,0,clean,0.6543625000000001,fractional_subunit,1.556315686158974,0.006737160776148575,0.82,0.006034437744013249,0.004342391119330859,3.863087783941366e-06,4.000787012787472e-06,13.260951070164767
Frac. RD (time-space),2.0,0,fully_noisy,0.6543625000000001,fractional_subunit,1.8115601767739467,0.012416854275312016,0.82,0.006034437744013249,0.004342391119330859,3.863087783941366e-06,4.000787012787472e-06,13.260951070164767
Frac. RD (time-space),2.0,0,clean_initial_slice,0.6543625000000001,fractional_subunit,1.5998311871607351,0.010302424865207325,0.82,0.006034437744013249,0.004342391119330859,3.863087783941366e-06,4.000787012787472e-06,13.260951070164767
Frac. RD (time-space),2.0,0,target_only_noise,0.6543625000000001,fractional_subunit,1.8145049772185884,0.01211227906021592,0.82,0.006034437744013249,0.004342391119330859,3.863087783941366e-06,4.000787012787472e-06,13.260951070164767
Frac. RD (time-space),2.0,0,library_only_noise,0.6543625000000001,fractional_subunit,1.5568020079345974,0.006771476612482797,0.82,0.006034437744013249,0.004342391119330859,3.863087783941366e-06,4.000787012787472e-06,13.260951070164767
Frac. RD (time-space),2.0,0,clean,0.658725,fractional_subunit,1.556210209833836,0.006408233049979388,0.82,0.006008337087588334,0.004289494253120778,3.838804506659066e-06,3.9746605616381764e-06,13.2458211967503
Frac. RD (time-space),2.0,0,fully_noisy,0.658725,fractional_subunit,1.8096125869515587,0.012161502845774247,0.82,0.006008337087588334,0.004289494253120778,3.838804506659066e-06,3.9746605616381764e-06,13.2458211967503
Frac. RD (time-space),2.0,0,clean_initial_slice,0.658725,fractional_subunit,1.5999114673614414,0.010055822255397638,0.82,0.006008337087588334,0.004289494253120778,3.838804506659066e-06,3.9746605616381764e-06,13.2458211967503
Frac. RD (time-space),2.0,0,target_only_noise,0.658725,fractional_subunit,1.8125520472462526,0.01185747596904437,0.82,0.006008337087588334,0.004289494253120778,3.838804506659066e-06,3.9746605616381764e-06,13.2458211967503
Frac. RD (time-space),2.0,0,library_only_noise,0.658725,fractional_subunit,1.5567111929711028,0.006442299029364959,0.82,0.006008337087588334,0.004289494253120778,3.838804506659066e-06,3.9746605616381764e-06,13.2458211967503
Frac. RD (time-space),2.0,0,clean,0.6630875,fractional_subunit,1.5560970449029727,0.00608710683527109,0.82,0.005982721157904824,0.0042365710350938685,3.814512385992123e-06,3.9485389350651875e-06,13.232134770685471
Frac. RD (time-space),2.0,0,fully_noisy,0.6630875,fractional_subunit,1.8076494115188473,0.011914983992547864,0.82,0.005982721157904824,0.0042365710350938685,3.814512385992123e-06,3.9485389350651875e-06,13.232134770685471
Frac. RD (time-space),2.0,0,clean_initial_slice,0.6630875,fractional_subunit,1.5999858023225517,0.009818505354649211,0.82,0.005982721157904824,0.0042365710350938685,3.814512385992123e-06,3.9485389350651875e-06,13.232134770685471
Frac. RD (time-space),2.0,0,target_only_noise,0.6630875,fractional_subunit,1.8105834320189407,0.011611524872608338,0.82,0.005982721157904824,0.0042365710350938685,3.814512385992123e-06,3.9485389350651875e-06,13.232134770685471
Frac. RD (time-space),2.0,0,library_only_noise,0.6630875,fractional_subunit,1.5566160370691118,0.006120920720240554,0.82,0.005982721157904824,0.0042365710350938685,3.814512385992123e-06,3.9485389350651875e-06,13.232134770685471
Frac. RD (time-space),2.0,0,clean,0.66745,fractional_subunit,1.5559840557462852,0.005773314836036548,0.82,0.0059576142151954664,0.0041836430350507894,3.7902486910994593e-06,3.922459637813094e-06,13.2199067737225
Frac. RD (time-space),2.0,0,fully_noisy,0.66745,fractional_subunit,1.8056713537620455,0.011676930069752336,0.82,0.0059576142151954664,0.0041836430350507894,3.7902486910994593e-06,3.922459637813094e-06,13.2199067737225
Frac. RD (time-space),2.0,0,clean_initial_slice,0.66745,fractional_subunit,1.600056169637003,0.009590043876196873,0.82,0.0059576142151954664,0.0041836430350507894,3.7902486910994593e-06,3.922459637813094e-06,13.2199067737225
Frac. RD (time-space),2.0,0,target_only_noise,0.66745,fractional_subunit,1.8085998512006574,0.011374054000752679,0.82,0.0059576142151954664,0.0041836430350507894,3.7902486910994593e-06,3.922459637813094e-06,13.2199067737225
Frac. RD (time-space),2.0,0,library_only_noise,0.66745,fractional_subunit,1.5565177248050635,0.0058068744906832745,0.82,0.0059576142151954664,0.0041836430350507894,3.7902486910994593e-06,3.922459637813094e-06,13.2199067737225
Frac. RD (time-space),2.0,0,clean,0.6718125,fractional_subunit,1.5558679733317804,0.005466867948736798,0.82,0.005933026658255328,0.004130711707225042,3.7660174622198754e-06,3.896426737918475e-06,13.209151808362485
Frac. RD (time-space),2.0,0,fully_noisy,0.6718125,fractional_subunit,1.8036782873183808,0.01144738707475345,0.82,0.005933026658255328,0.004130711707225042,3.7660174622198754e-06,3.896426737918475e-06,13.209151808362485
Frac. RD (time-space),2.0,0,clean_initial_slice,0.6718125,fractional_subunit,1.6001227435221543,0.00937047894393782,0.82,0.005933026658255328,0.004130711707225042,3.7660174622198754e-06,3.896426737918475e-06,13.209151808362485
Frac. RD (time-space),2.0,0,target_only_noise,0.6718125,fractional_subunit,1.8066011793904224,0.01114510902502491,0.82,0.005933026658255328,0.004130711707225042,3.7660174622198754e-06,3.896426737918475e-06,13.209151808362485
Frac. RD (time-space),2.0,0,library_only_noise,0.6718125,fractional_subunit,1.5564163475795387,0.005500171231698015,0.82,0.005933026658255328,0.004130711707225042,3.7660174622198754e-06,3.896426737918475e-06,13.209151808362485
Frac. RD (time-space),2.0,0,clean,0.676175,fractional_subunit,1.555747285474831,0.005168462146789676,0.82,0.005908953228371936,0.004077757276193206,3.7417770014770776e-06,3.870398611062411e-06,13.199884079053813
Frac. RD (time-space),2.0,0,fully_noisy,0.676175,fractional_subunit,1.8017263801648247,0.01122697363151212,0.82,0.005908953228371936,0.004077757276193206,3.7417770014770776e-06,3.870398611062411e-06,13.199884079053813
Frac. RD (time-space),2.0,0,clean_initial_slice,0.676175,fractional_subunit,1.600182897923886,0.009160511102822582,0.82,0.005908953228371936,0.004077757276193206,3.7417770014770776e-06,3.870398611062411e-06,13.199884079053813
Frac. RD (time-space),2.0,0,target_only_noise,0.676175,fractional_subunit,1.8045862981826521,0.01092531423097908,0.82,0.005908953228371936,0.004077757276193206,3.7417770014770776e-06,3.870398611062411e-06,13.199884079053813
Frac. RD (time-space),2.0,0,library_only_noise,0.676175,fractional_subunit,1.5563103521473542,0.0052015068164499596,0.82,0.005908953228371936,0.004077757276193206,3.7417770014770776e-06,3.870398611062411e-06,13.199884079053813
Frac. RD (time-space),2.0,0,clean,0.6805375,fractional_subunit,1.5556246441835915,0.004877035655152427,0.82,0.005885430654867305,0.004024819354951185,3.717605904436373e-06,3.844453939502061e-06,13.192117373744946
Frac. RD (time-space),2.0,0,fully_noisy,0.6805375,fractional_subunit,1.8009976466688953,0.011014955708683112,0.82,0.005885430654867305,0.004024819354951185,3.717605904436373e-06,3.844453939502061e-06,13.192117373744946
Frac. RD (time-space),2.0,0,clean_initial_slice,0.6805375,fractional_subunit,1.6002412581327041,0.008959142891060019,0.82,0.005885430654867305,0.004024819354951185,3.717605904436373e-06,3.844453939502061e-06,13.192117373744946
Frac. RD (time-space),2.0,0,target_only_noise,0.6805375,fractional_subunit,1.8025567956953295,0.010713808132190875,0.82,0.005885430654867305,0.004024819354951185,3.717605904436373e-06,3.844453939502061e-06,13.192117373744946
Frac. RD (time-space),2.0,0,library_only_noise,0.6805375,fractional_subunit,1.556202466119109,0.004909819641562958,0.82,0.005885430654867305,0.004024819354951185,3.717605904436373e-06,3.844453939502061e-06,13.192117373744946
Frac. RD (time-space),2.0,0,clean,0.6849000000000001,fractional_subunit,1.5554961918773464,0.004594216448101177,0.82,0.005862431920578139,0.003971845088335932,3.6933958817257656e-06,3.818484547614884e-06,13.185865045850832
Frac. RD (time-space),2.0,0,fully_noisy,0.6849000000000001,fractional_subunit,1.7989413162236216,0.010812660326036385,0.82,0.005862431920578139,0.003971845088335932,3.6933958817257656e-06,3.818484547614884e-06,13.185865045850832
Frac. RD (time-space),2.0,0,clean_initial_slice,0.6849000000000001,fractional_subunit,1.6002911087292493,0.008767976927566024,0.82,0.005862431920578139,0.003971845088335932,3.6933958817257656e-06,3.818484547614884e-06,13.185865045850832
Frac. RD (time-space),2.0,0,target_only_noise,0.6849000000000001,fractional_subunit,1.8017226302013505,0.010512041919266517,0.82,0.005862431920578139,0.003971845088335932,3.6933958817257656e-06,3.818484547614884e-06,13.185865045850832
Frac. RD (time-space),2.0,0,library_only_noise,0.6849000000000001,fractional_subunit,1.556088725278399,0.004626737437813639,0.82,0.005862431920578139,0.003971845088335932,3.6933958817257656e-06,3.818484547614884e-06,13.185865045850832
Frac. RD (time-space),2.0,0,clean,0.6892625,fractional_subunit,1.5553655804970914,0.004318581361938527,0.82,0.005840001666238022,0.00391888748394319,3.6692530423983264e-06,3.792596561917545e-06,13.181139996691476
Frac. RD (time-space),2.0,0,fully_noisy,0.6892625,fractional_subunit,1.7968698525104125,0.010618892289258025,0.82,0.005840001666238022,0.00391888748394319,3.6692530423983264e-06,3.792596561917545e-06,13.181139996691476
Frac. RD (time-space),2.0,0,clean_initial_slice,0.6892625,fractional_subunit,1.6003388275521424,0.008585668308495165,0.82,0.005840001666238022,0.00391888748394319,3.6692530423983264e-06,3.792596561917545e-06,13.181139996691476
Frac. RD (time-space),2.0,0,target_only_noise,0.6892625,fractional_subunit,1.799704200598731,0.010318930315050115,0.82,0.005840001666238022,0.00391888748394319,3.6692530423983264e-06,3.792596561917545e-06,13.181139996691476
Frac. RD (time-space),2.0,0,library_only_noise,0.6892625,fractional_subunit,1.5559728852274979,0.004350837264849942,0.82,0.005840001666238022,0.00391888748394319,3.6692530423983264e-06,3.792596561917545e-06,13.181139996691476
Frac. RD (time-space),2.0,0,clean,0.693625,fractional_subunit,1.5552304147610334,0.004051124223050235,0.82,0.005818128241882265,0.00386591484462261,3.6451117574434516e-06,3.7667244914179806e-06,13.177954658460774
Frac. RD (time-space),2.0,0,fully_noisy,0.693625,fractional_subunit,1.7947817326632174,0.01043451056944758,0.82,0.005818128241882265,0.00386591484462261,3.6451117574434516e-06,3.7667244914179806e-06,13.177954658460774
Frac. RD (time-space),2.0,0,clean_initial_slice,0.693625,fractional_subunit,1.6003802423795779,0.008413207870135178,0.82,0.005818128241882265,0.00386591484462261,3.6451117574434516e-06,3.7667244914179806e-06,13.177954658460774
Frac. RD (time-space),2.0,0,target_only_noise,0.693625,fractional_subunit,1.797609641581053,0.01013522582672686,0.82,0.005818128241882265,0.00386591484462261,3.6451117574434516e-06,3.7667244914179806e-06,13.177954658460774
Frac. RD (time-space),2.0,0,library_only_noise,0.693625,fractional_subunit,1.5558524850439697,0.004083112805207432,0.82,0.005818128241882265,0.00386591484462261,3.6451117574434516e-06,3.7667244914179806e-06,13.177954658460774
Frac. RD (time-space),2.0,0,clean,0.6979875,fractional_subunit,1.555091635714561,0.0037915333974980043,0.82,0.00579683030615832,0.003812942621619951,3.6210008074656583e-06,3.7408971822212926e-06,13.17632097778248
Frac. RD (time-space),2.0,0,fully_noisy,0.6979875,fractional_subunit,1.7926773481883684,0.010259297532741327,0.82,0.00579683030615832,0.003812942621619951,3.6210008074656583e-06,3.7408971822212926e-06,13.17632097778248
Frac. RD (time-space),2.0,0,clean_initial_slice,0.6979875,fractional_subunit,1.600416998639048,0.00825032427058031,0.82,0.00579683030615832,0.003812942621619951,3.6210008074656583e-06,3.7408971822212926e-06,13.17632097778248
Frac. RD (time-space),2.0,0,target_only_noise,0.6979875,fractional_subunit,1.7954988031134163,0.009960707234188152,0.82,0.00579683030615832,0.003812942621619951,3.6210008074656583e-06,3.7408971822212926e-06,13.17632097778248
Frac. RD (time-space),2.0,0,library_only_noise,0.6979875,fractional_subunit,1.5557284934246665,0.0038232524832557332,0.82,0.00579683030615832,0.003812942621619951,3.6210008074656583e-06,3.7408971822212926e-06,13.17632097778248
Frac. RD (time-space),2.0,0,clean,0.70235,fractional_subunit,1.5549495841470957,0.0035397369765413954,0.82,0.005776120001120621,0.0037599751971382493,3.596931034998008e-06,3.7151254631477576e-06,13.176250399908751
Frac. RD (time-space),2.0,0,fully_noisy,0.70235,fractional_subunit,1.7905566945611602,0.010093240051773446,0.82,0.005776120001120621,0.0037599751971382493,3.596931034998008e-06,3.7151254631477576e-06,13.176250399908751
Frac. RD (time-space),2.0,0,clean_initial_slice,0.70235,fractional_subunit,1.60044972248512,0.00809698439313151,0.82,0.005776120001120621,0.0037599751971382493,3.596931034998008e-06,3.7151254631477576e-06,13.176250399908751
Frac. RD (time-space),2.0,0,target_only_noise,0.70235,fractional_subunit,1.7933716012457872,0.009795360085400074,0.82,0.005776120001120621,0.0037599751971382493,3.596931034998008e-06,3.7151254631477576e-06,13.176250399908751
Frac. RD (time-space),2.0,0,library_only_noise,0.70235,fractional_subunit,1.5556012625492306,0.003571184393038402,0.82,0.005776120001120621,0.0037599751971382493,3.596931034998008e-06,3.7151254631477576e-06,13.176250399908751
Frac. RD (time-space),2.0,0,clean,0.7067125000000001,fractional_subunit,1.554802434871513,0.0032964436888757646,0.82,0.0057559941980591875,0.0037069935791228287,3.572855596877952e-06,3.6893628094800833e-06,13.177753853615
Frac. RD (time-space),2.0,0,fully_noisy,0.7067125000000001,fractional_subunit,1.7884186011639365,0.009936945705561051,0.82,0.0057559941980591875,0.0037069935791228287,3.572855596877952e-06,3.6893628094800833e-06,13.177753853615
Frac. RD (time-space),2.0,0,clean_initial_slice,0.7067125000000001,fractional_subunit,1.6004751859171171,0.007953896264646387,0.82,0.0057559941980591875,0.0037069935791228287,3.572855596877952e-06,3.6893628094800833e-06,13.177753853615
Frac. RD (time-space),2.0,0,target_only_noise,0.7067125000000001,fractional_subunit,1.791226830075182,0.009639799128037896,0.82,0.0057559941980591875,0.0037069935791228287,3.572855596877952e-06,3.6893628094800833e-06,13.177753853615
Frac. RD (time-space),2.0,0,library_only_noise,0.7067125000000001,fractional_subunit,1.5554688129350898,0.0033276171948829515,0.82,0.0057559941980591875,0.0037069935791228287,3.572855596877952e-06,3.6893628094800833e-06,13.177753853615
Frac. RD (time-space),2.0,0,clean,0.711075,fractional_subunit,1.5546530613544394,0.0030606981780088296,0.82,0.005736482869536699,0.0036540322241875225,3.548853282537876e-06,3.6636876815586676e-06,13.18084173684247
Frac. RD (time-space),2.0,0,fully_noisy,0.711075,fractional_subunit,1.7862645101458052,0.009789701338546515,0.82,0.005736482869536699,0.0036540322241875225,3.548853282537876e-06,3.6636876815586676e-06,13.18084173684247
Frac. RD (time-space),2.0,0,clean_initial_slice,0.711075,fractional_subunit,1.60049849571145,0.007820183985644968,0.82,0.005736482869536699,0.0036540322241875225,3.548853282537876e-06,3.6636876815586676e-06,13.18084173684247
Frac. RD (time-space),2.0,0,target_only_noise,0.711075,fractional_subunit,1.7890659852419049,0.009493300058844467,0.82,0.005736482869536699,0.0036540322241875225,3.548853282537876e-06,3.6636876815586676e-06,13.18084173684247
Frac. RD (time-space),2.0,0,library_only_noise,0.711075,fractional_subunit,1.5553341917999681,0.003091595634190984,0.82,0.005736482869536699,0.0036540322241875225,3.548853282537876e-06,3.6636876815586676e-06,13.18084173684247
Frac. RD (time-space),2.0,0,clean,0.7154375000000001,fractional_subunit,1.5544975439300386,0.002833869111461408,0.82,0.005717570326975661,0.0036010494764615927,3.5248237872490536e-06,3.6380004279044894e-06,13.185523903137604
Frac. RD (time-space),2.0,0,fully_noisy,0.7154375000000001,fractional_subunit,1.7840921226738826,0.009652627450635744,0.82,0.005717570326975661,0.0036010494764615927,3.5248237872490536e-06,3.6380004279044894e-06,13.185523903137604
Frac. RD (time-space),2.0,0,clean_initial_slice,0.7154375000000001,fractional_subunit,1.6005127863380988,0.007697184306946467,0.82,0.005717570326975661,0.0036010494764615927,3.5248237872490536e-06,3.6380004279044894e-06,13.185523903137604
Frac. RD (time-space),2.0,0,target_only_noise,0.7154375000000001,fractional_subunit,1.7868866948711617,0.009356998548692928,0.82,0.005717570326975661,0.0036010494764615927,3.5248237872490536e-06,3.6380004279044894e-06,13.185523903137604
Frac. RD (time-space),2.0,0,library_only_noise,0.7154375000000001,fractional_subunit,1.5551934386236215,0.0028644882484628593,0.82,0.005717570326975661,0.0036010494764615927,3.5248237872490536e-06,3.6380004279044894e-06,13.185523903137604
Frac. RD (time-space),2.0,0,clean,0.7198,fractional_subunit,1.554339397999599,0.0026148357981323027,0.82,0.005699288884666942,0.003548086288189788,3.5008619598880962e-06,3.6123954108262836e-06,13.191809648934365
Frac. RD (time-space),2.0,0,fully_noisy,0.7198,fractional_subunit,1.7819032110574737,0.009524894723539614,0.82,0.005699288884666942,0.003548086288189788,3.5008619598880962e-06,3.6123954108262836e-06,13.191809648934365
Frac. RD (time-space),2.0,0,clean_initial_slice,0.7198,fractional_subunit,1.6005243292736375,0.00758386700434422,0.82,0.005699288884666942,0.003548086288189788,3.5008619598880962e-06,3.6123954108262836e-06,13.191809648934365
Frac. RD (time-space),2.0,0,target_only_noise,0.7198,fractional_subunit,1.784690790852386,0.009230051552718284,0.82,0.005699288884666942,0.003548086288189788,3.5008619598880962e-06,3.6123954108262836e-06,13.191809648934365
Frac. RD (time-space),2.0,0,library_only_noise,0.7198,fractional_subunit,1.5550501759416204,0.0026451744574502467,0.82,0.005699288884666942,0.003548086288189788,3.5008619598880962e-06,3.6123954108262836e-06,13.191809648934365
Frac. RD (time-space),2.0,0,clean,0.7241625,fractional_subunit,1.5541764599223735,0.0024043714971283495,0.82,0.005681634681998031,0.003495119766428189,3.47691173369914e-06,3.5868169958542798e-06,13.19970770172242
Frac. RD (time-space),2.0,0,fully_noisy,0.7241625,fractional_subunit,1.7796963891166355,0.009407150391679477,0.82,0.005681634681998031,0.003495119766428189,3.47691173369914e-06,3.5868169958542798e-06,13.19970770172242
Frac. RD (time-space),2.0,0,clean_initial_slice,0.7241625,fractional_subunit,1.6005291786931712,0.007481003417395649,0.82,0.005681634681998031,0.003495119766428189,3.47691173369914e-06,3.5868169958542798e-06,13.19970770172242
Frac. RD (time-space),2.0,0,target_only_noise,0.7241625,fractional_subunit,1.7824768466112773,0.009113115058266369,0.82,0.005681634681998031,0.003495119766428189,3.47691173369914e-06,3.5868169958542798e-06,13.19970770172242
Frac. RD (time-space),2.0,0,library_only_noise,0.7241625,fractional_subunit,1.5549021185706768,0.0024344274515879613,0.82,0.005681634681998031,0.003495119766428189,3.47691173369914e-06,3.5868169958542798e-06,13.19970770172242
Frac. RD (time-space),2.0,0,clean,0.728525,fractional_subunit,1.5540094404486664,0.002202305519267601,0.82,0.005664621676994422,0.003442160417692211,3.452993991341421e-06,3.5612860377527253e-06,13.209226209140832
Frac. RD (time-space),2.0,0,fully_noisy,0.728525,fractional_subunit,1.7774719070850402,0.009299309861838648,0.82,0.005664621676994422,0.003442160417692211,3.452993991341421e-06,3.5612860377527253e-06,13.209226209140832
Frac. RD (time-space),2.0,0,clean_initial_slice,0.728525,fractional_subunit,1.6005286009602153,0.007388465856408736,0.82,0.005664621676994422,0.003442160417692211,3.452993991341421e-06,3.5612860377527253e-06,13.209226209140832
Frac. RD (time-space),2.0,0,target_only_noise,0.728525,fractional_subunit,1.7802451240828023,0.009006101770445366,0.82,0.005664621676994422,0.003442160417692211,3.452993991341421e-06,3.5612860377527253e-06,13.209226209140832
Frac. RD (time-space),2.0,0,library_only_noise,0.728525,fractional_subunit,1.5547499988753755,0.002232076567662065,0.82,0.005664621676994422,0.003442160417692211,3.452993991341421e-06,3.5612860377527253e-06,13.209226209140832
Frac. RD (time-space),2.0,0,clean,0.7328875,fractional_subunit,1.5538389504082464,0.0020085176453521502,0.82,0.005648261878579977,0.0033892142620744036,3.4291257689961004e-06,3.5358194448398424e-06,13.220372729032967
Frac. RD (time-space),2.0,0,fully_noisy,0.7328875,fractional_subunit,1.7752298342960051,0.009201339770776598,0.82,0.005648261878579977,0.0033892142620744036,3.4291257689961004e-06,3.5358194448398424e-06,13.220372729032967
Frac. RD (time-space),2.0,0,clean_initial_slice,0.7328875,fractional_subunit,1.6005237229948106,0.007306184121427408,0.82,0.005648261878579977,0.0033892142620744036,3.4291257689961004e-06,3.5358194448398424e-06,13.220372729032967
Frac. RD (time-space),2.0,0,target_only_noise,0.7328875,fractional_subunit,1.7779957042022285,0.008908975865983514,0.82,0.005648261878579977,0.0033892142620744036,3.4291257689961004e-06,3.5358194448398424e-06,13.220372729032967
Frac. RD (time-space),2.0,0,library_only_noise,0.7328875,fractional_subunit,1.5545944472091664,0.002038001581915646,0.82,0.005648261878579977,0.0033892142620744036,3.4291257689961004e-06,3.5358194448398424e-06,13.220372729032967
Frac. RD (time-space),2.0,0,clean,0.73725,fractional_subunit,1.553662836267798,0.001823674299019071,0.82,0.005632555019195634,0.003336264627368461,3.405255698789093e-06,3.510366480165271e-06,13.233154220494468
Frac. RD (time-space),2.0,0,fully_noisy,0.73725,fractional_subunit,1.7729690095129846,0.009113778736941717,0.82,0.005632555019195634,0.003336264627368461,3.405255698789093e-06,3.510366480165271e-06,13.233154220494468
Frac. RD (time-space),2.0,0,clean_initial_slice,0.73725,fractional_subunit,1.6005106606718653,0.007234816670862334,0.82,0.005632555019195634,0.003336264627368461,3.405255698789093e-06,3.510366480165271e-06,13.233154220494468
Frac. RD (time-space),2.0,0,target_only_noise,0.73725,fractional_subunit,1.7757273800582647,0.008822284677234596,0.82,0.005632555019195634,0.003336264627368461,3.405255698789093e-06,3.510366480165271e-06,13.233154220494468
Frac. RD (time-space),2.0,0,library_only_noise,0.73725,fractional_subunit,1.5544332494905584,0.0018528689023548804,0.82,0.005632555019195634,0.003336264627368461,3.405255698789093e-06,3.510366480165271e-06,13.233154220494468
Frac. RD (time-space),2.0,0,clean,0.7416125,fractional_subunit,1.5534841963662125,0.0016469825644956858,0.82,0.005617523273869805,0.003283339860886721,3.381462432022424e-06,3.4850050226443624e-06,13.247577035941816
Frac. RD (time-space),2.0,0,fully_noisy,0.7416125,fractional_subunit,1.7706906666682012,0.009036111424846309,0.82,0.005617523273869805,0.003283339860886721,3.381462432022424e-06,3.4850050226443624e-06,13.247577035941816
Frac. RD (time-space),2.0,0,clean_initial_slice,0.7416125,fractional_subunit,1.60049503267574,0.00717366829119257,0.82,0.005617523273869805,0.003283339860886721,3.381462432022424e-06,3.4850050226443624e-06,13.247577035941816
Frac. RD (time-space),2.0,0,target_only_noise,0.7416125,fractional_subunit,1.7734414479884413,0.008745500424937148,0.82,0.005617523273869805,0.003283339860886721,3.381462432022424e-06,3.4850050226443624e-06,13.247577035941816
Frac. RD (time-space),2.0,0,library_only_noise,0.7416125,fractional_subunit,1.5542695952503987,0.0016758856282088667,0.82,0.005617523273869805,0.003283339860886721,3.381462432022424e-06,3.4850050226443624e-06,13.247577035941816
Frac. RD (time-space),2.0,0,clean,0.745975,fractional_subunit,1.5532991615268508,0.00147951399303419,0.82,0.005603160707144829,0.0032304093401872847,3.3576533804290746e-06,3.459643627433797e-06,13.263646914224706
Frac. RD (time-space),2.0,0,fully_noisy,0.745975,fractional_subunit,1.7689668002753396,0.008969161946705932,0.82,0.005603160707144829,0.0032304093401872847,3.3576533804290746e-06,3.459643627433797e-06,13.263646914224706
Frac. RD (time-space),2.0,0,clean_initial_slice,0.745975,fractional_subunit,1.600469838561874,0.007123771799896205,0.82,0.005603160707144829,0.0032304093401872847,3.3576533804290746e-06,3.459643627433797e-06,13.263646914224706
Frac. RD (time-space),2.0,0,target_only_noise,0.745975,fractional_subunit,1.7711359044317088,0.008679452817644998,0.82,0.005603160707144829,0.0032304093401872847,3.3576533804290746e-06,3.459643627433797e-06,13.263646914224706
Frac. RD (time-space),2.0,0,library_only_noise,0.745975,fractional_subunit,1.5540995051996531,0.0015081232997137622,0.82,0.005603160707144829,0.0032304093401872847,3.3576533804290746e-06,3.459643627433797e-06,13.263646914224706
Frac. RD (time-space),2.0,0,clean,0.7503375,fractional_subunit,1.5531111006088207,0.0013204684459635898,0.82,0.005589488412432333,0.0031775028999906025,3.3339127040162087e-06,3.434365548537662e-06,13.281368974800795
Frac. RD (time-space),2.0,0,fully_noisy,0.7503375,fractional_subunit,1.7674070326248226,0.008912582121192513,0.82,0.005589488412432333,0.0031775028999906025,3.3339127040162087e-06,3.434365548537662e-06,13.281368974800795
Frac. RD (time-space),2.0,0,clean_initial_slice,0.7503375,fractional_subunit,1.6004412009563644,0.007084430423243364,0.82,0.005589488412432333,0.0031775028999906025,3.3339127040162087e-06,3.434365548537662e-06,13.281368974800795
Frac. RD (time-space),2.0,0,target_only_noise,0.7503375,fractional_subunit,1.7689678585890776,0.008623629244574889,0.82,0.005589488412432333,0.0031775028999906025,3.3339127040162087e-06,3.434365548537662e-06,13.281368974800795
Frac. RD (time-space),2.0,0,library_only_noise,0.7503375,fractional_subunit,1.5539264473471872,0.0013487817797983818,0.82,0.005589488412432333,0.0031775028999906025,3.3339127040162087e-06,3.434365548537662e-06,13.281368974800795
Frac. RD (time-space),2.0,0,clean,0.7547,fractional_subunit,1.5529179803725535,0.0011704013721860356,0.82,0.005576508145931329,0.003124605427230451,3.310193309929509e-06,3.4091243394549664e-06,13.300747712986766
Frac. RD (time-space),2.0,0,fully_noisy,0.7547,fractional_subunit,1.7650524926674558,0.008866671725692835,0.82,0.005576508145931329,0.003124605427230451,3.310193309929509e-06,3.4091243394549664e-06,13.300747712986766
Frac. RD (time-space),2.0,0,clean_initial_slice,0.7547,fractional_subunit,1.6004054443582332,0.007056200392663773,0.82,0.005576508145931329,0.003124605427230451,3.310193309929509e-06,3.4091243394549664e-06,13.300747712986766
Frac. RD (time-space),2.0,0,target_only_noise,0.7547,fractional_subunit,1.767713378300747,0.008578621225808386,0.82,0.005576508145931329,0.003124605427230451,3.310193309929509e-06,3.4091243394549664e-06,13.300747712986766
Frac. RD (time-space),2.0,0,library_only_noise,0.7547,fractional_subunit,1.5537483315141827,0.0011984165158601089,0.82,0.005576508145931329,0.003124605427230451,3.310193309929509e-06,3.4091243394549664e-06,13.300747712986766
Frac. RD (time-space),2.0,0,clean,0.7590625,fractional_subunit,1.5527202628069892,0.0010292586310084338,0.82,0.005564229975585458,0.0030717237768371417,3.286508782355679e-06,3.3839335376324426e-06,13.32178699629475
Frac. RD (time-space),2.0,0,fully_noisy,0.7590625,fractional_subunit,1.7626787024404893,0.00883143421344945,0.82,0.005564229975585458,0.0030717237768371417,3.286508782355679e-06,3.3839335376324426e-06,13.32178699629475
Frac. RD (time-space),2.0,0,clean_initial_slice,0.7590625,fractional_subunit,1.6003634069738786,0.007039072451231387,0.82,0.005564229975585458,0.0030717237768371417,3.286508782355679e-06,3.3839335376324426e-06,13.32178699629475
Frac. RD (time-space),2.0,0,target_only_noise,0.7590625,fractional_subunit,1.7653311308695931,0.008544344865677574,0.82,0.005564229975585458,0.0030717237768371417,3.286508782355679e-06,3.3839335376324426e-06,13.32178699629475
Frac. RD (time-space),2.0,0,library_only_noise,0.7590625,fractional_subunit,1.5535656345758835,0.0010569733742795393,0.82,0.005564229975585458,0.0030717237768371417,3.286508782355679e-06,3.3839335376324426e-06,13.32178699629475
Frac. RD (time-space),2.0,0,clean,0.763425,fractional_subunit,1.5525188446111444,0.000896918143966853,0.82,0.005552663929011087,0.003018864254692867,3.2628817355993208e-06,3.3588154456268797e-06,13.344490061858464
Frac. RD (time-space),2.0,0,fully_noisy,0.763425,fractional_subunit,1.7602857221093777,0.008806867133733359,0.82,0.005552663929011087,0.003018864254692867,3.2628817355993208e-06,3.3588154456268797e-06,13.344490061858464
Frac. RD (time-space),2.0,0,clean_initial_slice,0.763425,fractional_subunit,1.6003167666547444,0.007032989001759185,0.82,0.005552663929011087,0.003018864254692867,3.2628817355993208e-06,3.3588154456268797e-06,13.344490061858464
Frac. RD (time-space),2.0,0,target_only_noise,0.763425,fractional_subunit,1.7629296095730669,0.008520756818952337,0.82,0.005552663929011087,0.003018864254692867,3.2628817355993208e-06,3.3588154456268797e-06,13.344490061858464
Frac. RD (time-space),2.0,0,library_only_noise,0.763425,fractional_subunit,1.553379281677211,0.0009243302463453081,0.82,0.005552663929011087,0.003018864254692867,3.2628817355993208e-06,3.3588154456268797e-06,13.344490061858464
Frac. RD (time-space),2.0,0,clean,0.7677875000000001,fractional_subunit,1.5523112286090694,0.0007739347128463943,0.82,0.005541812966489513,0.0029660141305861286,3.239256902793116e-06,3.333715803520756e-06,13.368859514948404
Frac. RD (time-space),2.0,0,fully_noisy,0.7677875000000001,fractional_subunit,1.7578724468505156,0.008793367931014097,0.82,0.005541812966489513,0.0029660141305861286,3.239256902793116e-06,3.333715803520756e-06,13.368859514948404
Frac. RD (time-space),2.0,0,clean_initial_slice,0.7677875000000001,fractional_subunit,1.6002609280547067,0.007038487263630487,0.82,0.005541812966489513,0.0029660141305861286,3.239256902793116e-06,3.333715803520756e-06,13.368859514948404
Frac. RD (time-space),2.0,0,target_only_noise,0.7677875000000001,fractional_subunit,1.7605076146349634,0.008508264929143855,0.82,0.005541812966489513,0.0029660141305861286,3.239256902793116e-06,3.333715803520756e-06,13.368859514948404
Frac. RD (time-space),2.0,0,library_only_noise,0.7677875000000001,fractional_subunit,1.5531867040206366,0.000801041994871936,0.82,0.005541812966489513,0.0029660141305861286,3.239256902793116e-06,3.333715803520756e-06,13.368859514948404
Frac. RD (time-space),2.0,0,clean,0.77215,fractional_subunit,1.5521007423457676,0.0006597441412531615,0.82,0.005531690689364479,0.0029131947167283625,3.215712465022869e-06,3.3087115524417575e-06,13.394897328570835
Frac. RD (time-space),2.0,0,fully_noisy,0.77215,fractional_subunit,1.7554398686143007,0.008790688833883793,0.82,0.005531690689364479,0.0029131947167283625,3.215712465022869e-06,3.3087115524417575e-06,13.394897328570835
Frac. RD (time-space),2.0,0,clean_initial_slice,0.77215,fractional_subunit,1.6002020515087347,0.007055122567007418,0.82,0.005531690689364479,0.0029131947167283625,3.215712465022869e-06,3.3087115524417575e-06,13.394897328570835
Frac. RD (time-space),2.0,0,target_only_noise,0.77215,fractional_subunit,1.7580662106256653,0.008506607607792956,0.82,0.005531690689364479,0.0029131947167283625,3.215712465022869e-06,3.3087115524417575e-06,13.394897328570835
Frac. RD (time-space),2.0,0,library_only_noise,0.77215,fractional_subunit,1.552991329007369,0.0006865443325663653,0.82,0.005531690689364479,0.0029131947167283625,3.215712465022869e-06,3.3087115524417575e-06,13.394897328570835
Frac. RD (time-space),2.0,0,clean,0.7765125,fractional_subunit,1.551883530706476,0.0005550831610084607,0.82,0.005522298937152083,0.0028603861805417876,3.192163274424791e-06,3.2837191276336387e-06,13.422604844140217
Frac. RD (time-space),2.0,0,fully_noisy,0.7765125,fractional_subunit,1.7529864256174192,0.008799301862498391,0.82,0.005522298937152083,0.0028603861805417876,3.192163274424791e-06,3.2837191276336387e-06,13.422604844140217
Frac. RD (time-space),2.0,0,clean_initial_slice,0.7765125,fractional_subunit,1.6001330192922563,0.007083586029570481,0.82,0.005522298937152083,0.0028603861805417876,3.192163274424791e-06,3.2837191276336387e-06,13.422604844140217
Frac. RD (time-space),2.0,0,target_only_noise,0.7765125,fractional_subunit,1.755603747836368,0.008516272956457075,0.82,0.005522298937152083,0.0028603861805417876,3.192163274424791e-06,3.2837191276336387e-06,13.422604844140217
Frac. RD (time-space),2.0,0,library_only_noise,0.7765125,fractional_subunit,1.5527891898645771,0.0005815741040840997,0.82,0.005522298937152083,0.0028603861805417876,3.192163274424791e-06,3.2837191276336387e-06,13.422604844140217
Frac. RD (time-space),2.0,0,clean,0.780875,fractional_subunit,1.5516627871765234,0.0004594838304118102,0.82,0.0055136488777750665,0.0028076083561706495,3.1686833845500332e-06,3.2588113411501455e-06,13.451982773210434
Frac. RD (time-space),2.0,0,fully_noisy,0.780875,fractional_subunit,1.7505130150163173,0.008819046684104886,0.82,0.0055136488777750665,0.0028076083561706495,3.1686833845500332e-06,3.2588113411501455e-06,13.451982773210434
Frac. RD (time-space),2.0,0,clean_initial_slice,0.780875,fractional_subunit,1.6000597593530517,0.007123526531911875,0.82,0.0055136488777750665,0.0028076083561706495,3.1686833845500332e-06,3.2588113411501455e-06,13.451982773210434
Frac. RD (time-space),2.0,0,target_only_noise,0.780875,fractional_subunit,1.7531211941817844,0.008537087336017766,0.82,0.0055136488777750665,0.0028076083561706495,3.1686833845500332e-06,3.2588113411501455e-06,13.451982773210434
Frac. RD (time-space),2.0,0,library_only_noise,0.780875,fractional_subunit,1.5525835761788096,0.0004856632654588385,0.82,0.0055136488777750665,0.0028076083561706495,3.1686833845500332e-06,3.2588113411501455e-06,13.451982773210434
Frac. RD (time-space),2.0,0,clean,0.7852375,fractional_subunit,1.5514366883946247,0.00037329535191632626,0.82,0.0055057455735308255,0.0027548527992621967,3.1452340788779447e-06,3.2339502581828707e-06,13.48303120024527
Frac. RD (time-space),2.0,0,fully_noisy,0.7852375,fractional_subunit,1.7480187781000096,0.008850176622932169,0.82,0.0055057455735308255,0.0027548527992621967,3.1452340788779447e-06,3.2339502581828707e-06,13.48303120024527
Frac. RD (time-space),2.0,0,clean_initial_slice,0.7852375,fractional_subunit,1.599978912768632,0.007175298891877375,0.82,0.0055057455735308255,0.0027548527992621967,3.1452340788779447e-06,3.2339502581828707e-06,13.48303120024527
Frac. RD (time-space),2.0,0,target_only_noise,0.7852375,fractional_subunit,1.7506176479777764,0.008569311676475344,0.82,0.0055057455735308255,0.0027548527992621967,3.1452340788779447e-06,3.2339502581828707e-06,13.48303120024527
Frac. RD (time-space),2.0,0,library_only_noise,0.7852375,fractional_subunit,1.5523726129396611,0.0003991610743961005,0.82,0.0055057455735308255,0.0027548527992621967,3.1452340788779447e-06,3.2339502581828707e-06,13.48303120024527
Frac. RD (time-space),2.0,0,clean,0.7896000000000001,fractional_subunit,1.5512054296414255,0.00029654454994115857,0.82,0.0054985959036269036,0.002702124137479963,3.121822250135072e-06,3.2091427776570362e-06,13.515749586404533
Frac. RD (time-space),2.0,0,fully_noisy,0.7896000000000001,fractional_subunit,1.7455036245066555,0.008892781717674013,0.82,0.0054985959036269036,0.002702124137479963,3.121822250135072e-06,3.2091427776570362e-06,13.515749586404533
Frac. RD (time-space),2.0,0,clean_initial_slice,0.7896000000000001,fractional_subunit,1.5998908386835913,0.007238975609390262,0.82,0.0054985959036269036,0.002702124137479963,3.121822250135072e-06,3.2091427776570362e-06,13.515749586404533
Frac. RD (time-space),2.0,0,target_only_noise,0.7896000000000001,fractional_subunit,1.7480930208571903,0.008613035274434544,0.82,0.0054985959036269036,0.002702124137479963,3.121822250135072e-06,3.2091427776570362e-06,13.515749586404533
Frac. RD (time-space),2.0,0,library_only_noise,0.7896000000000001,fractional_subunit,1.552156502829554,0.00032209435964582775,0.82,0.0054985959036269036,0.002702124137479963,3.121822250135072e-06,3.2091427776570362e-06,13.515749586404533
Frac. RD (time-space),2.0,0,clean,0.7939625,fractional_subunit,1.5509702070974556,0.00022916760517429724,0.82,0.005492206293568696,0.002649427601468295,3.0984754695026343e-06,3.1844159090868374e-06,13.550136774317858
Frac. RD (time-space),2.0,0,fully_noisy,0.7939625,fractional_subunit,1.7429675881027389,0.008946955771203685,0.82,0.005492206293568696,0.002649427601468295,3.0984754695026343e-06,3.1844159090868374e-06,13.550136774317858
Frac. RD (time-space),2.0,0,clean_initial_slice,0.7939625,fractional_subunit,1.5997978167348885,0.007314575699215971,0.82,0.005492206293568696,0.002649427601468295,3.0984754695026343e-06,3.1844159090868374e-06,13.550136774317858
Frac. RD (time-space),2.0,0,target_only_noise,0.7939625,fractional_subunit,1.7455473744144336,0.008668346784141093,0.82,0.005492206293568696,0.002649427601468295,3.0984754695026343e-06,3.1844159090868374e-06,13.550136774317858
Frac. RD (time-space),2.0,0,library_only_noise,0.7939625,fractional_subunit,1.5519364802720492,0.00025439922466229787,0.82,0.005492206293568696,0.002649427601468295,3.0984754695026343e-06,3.1844159090868374e-06,13.550136774317858
Frac. RD (time-space),2.0,0,clean,0.7983250000000001,fractional_subunit,1.5507281683026821,0.0001715222297599385,0.82,0.005486582860043719,0.002596756081927594,3.0751352009436656e-06,3.159712557857566e-06,13.58619099381432
Frac. RD (time-space),2.0,0,fully_noisy,0.7983250000000001,fractional_subunit,1.740409755802853,0.009012866464334319,0.82,0.005486582860043719,0.002596756081927594,3.0751352009436656e-06,3.159712557857566e-06,13.58619099381432
Frac. RD (time-space),2.0,0,clean_initial_slice,0.7983250000000001,fractional_subunit,1.5996944851818657,0.007402426902474629,0.82,0.005486582860043719,0.002596756081927594,3.0751352009436656e-06,3.159712557857566e-06,13.58619099381432
Frac. RD (time-space),2.0,0,target_only_noise,0.7983250000000001,fractional_subunit,1.7429797244573224,0.00873542609907325,0.82,0.005486582860043719,0.002596756081927594,3.0751352009436656e-06,3.159712557857566e-06,13.58619099381432
Frac. RD (time-space),2.0,0,library_only_noise,0.7983250000000001,fractional_subunit,1.5517096091290437,0.00019643354645894023,0.82,0.005486582860043719,0.002596756081927594,3.0751352009436656e-06,3.159712557857566e-06,13.58619099381432
Frac. RD (time-space),2.0,0,clean,0.8026875,fractional_subunit,1.5504828701084348,0.0001233506936992668,0.82,0.005481730324258345,0.0025441230494704335,3.051878823475273e-06,3.1351083752043686e-06,13.623909868572305
Frac. RD (time-space),2.0,0,fully_noisy,0.8026875,fractional_subunit,1.7378307300273128,0.009090615509523652,0.82,0.005481730324258345,0.0025441230494704335,3.051878823475273e-06,3.1351083752043686e-06,13.623909868572305
Frac. RD (time-space),2.0,0,clean_initial_slice,0.8026875,fractional_subunit,1.5995875743189178,0.007502416985211384,0.82,0.005481730324258345,0.0025441230494704335,3.051878823475273e-06,3.1351083752043686e-06,13.623909868572305
Frac. RD (time-space),2.0,0,target_only_noise,0.8026875,fractional_subunit,1.7403907586341016,0.008814359684660544,0.82,0.005481730324258345,0.0025441230494704335,3.051878823475273e-06,3.1351083752043686e-06,13.623909868572305
Frac. RD (time-space),2.0,0,library_only_noise,0.8026875,fractional_subunit,1.5514795554290017,0.00014793937726130125,0.82,0.005481730324258345,0.0025441230494704335,3.051878823475273e-06,3.1351083752043686e-06,13.623909868572305
Frac. RD (time-space),2.0,0,clean,0.80705,fractional_subunit,1.5502304871454364,8.501769845288466e-05,0.82,0.005477655999592637,0.0024915191206370266,3.0286283465971068e-06,3.1105273415984598e-06,13.663290423650666
Frac. RD (time-space),2.0,0,fully_noisy,0.80705,fractional_subunit,1.7362044131157985,0.009180326527993053,0.82,0.005477655999592637,0.0024915191206370266,3.0286283465971068e-06,3.1105273415984598e-06,13.663290423650666
Frac. RD (time-space),2.0,0,clean_initial_slice,0.80705,fractional_subunit,1.5994698694461063,0.007614858288703241,0.82,0.005477655999592637,0.0024915191206370266,3.0286283465971068e-06,3.1105273415984598e-06,13.663290423650666
Frac. RD (time-space),2.0,0,target_only_noise,0.80705,fractional_subunit,1.7377792799816092,0.008905258810176729,0.82,0.005477655999592637,0.0024915191206370266,3.0286283465971068e-06,3.1105273415984598e-06,13.663290423650666
Frac. RD (time-space),2.0,0,library_only_noise,0.80705,fractional_subunit,1.5512423807212483,0.00010928165926626824,0.82,0.005477655999592637,0.0024915191206370266,3.0286283465971068e-06,3.1105273415984598e-06,13.663290423650666
Frac. RD (time-space),2.0,0,clean,0.8114125000000001,fractional_subunit,1.5499740136797935,5.6391443918644095e-05,0.82,0.0054743626528616016,0.0024389554977334357,3.005448309449684e-06,3.0860325021442338e-06,13.704329093859135
Frac. RD (time-space),2.0,0,fully_noisy,0.8114125000000001,fractional_subunit,1.7338965620312408,0.009282326577903968,0.82,0.0054743626528616016,0.0024389554977334357,3.005448309449684e-06,3.0860325021442338e-06,13.704329093859135
Frac. RD (time-space),2.0,0,clean_initial_slice,0.8114125000000001,fractional_subunit,1.599347054742647,0.00773974973170779,0.82,0.0054743626528616016,0.0024389554977334357,3.005448309449684e-06,3.0860325021442338e-06,13.704329093859135
Frac. RD (time-space),2.0,0,target_only_noise,0.8114125000000001,fractional_subunit,1.7362052649092918,0.009008326130968384,0.82,0.0054743626528616016,0.0024389554977334357,3.005448309449684e-06,3.0860325021442338e-06,13.704329093859135
Frac. RD (time-space),2.0,0,library_only_noise,0.8114125000000001,fractional_subunit,1.5510011717615673,8.032839398389359e-05,0.82,0.0054743626528616016,0.0024389554977334357,3.005448309449684e-06,3.0860325021442338e-06,13.704329093859135
Frac. RD (time-space),2.0,0,clean,0.815775,fractional_subunit,1.5497118550589661,3.763673252593615e-05,0.82,0.005471856391678173,0.002386429244345822,2.9823077663731407e-06,3.0615937515523078e-06,13.747021732922882
Frac. RD (time-space),2.0,0,fully_noisy,0.815775,fractional_subunit,1.7312269879606175,0.009396536386654011,0.82,0.005471856391678173,0.002386429244345822,2.9823077663731407e-06,3.0615937515523078e-06,13.747021732922882
Frac. RD (time-space),2.0,0,clean_initial_slice,0.815775,fractional_subunit,1.5992161360969857,0.007877269255449435,0.82,0.005471856391678173,0.002386429244345822,2.9823077663731407e-06,3.0615937515523078e-06,13.747021732922882
Frac. RD (time-space),2.0,0,target_only_noise,0.815775,fractional_subunit,1.7336890537947627,0.009123785379694766,0.82,0.005471856391678173,0.002386429244345822,2.9823077663731407e-06,3.0615937515523078e-06,13.747021732922882
Frac. RD (time-space),2.0,0,library_only_noise,0.815775,fractional_subunit,1.5507542882260061,6.124448284707206e-05,0.82,0.005471856391678173,0.002386429244345822,2.9823077663731407e-06,3.0615937515523078e-06,13.747021732922882
Frac. RD (time-space),2.0,0,clean,0.82,fractional_subunit,1.5494524698465957,2.8938788296037312e-05,0.82,0.005470183389416029,0.002335597984249821,2.9599352527382716e-06,3.037979880648815e-06,13.789940907554108
Frac. RD (time-space),2.0,0,fully_noisy,0.82,fractional_subunit,1.7286198075510422,0.009518884123059573,0.82,0.005470183389416029,0.002335597984249821,2.9599352527382716e-06,3.037979880648815e-06,13.789940907554108
Frac. RD (time-space),2.0,0,clean_initial_slice,0.82,fractional_subunit,1.599081480243856,0.00802259026698539,0.82,0.005470183389416029,0.002335597984249821,2.9599352527382716e-06,3.037979880648815e-06,13.789940907554108
Frac. RD (time-space),2.0,0,target_only_noise,0.82,fractional_subunit,1.7310712585637227,0.009247369216404913,0.82,0.005470183389416029,0.002335597984249821,2.9599352527382716e-06,3.037979880648815e-06,13.789940907554108
Frac. RD (time-space),2.0,0,library_only_noise,0.82,fractional_subunit,1.5505097062671598,5.2225646963546005e-05,0.82,0.005470183389416029,0.002335597984249821,2.9599352527382716e-06,3.037979880648815e-06,13.789940907554108
Frac. RD (time-space),2.0,0,clean,0.8201375,fractional_subunit,1.5494439234466113,2.8812917955118532e-05,0.82,0.005470141485321464,0.002333944339340084,2.959207531979776e-06,3.0372120317826746e-06,13.79136362339407
Frac. RD (time-space),2.0,0,fully_noisy,0.8201375,fractional_subunit,1.728534592837407,0.009523060133838692,0.82,0.005470141485321464,0.002333944339340084,2.959207531979776e-06,3.0372120317826746e-06,13.79136362339407
Frac. RD (time-space),2.0,0,clean_initial_slice,0.8201375,fractional_subunit,1.5990769414357704,0.008027521285650529,0.82,0.005470141485321464,0.002333944339340084,2.959207531979776e-06,3.0372120317826746e-06,13.79136362339407
Frac. RD (time-space),2.0,0,target_only_noise,0.8201375,fractional_subunit,1.7309856950044566,0.00925158593327257,0.82,0.005470141485321464,0.002333944339340084,2.959207531979776e-06,3.0372120317826746e-06,13.79136362339407
Frac. RD (time-space),2.0,0,library_only_noise,0.8201375,fractional_subunit,1.550501641392061,5.208930017223501e-05,0.82,0.005470141485321464,0.002333944339340084,2.959207531979776e-06,3.0372120317826746e-06,13.79136362339407
Frac. RD (time-space),2.0,0,clean,0.8245,fractional_subunit,1.5491717252998998,2.9990113192606458e-05,0.82,0.005469219614250149,0.0022815036918157356,2.9361795084083365e-06,3.0129183720680702e-06,13.837349487260655
Frac. RD (time-space),2.0,0,fully_noisy,0.8245,fractional_subunit,1.7258192688417617,0.009662169253910292,0.82,0.005469219614250149,0.0022815036918157356,2.9361795084083365e-06,3.0129183720680702e-06,13.837349487260655
Frac. RD (time-space),2.0,0,clean_initial_slice,0.8245,fractional_subunit,1.5989324028380494,0.008190681781584165,0.82,0.005469219614250149,0.0022815036918157356,2.9361795084083365e-06,3.0129183720680702e-06,13.837349487260655
Frac. RD (time-space),2.0,0,target_only_noise,0.8245,fractional_subunit,1.7282592528705079,0.00939199173163091,0.82,0.005469219614250149,0.0022815036918157356,2.9361795084083365e-06,3.0129183720680702e-06,13.837349487260655
Frac. RD (time-space),2.0,0,library_only_noise,0.8245,fractional_subunit,1.5502447866831348,5.2932810300493066e-05,0.82,0.005469219614250149,0.0022815036918157356,2.9361795084083365e-06,3.0129183720680702e-06,13.837349487260655
Frac. RD (time-space),2.0,0,clean,0.8288625000000001,fractional_subunit,1.548892045009668,4.122523552719577e-05,0.82,0.005469099483117817,0.0022291075019290657,2.913162523421284e-06,2.9886535280798086e-06,13.884973497201104
Frac. RD (time-space),2.0,0,fully_noisy,0.8288625000000001,fractional_subunit,1.72308038472182,0.00981369464940113,0.82,0.005469099483117817,0.0022291075019290657,2.913162523421284e-06,2.9886535280798086e-06,13.884973497201104
Frac. RD (time-space),2.0,0,clean_initial_slice,0.8288625000000001,fractional_subunit,1.5987763380483462,0.00836676202165936,0.82,0.005469099483117817,0.0022291075019290657,2.913162523421284e-06,2.9886535280798086e-06,13.884973497201104
Frac. RD (time-space),2.0,0,target_only_noise,0.8288625000000001,fractional_subunit,1.7255090101780353,0.00954484782908717,0.82,0.005469099483117817,0.0022291075019290657,2.913162523421284e-06,2.9886535280798086e-06,13.884973497201104
Frac. RD (time-space),2.0,0,library_only_noise,0.8288625000000001,fractional_subunit,1.5499804117144629,6.383222983013967e-05,0.82,0.005469099483117817,0.0022291075019290657,2.913162523421284e-06,2.9886535280798086e-06,13.884973497201104
Frac. RD (time-space),2.0,0,clean,0.833225,fractional_subunit,1.5486086652308237,6.265756936117182e-05,0.82,0.0054697773206939535,0.0021767609084918037,2.8902328226526657e-06,2.96449151460161e-06,13.934229288432249
Frac. RD (time-space),2.0,0,fully_noisy,0.833225,fractional_subunit,1.720318082163553,0.0099781826930047,0.82,0.0054697773206939535,0.0021767609084918037,2.8902328226526657e-06,2.96449151460161e-06,13.934229288432249
Frac. RD (time-space),2.0,0,clean_initial_slice,0.833225,fractional_subunit,1.5986160731991148,0.008556077595065891,0.82,0.0054697773206939535,0.0021767609084918037,2.8902328226526657e-06,2.96449151460161e-06,13.934229288432249
Frac. RD (time-space),2.0,0,target_only_noise,0.833225,fractional_subunit,1.7227352062226207,0.00971068385867872,0.82,0.0054697773206939535,0.0021767609084918037,2.8902328226526657e-06,2.96449151460161e-06,13.934229288432249
Frac. RD (time-space),2.0,0,library_only_noise,0.833225,fractional_subunit,1.5497124183362418,8.492647551023162e-05,0.82,0.0054697773206939535,0.0021767609084918037,2.8902328226526657e-06,2.96449151460161e-06,13.934229288432249
Frac. RD (time-space),2.0,0,clean,0.8375875,fractional_subunit,1.5483178075107618,9.42435002341917e-05,0.82,0.005471263422038081,0.002124464534751906,2.8673192837331365e-06,2.9403635147798e-06,13.985109971096215
Frac. RD (time-space),2.0,0,fully_noisy,0.8375875,fractional_subunit,1.7175317198509485,0.010155316993229847,0.82,0.005471263422038081,0.002124464534751906,2.8673192837331365e-06,2.9403635147798e-06,13.985109971096215
Frac. RD (time-space),2.0,0,clean_initial_slice,0.8375875,fractional_subunit,1.598444319876132,0.008758526101740627,0.82,0.005471263422038081,0.002124464534751906,2.8673192837331365e-06,2.9403635147798e-06,13.985109971096215
Frac. RD (time-space),2.0,0,target_only_noise,0.8375875,fractional_subunit,1.7199370977502095,0.009889200100962931,0.82,0.005471263422038081,0.002124464534751906,2.8673192837331365e-06,2.9403635147798e-06,13.985109971096215
Frac. RD (time-space),2.0,0,library_only_noise,0.8375875,fractional_subunit,1.5494369137384907,0.00011617230465251948,0.82,0.005471263422038081,0.002124464534751906,2.8673192837331365e-06,2.9403635147798e-06,13.985109971096215
Frac. RD (time-space),2.0,0,clean,0.84195,fractional_subunit,1.548022242917776,0.00013618221342484192,0.82,0.005473553921246845,0.002072222724018587,2.844477531741577e-06,2.916323488635119e-06,14.03760814313165
Frac. RD (time-space),2.0,0,fully_noisy,0.84195,fractional_subunit,1.7147212768594313,0.010345614790057557,0.82,0.005473553921246845,0.002072222724018587,2.844477531741577e-06,2.916323488635119e-06,14.03760814313165
Frac. RD (time-space),2.0,0,clean_initial_slice,0.84195,fractional_subunit,1.5982664662933468,0.008974451679027664,0.82,0.005473553921246845,0.002072222724018587,2.844477531741577e-06,2.916323488635119e-06,14.03760814313165
Frac. RD (time-space),2.0,0,target_only_noise,0.84195,fractional_subunit,1.7171147356319274,0.010080901482800745,0.82,0.005473553921246845,0.002072222724018587,2.844477531741577e-06,2.916323488635119e-06,14.03760814313165
Frac. RD (time-space),2.0,0,library_only_noise,0.84195,fractional_subunit,1.54915675723365,0.00015776861834091092,0.82,0.005473553921246845,0.002072222724018587,2.844477531741577e-06,2.916323488635119e-06,14.03760814313165
Frac. RD (time-space),2.0,0,clean,0.8463125,fractional_subunit,1.5477206230512794,0.00018848787385062347,0.82,0.005476653991678392,0.0020200369570205047,2.8216837796797475e-06,2.892348474187943e-06,14.09171590357412
Frac. RD (time-space),2.0,0,fully_noisy,0.8463125,fractional_subunit,1.7118863126901598,0.01054904333430213,0.82,0.005476653991678392,0.0020200369570205047,2.8216837796797475e-06,2.892348474187943e-06,14.09171590357412
Frac. RD (time-space),2.0,0,clean_initial_slice,0.8463125,fractional_subunit,1.5980799328283757,0.009203892478672577,0.82,0.005476653991678392,0.0020200369570205047,2.8216837796797475e-06,2.892348474187943e-06,14.09171590357412
Frac. RD (time-space),2.0,0,target_only_noise,0.8463125,fractional_subunit,1.7142676418949712,0.010285761139857373,0.82,0.005476653991678392,0.0020200369570205047,2.8216837796797475e-06,2.892348474187943e-06,14.09171590357412
Frac. RD (time-space),2.0,0,library_only_noise,0.8463125,fractional_subunit,1.5488705614955844,0.00020972970845245542,0.82,0.005476653991678392,0.0020200369570205047,2.8216837796797475e-06,2.892348474187943e-06,14.09171590357412
Frac. RD (time-space),2.0,0,clean,0.8506750000000001,fractional_subunit,1.5474125628914905,0.0002511892369243797,0.82,0.005480565722171931,0.0019679123671060756,2.798933382617696e-06,2.8684341386108343e-06,14.147424866230137
Frac. RD (time-space),2.0,0,fully_noisy,0.8506750000000001,fractional_subunit,1.709026718111043,0.010765662230986786,0.82,0.005480565722171931,0.0019679123671060756,2.798933382617696e-06,2.8684341386108343e-06,14.147424866230137
Frac. RD (time-space),2.0,0,clean_initial_slice,0.8506750000000001,fractional_subunit,1.5978839635881386,0.009446919968829546,0.82,0.005480565722171931,0.0019679123671060756,2.798933382617696e-06,2.8684341386108343e-06,14.147424866230137
Frac. RD (time-space),2.0,0,target_only_noise,0.8506750000000001,fractional_subunit,1.7113955963004566,0.010503840427962312,0.82,0.005480565722171931,0.0019679123671060756,2.798933382617696e-06,2.8684341386108343e-06,14.147424866230137
Frac. RD (time-space),2.0,0,library_only_noise,0.8506750000000001,fractional_subunit,1.5485779314409394,0.0002720843894666784,0.82,0.005480565722171931,0.0019679123671060756,2.798933382617696e-06,2.8684341386108343e-06,14.147424866230137
Frac. RD (time-space),2.0,0,clean,0.8550375,fractional_subunit,1.5470998860583134,0.0003245836603238266,0.82,0.005485285644839009,0.001915848714397454,2.7762619440309836e-06,2.8446148459150385e-06,14.204726173669762
Frac. RD (time-space),2.0,0,fully_noisy,0.8550375,fractional_subunit,1.7061418057327231,0.010996020450495275,0.82,0.005485285644839009,0.001915848714397454,2.7762619440309836e-06,2.8446148459150385e-06,14.204726173669762
Frac. RD (time-space),2.0,0,clean_initial_slice,0.8550375,fractional_subunit,1.5976821923440774,0.009703965953753052,0.82,0.005485285644839009,0.001915848714397454,2.7762619440309836e-06,2.8446148459150385e-06,14.204726173669762
Frac. RD (time-space),2.0,0,target_only_noise,0.8550375,fractional_subunit,1.7084983598350316,0.010735679953980884,0.82,0.005485285644839009,0.001915848714397454,2.7762619440309836e-06,2.8446148459150385e-06,14.204726173669762
Frac. RD (time-space),2.0,0,library_only_noise,0.8550375,fractional_subunit,1.5482807514118344,0.0003451297712963246,0.82,0.005485285644839009,0.001915848714397454,2.7762619440309836e-06,2.8446148459150385e-06,14.204726173669762
Frac. RD (time-space),2.0,0,clean,0.8594,fractional_subunit,1.5467790110071498,0.0004083030220402827,0.82,0.005490823928780183,0.0018638551571567652,2.7536062906789028e-06,2.8208298811734093e-06,14.26361051148294
Frac. RD (time-space),2.0,0,fully_noisy,0.8594,fractional_subunit,1.7034487499536655,0.011239485468655214,0.82,0.005490823928780183,0.0018638551571567652,2.7536062906789028e-06,2.8208298811734093e-06,14.26361051148294
Frac. RD (time-space),2.0,0,clean_initial_slice,0.8594,fractional_subunit,1.5974675647853769,0.009974597065869967,0.82,0.005490823928780183,0.0018638551571567652,2.7536062906789028e-06,2.8208298811734093e-06,14.26361051148294
Frac. RD (time-space),2.0,0,target_only_noise,0.8594,fractional_subunit,1.7055753670699407,0.01098066198850975,0.82,0.005490823928780183,0.0018638551571567652,2.7536062906789028e-06,2.8208298811734093e-06,14.26361051148294
Frac. RD (time-space),2.0,0,library_only_noise,0.8594,fractional_subunit,1.5479753288297184,0.0004284981998450701,0.82,0.005490823928780183,0.0018638551571567652,2.7536062906789028e-06,2.8208298811734093e-06,14.26361051148294
Frac. RD (time-space),2.0,0,clean,0.8637625,fractional_subunit,1.5464539380802826,0.0005029884397691368,0.82,0.005497169589967055,0.0018119287962932926,2.7310412043513134e-06,2.797151283235362e-06,14.324068122745643
Frac. RD (time-space),2.0,0,fully_noisy,0.8637625,fractional_subunit,1.701540836059823,0.01149734236103142,0.82,0.005497169589967055,0.0018119287962932926,2.7310412043513134e-06,2.797151283235362e-06,14.324068122745643
Frac. RD (time-space),2.0,0,clean_initial_slice,0.8637625,fractional_subunit,1.5972480250342311,0.01025966725747179,0.82,0.005497169589967055,0.0018119287962932926,2.7310412043513134e-06,2.797151283235362e-06,14.324068122745643
Frac. RD (time-space),2.0,0,target_only_noise,0.8637625,fractional_subunit,1.703446840317207,0.011239889811729119,0.82,0.005497169589967055,0.0018119287962932926,2.7310412043513134e-06,2.797151283235362e-06,14.324068122745643
Frac. RD (time-space),2.0,0,library_only_noise,0.8637625,fractional_subunit,1.547665794022695,0.0005228302502111006,0.82,0.005497169589967055,0.0018119287962932926,2.7310412043513134e-06,2.797151283235362e-06,14.324068122745643
Frac. RD (time-space),2.0,0,clean,0.868125,fractional_subunit,1.5461209545050092,0.0006081531054378618,0.82,0.005504333374891103,0.0017600798027849946,2.7085021360624023e-06,2.7735170881913807e-06,14.386088822642751
Frac. RD (time-space),2.0,0,fully_noisy,0.868125,fractional_subunit,1.6985501467701105,0.011768678522226624,0.82,0.005504333374891103,0.0017600798027849946,2.7085021360624023e-06,2.7735170881913807e-06,14.386088822642751
Frac. RD (time-space),2.0,0,clean_initial_slice,0.868125,fractional_subunit,1.5970162374652024,0.0105586249823025,0.82,0.005504333374891103,0.0017600798027849946,2.7085021360624023e-06,2.7735170881913807e-06,14.386088822642751
Frac. RD (time-space),2.0,0,target_only_noise,0.868125,fractional_subunit,1.7008004403127068,0.01151278180296032,0.82,0.005504333374891103,0.0017600798027849946,2.7085021360624023e-06,2.7735170881913807e-06,14.386088822642751
Frac. RD (time-space),2.0,0,library_only_noise,0.868125,fractional_subunit,1.5473483187308779,0.0006276396192189382,0.82,0.005504333374891103,0.0017600798027849946,2.7085021360624023e-06,2.7735170881913807e-06,14.386088822642751
Frac. RD (time-space),2.0,0,clean,0.8724875000000001,fractional_subunit,1.5457825844584838,0.0007243113826746876,0.82,0.0055123067566259865,0.001708308231680079,2.686036404287889e-06,2.7499728578971502e-06,14.449662013195976
Frac. RD (time-space),2.0,0,fully_noisy,0.8724875000000001,fractional_subunit,1.6955330451774344,0.012054297553268256,0.82,0.0055123067566259865,0.001708308231680079,2.686036404287889e-06,2.7499728578971502e-06,14.449662013195976
Frac. RD (time-space),2.0,0,clean_initial_slice,0.8724875000000001,fractional_subunit,1.5967772393429678,0.010872144040936749,0.82,0.0055123067566259865,0.001708308231680079,2.686036404287889e-06,2.7499728578971502e-06,14.449662013195976
Frac. RD (time-space),2.0,0,target_only_noise,0.8724875000000001,fractional_subunit,1.6977696152152362,0.011799984296030873,0.82,0.0055123067566259865,0.001708308231680079,2.686036404287889e-06,2.7499728578971502e-06,14.449662013195976
Frac. RD (time-space),2.0,0,library_only_noise,0.8724875000000001,fractional_subunit,1.5470255104709356,0.0007434403135911411,0.82,0.0055123067566259865,0.001708308231680079,2.686036404287889e-06,2.7499728578971502e-06,14.449662013195976
Frac. RD (time-space),2.0,0,clean,0.87685,fractional_subunit,1.5454377413208353,0.0008513742851903982,0.82,0.00552109250530561,0.0016566193495913273,2.663626762833644e-06,2.72650208540302e-06,14.514776698046521
Frac. RD (time-space),2.0,0,fully_noisy,0.87685,fractional_subunit,1.6924890115832376,0.012354096180814091,0.82,0.00552109250530561,0.0016566193495913273,2.663626762833644e-06,2.72650208540302e-06,14.514776698046521
Frac. RD (time-space),2.0,0,clean_initial_slice,0.87685,fractional_subunit,1.5965289158891869,0.011200174340651984,0.82,0.00552109250530561,0.0016566193495913273,2.663626762833644e-06,2.72650208540302e-06,14.514776698046521
Frac. RD (time-space),2.0,0,target_only_noise,0.87685,fractional_subunit,1.6947116092735932,0.012101395107337758,0.82,0.00552109250530561,0.0016566193495913273,2.663626762833644e-06,2.72650208540302e-06,14.514776698046521
Frac. RD (time-space),2.0,0,library_only_noise,0.87685,fractional_subunit,1.546696251246285,0.0008701434831883653,0.82,0.00552109250530561,0.0016566193495913273,2.663626762833644e-06,2.72650208540302e-06,14.514776698046521
Frac. RD (time-space),2.0,0,clean,0.8812125000000001,fractional_subunit,1.5450857321276539,0.0009892601173657775,0.82,0.005530690743434376,0.001605021750845901,2.6412637299878323e-06,2.7030958435452845e-06,14.581421497243898
Frac. RD (time-space),2.0,0,fully_noisy,0.8812125000000001,fractional_subunit,1.6894180293195302,0.012668003457178622,0.82,0.005530690743434376,0.001605021750845901,2.6412637299878323e-06,2.7030958435452845e-06,14.581421497243898
Frac. RD (time-space),2.0,0,clean_initial_slice,0.8812125000000001,fractional_subunit,1.5962698754637308,0.01154267231936268,0.82,0.005530690743434376,0.001605021750845901,2.6412637299878323e-06,2.7030958435452845e-06,14.581421497243898
Frac. RD (time-space),2.0,0,target_only_noise,0.8812125000000001,fractional_subunit,1.69162639489781,0.012416946470953049,0.82,0.005530690743434376,0.001605021750845901,2.6412637299878323e-06,2.7030958435452845e-06,14.581421497243898
Frac. RD (time-space),2.0,0,library_only_noise,0.8812125000000001,fractional_subunit,1.5463598279172424,0.001007667555256352,0.82,0.005530690743434376,0.001605021750845901,2.6412637299878323e-06,2.7030958435452845e-06,14.581421497243898
Frac. RD (time-space),2.0,0,clean,0.885575,fractional_subunit,1.5447286993555618,0.0011386067399923943,0.82,0.005541093411745115,0.0015535124892663062,2.6189859781686582e-06,2.679791151019459e-06,14.649584661994012
Frac. RD (time-space),2.0,0,fully_noisy,0.885575,fractional_subunit,1.6863192822717485,0.012996966785759328,0.82,0.005541093411745115,0.0015535124892663062,2.6189859781686582e-06,2.679791151019459e-06,14.649584661994012
Frac. RD (time-space),2.0,0,clean_initial_slice,0.885575,fractional_subunit,1.5960044997508698,0.011900445636440894,0.82,0.005541093411745115,0.0015535124892663062,2.6189859781686582e-06,2.679791151019459e-06,14.649584661994012
Frac. RD (time-space),2.0,0,target_only_noise,0.885575,fractional_subunit,1.6885132189475005,0.01274757564227107,0.82,0.005541093411745115,0.0015535124892663062,2.6189859781686582e-06,2.679791151019459e-06,14.649584661994012
Frac. RD (time-space),2.0,0,library_only_noise,0.885575,fractional_subunit,1.5460184565215598,0.0011566500125790205,0.82,0.005541093411745115,0.0015535124892663062,2.6189859781686582e-06,2.679791151019459e-06,14.649584661994012
Frac. RD (time-space),2.0,0,clean,0.8899375,fractional_subunit,1.544362699371483,0.0012984736614235577,0.82,0.005552310386371159,0.001502111387025658,2.59672896963793e-06,2.656526492562814e-06,14.71925408932189
Frac. RD (time-space),2.0,0,fully_noisy,0.8899375,fractional_subunit,1.6831932726352845,0.013339735338906668,0.82,0.005552310386371159,0.001502111387025658,2.59672896963793e-06,2.656526492562814e-06,14.71925408932189
Frac. RD (time-space),2.0,0,clean_initial_slice,0.8899375,fractional_subunit,1.5957248154332173,0.012272464097931795,0.82,0.005552310386371159,0.001502111387025658,2.59672896963793e-06,2.656526492562814e-06,14.71925408932189
Frac. RD (time-space),2.0,0,target_only_noise,0.8899375,fractional_subunit,1.685372461794725,0.013092050104704532,0.82,0.005552310386371159,0.001502111387025658,2.59672896963793e-06,2.656526492562814e-06,14.71925408932189
Frac. RD (time-space),2.0,0,library_only_noise,0.8899375,fractional_subunit,1.5456680669078644,0.0013161510378615136,0.82,0.005552310386371159,0.001502111387025658,2.59672896963793e-06,2.656526492562814e-06,14.71925408932189
Frac. RD (time-space),2.0,0,clean,0.8943000000000001,fractional_subunit,1.5439919362548569,0.0014701245504707976,0.82,0.005564325765666957,0.0014508098966494406,2.5745656930920876e-06,2.6333716005315504e-06,14.790417336606255
Frac. RD (time-space),2.0,0,fully_noisy,0.8943000000000001,fractional_subunit,1.6800386901540323,0.013698093648081482,0.82,0.005564325765666957,0.0014508098966494406,2.5745656930920876e-06,2.6333716005315504e-06,14.790417336606255
Frac. RD (time-space),2.0,0,clean_initial_slice,0.8943000000000001,fractional_subunit,1.5954394013858588,0.012660247616501455,0.82,0.005564325765666957,0.0014508098966494406,2.5745656930920876e-06,2.6333716005315504e-06,14.790417336606255
Frac. RD (time-space),2.0,0,target_only_noise,0.8943000000000001,fractional_subunit,1.682202939318053,0.013452134579857588,0.82,0.005564325765666957,0.0014508098966494406,2.5745656930920876e-06,2.6333716005315504e-06,14.790417336606255
Frac. RD (time-space),2.0,0,library_only_noise,0.8943000000000001,fractional_subunit,1.5453130047520967,0.0014874335552291504,0.82,0.005564325765666957,0.0014508098966494406,2.5745656930920876e-06,2.6333716005315504e-06,14.790417336606255
Frac. RD (time-space),2.0,0,clean,0.8986625,fractional_subunit,1.5436127833485658,0.001652596469696318,0.82,0.00557714831237968,0.001399627811330032,2.552437873232649e-06,2.610271007475538e-06,14.863061635945648
Frac. RD (time-space),2.0,0,fully_noisy,0.8986625,fractional_subunit,1.6768560376546093,0.014070806349064975,0.82,0.00557714831237968,0.001399627811330032,2.552437873232649e-06,2.610271007475538e-06,14.863061635945648
Frac. RD (time-space),2.0,0,clean_initial_slice,0.8986625,fractional_subunit,1.5951409048124725,0.013062763124812611,0.82,0.00557714831237968,0.001399627811330032,2.552437873232649e-06,2.610271007475538e-06,14.863061635945648
Frac. RD (time-space),2.0,0,target_only_noise,0.8986625,fractional_subunit,1.679005040894282,0.013826610558991372,0.82,0.00557714831237968,0.001399627811330032,2.552437873232649e-06,2.610271007475538e-06,14.863061635945648
Frac. RD (time-space),2.0,0,library_only_noise,0.8986625,fractional_subunit,1.5449495269512863,0.0016695352661790207,0.82,0.00557714831237968,0.001399627811330032,2.552437873232649e-06,2.610271007475538e-06,14.863061635945648
Frac. RD (time-space),2.0,0,clean,0.903025,fractional_subunit,1.5432274951254554,0.0018466907886455078,0.82,0.005590766894163432,0.001348565564291803,2.5303851354193714e-06,2.587262567146896e-06,14.93717390831789
Frac. RD (time-space),2.0,0,fully_noisy,0.903025,fractional_subunit,1.673644393780896,0.014458999625468658,0.82,0.005590766894163432,0.001348565564291803,2.5303851354193714e-06,2.587262567146896e-06,14.93717390831789
Frac. RD (time-space),2.0,0,clean_initial_slice,0.903025,fractional_subunit,1.5948339547830979,0.013480986087172344,0.82,0.005590766894163432,0.001348565564291803,2.5303851354193714e-06,2.587262567146896e-06,14.93717390831789
Frac. RD (time-space),2.0,0,target_only_noise,0.903025,fractional_subunit,1.6757779124130376,0.014216593510251176,0.82,0.005590766894163432,0.001348565564291803,2.5303851354193714e-06,2.587262567146896e-06,14.93717390831789
Frac. RD (time-space),2.0,0,library_only_noise,0.903025,fractional_subunit,1.5445799656842034,0.001863257126718005,0.82,0.005590766894163432,0.001348565564291803,2.5303851354193714e-06,2.587262567146896e-06,14.93717390831789
Frac. RD (time-space),2.0,0,clean,0.9073875,fractional_subunit,1.5428352592869532,0.0020522785828557054,0.82,0.005605181100305652,0.0012976335067060023,2.508396151732715e-06,2.5643355394284153e-06,15.01274077749734
Frac. RD (time-space),2.0,0,fully_noisy,0.9073875,fractional_subunit,1.67069106289908,0.014862571664948544,0.82,0.005605181100305652,0.0012976335067060023,2.508396151732715e-06,2.5643355394284153e-06,15.01274077749734
Frac. RD (time-space),2.0,0,clean_initial_slice,0.9073875,fractional_subunit,1.594516951299843,0.013914846316767687,0.82,0.005605181100305652,0.0012976335067060023,2.508396151732715e-06,2.5643355394284153e-06,15.01274077749734
Frac. RD (time-space),2.0,0,target_only_noise,0.9073875,fractional_subunit,1.6725212127084652,0.01462198281390201,0.82,0.005605181100305652,0.0012976335067060023,2.508396151732715e-06,2.5643355394284153e-06,15.01274077749734
Frac. RD (time-space),2.0,0,library_only_noise,0.9073875,fractional_subunit,1.544203485709581,0.0020684703358248135,0.82,0.005605181100305652,0.0012976335067060023,2.508396151732715e-06,2.5643355394284153e-06,15.01274077749734
Frac. RD (time-space),2.0,0,clean,0.9117500000000001,fractional_subunit,1.542435068750892,0.0022690688739713215,0.82,0.00562038896242157,0.0012468478096975067,2.486457229621456e-06,2.54147707888695e-06,15.089748583696576
Frac. RD (time-space),2.0,0,fully_noisy,0.9117500000000001,fractional_subunit,1.6683091177046974,0.015281416714482653,0.82,0.00562038896242157,0.0012468478096975067,2.486457229621456e-06,2.54147707888695e-06,15.089748583696576
Frac. RD (time-space),2.0,0,clean_initial_slice,0.9117500000000001,fractional_subunit,1.5941878172552604,0.014364083524676958,0.82,0.00562038896242157,0.0012468478096975067,2.486457229621456e-06,2.54147707888695e-06,15.089748583696576
Frac. RD (time-space),2.0,0,target_only_noise,0.9117500000000001,fractional_subunit,1.670344174855589,0.015042537603670858,0.82,0.00562038896242157,0.0012468478096975067,2.486457229621456e-06,2.54147707888695e-06,15.089748583696576
Frac. RD (time-space),2.0,0,library_only_noise,0.9117500000000001,fractional_subunit,1.5438190486258134,0.0022848841305568423,0.82,0.00562038896242157,0.0012468478096975067,2.486457229621456e-06,2.54147707888695e-06,15.089748583696576
Frac. RD (time-space),2.0,0,clean,0.9161125000000001,fractional_subunit,1.5420293796346123,0.0024981757913050584,0.82,0.005636379485520238,0.0011962074840259757,2.464609476211611e-06,2.518726186607721e-06,15.1681833969018
Frac. RD (time-space),2.0,0,fully_noisy,0.9161125000000001,fractional_subunit,1.6649738430909133,0.015716849562037834,0.82,0.005636379485520238,0.0011962074840259757,2.464609476211611e-06,2.518726186607721e-06,15.1681833969018
Frac. RD (time-space),2.0,0,clean_initial_slice,0.9161125000000001,fractional_subunit,1.593851723278285,0.014830025256712346,0.82,0.005636379485520238,0.0011962074840259757,2.464609476211611e-06,2.518726186607721e-06,15.1681833969018
Frac. RD (time-space),2.0,0,target_only_noise,0.9161125000000001,fractional_subunit,1.666992186672782,0.015479833181802068,0.82,0.005636379485520238,0.0011962074840259757,2.464609476211611e-06,2.518726186607721e-06,15.1681833969018
Frac. RD (time-space),2.0,0,library_only_noise,0.9161125000000001,fractional_subunit,1.5434291981553454,0.002513612097342063,0.82,0.005636379485520238,0.0011962074840259757,2.464609476211611e-06,2.518726186607721e-06,15.1681833969018
Frac. RD (time-space),2.0,0,clean,0.920475,fractional_subunit,1.541613898756623,0.0027379132282708716,0.82,0.0056531597465334996,0.001145746082117914,2.4427876261026514e-06,2.496021204881248e-06,15.248031029873697
Frac. RD (time-space),2.0,0,fully_noisy,0.920475,fractional_subunit,1.661608995041133,0.016166798641460353,0.82,0.0056531597465334996,0.001145746082117914,2.4427876261026514e-06,2.496021204881248e-06,15.248031029873697
Frac. RD (time-space),2.0,0,clean_initial_slice,0.920475,fractional_subunit,1.593499737335272,0.01531086507860248,0.82,0.0056531597465334996,0.001145746082117914,2.4427876261026514e-06,2.496021204881248e-06,15.248031029873697
Frac. RD (time-space),2.0,0,target_only_noise,0.920475,fractional_subunit,1.6636105814741549,0.01593168799903127,0.82,0.0056531597465334996,0.001145746082117914,2.4427876261026514e-06,2.496021204881248e-06,15.248031029873697
Frac. RD (time-space),2.0,0,library_only_noise,0.920475,fractional_subunit,1.5430294977512844,0.0027529690519657074,0.82,0.0056531597465334996,0.001145746082117914,2.4427876261026514e-06,2.496021204881248e-06,15.248031029873697
Frac. RD (time-space),2.0,0,clean,0.9248375,fractional_subunit,1.5411930125660973,0.0029903058344139997,0.82,0.005670712261482169,0.0010954586229743094,2.4210625473013385e-06,2.473429240187696e-06,15.329277050787857
Frac. RD (time-space),2.0,0,fully_noisy,0.9248375,fractional_subunit,1.6582124353350411,0.01663387893002367,0.82,0.005670712261482169,0.0010954586229743094,2.4210625473013385e-06,2.473429240187696e-06,15.329277050787857
Frac. RD (time-space),2.0,0,clean_initial_slice,0.9248375,fractional_subunit,1.5931410822858862,0.015808935737029777,0.82,0.005670712261482169,0.0010954586229743094,2.4210625473013385e-06,2.473429240187696e-06,15.329277050787857
Frac. RD (time-space),2.0,0,target_only_noise,0.9248375,fractional_subunit,1.660196868082093,0.016400695670473957,0.82,0.005670712261482169,0.0010954586229743094,2.4210625473013385e-06,2.473429240187696e-06,15.329277050787857
Frac. RD (time-space),2.0,0,library_only_noise,0.9248375,fractional_subunit,1.542624487989105,0.003004978667996025,0.82,0.005670712261482169,0.0010954586229743094,2.4210625473013385e-06,2.473429240187696e-06,15.329277050787857
Frac. RD (time-space),2.0,0,clean,0.9292,fractional_subunit,1.5407632027213933,0.003253884137253276,0.82,0.005689041551971614,0.0010453784145465462,2.3993819340105936e-06,2.450900958656353e-06,15.41190679549154
Frac. RD (time-space),2.0,0,fully_noisy,0.9292,fractional_subunit,1.6547853236154113,0.017116351167395665,0.82,0.005689041551971614,0.0010453784145465462,2.3993819340105936e-06,2.450900958656353e-06,15.41190679549154
Frac. RD (time-space),2.0,0,clean_initial_slice,0.9292,fractional_subunit,1.59276842203476,0.016322692784110113,0.82,0.005689041551971614,0.0010453784145465462,2.3993819340105936e-06,2.450900958656353e-06,15.41190679549154
Frac. RD (time-space),2.0,0,target_only_noise,0.9292,fractional_subunit,1.6567522620713049,0.016885133711198427,0.82,0.005689041551971614,0.0010453784145465462,2.3993819340105936e-06,2.450900958656353e-06,15.41190679549154
Frac. RD (time-space),2.0,0,library_only_noise,0.9292,fractional_subunit,1.5422105332841807,0.0032681722455258264,0.82,0.005689041551971614,0.0010453784145465462,2.3993819340105936e-06,2.450900958656353e-06,15.41190679549154
Frac. RD (time-space),2.0,0,clean,0.9335625000000001,fractional_subunit,1.5403263168449477,0.0035296940756287505,0.82,0.005708135823760401,0.000995518816474094,2.377778336992521e-06,2.4284671970462557e-06,15.495905379355726
Frac. RD (time-space),2.0,0,fully_noisy,0.9335625000000001,fractional_subunit,1.651326336853644,0.017615588891822707,0.82,0.005708135823760401,0.000995518816474094,2.377778336992521e-06,2.4284671970462557e-06,15.495905379355726
Frac. RD (time-space),2.0,0,clean_initial_slice,0.9335625000000001,fractional_subunit,1.592385918746839,0.01685337098024758,0.82,0.005708135823760401,0.000995518816474094,2.377778336992521e-06,2.4284671970462557e-06,15.495905379355726
Frac. RD (time-space),2.0,0,target_only_noise,0.9335625000000001,fractional_subunit,1.6532755025936217,0.01738636595913725,0.82,0.005708135823760401,0.000995518816474094,2.377778336992521e-06,2.4284671970462557e-06,15.495905379355726
Frac. RD (time-space),2.0,0,library_only_noise,0.9335625000000001,fractional_subunit,1.5417896685460797,0.003543595272472212,0.82,0.005708135823760401,0.000995518816474094,2.377778336992521e-06,2.4284671970462557e-06,15.495905379355726
Frac. RD (time-space),2.0,0,clean,0.937925,fractional_subunit,1.539882156024114,0.003817647951330068,0.82,0.00572799150574918,0.0009459057092252964,2.356245720344617e-06,2.4061222964002287e-06,15.581257708704019
Frac. RD (time-space),2.0,0,fully_noisy,0.937925,fractional_subunit,1.6478351575980197,0.018131575385097475,0.82,0.00572799150574918,0.0009459057092252964,2.356245720344617e-06,2.4061222964002287e-06,15.581257708704019
Frac. RD (time-space),2.0,0,clean_initial_slice,0.937925,fractional_subunit,1.5919925352279458,0.017400967243385145,0.82,0.00572799150574918,0.0009459057092252964,2.356245720344617e-06,2.4061222964002287e-06,15.581257708704019
Frac. RD (time-space),2.0,0,target_only_noise,0.937925,fractional_subunit,1.649766252090541,0.017904377934640395,0.82,0.00572799150574918,0.0009459057092252964,2.356245720344617e-06,2.4061222964002287e-06,15.581257708704019
Frac. RD (time-space),2.0,0,library_only_noise,0.937925,fractional_subunit,1.5413613505549602,0.003831160136189086,0.82,0.00572799150574918,0.0009459057092252964,2.356245720344617e-06,2.4061222964002287e-06,15.581257708704019
Frac. RD (time-space),2.0,0,clean,0.9422875,fractional_subunit,1.5396560036552167,0.00411712660197138,0.82,0.005748603898510083,0.0008965765428572272,2.3347668087781462e-06,2.3838501616128174e-06,15.667948491802074
Frac. RD (time-space),2.0,0,fully_noisy,0.9422875,fractional_subunit,1.6443122447608824,0.01866365023091155,0.82,0.005748603898510083,0.0008965765428572272,2.3347668087781462e-06,2.3838501616128174e-06,15.667948491802074
Frac. RD (time-space),2.0,0,clean_initial_slice,0.9422875,fractional_subunit,1.591585463436767,0.01796488042402679,0.82,0.005748603898510083,0.0008965765428572272,2.3347668087781462e-06,2.3838501616128174e-06,15.667948491802074
Frac. RD (time-space),2.0,0,target_only_noise,0.9422875,fractional_subunit,1.6462249234457023,0.01843851555516582,0.82,0.005748603898510083,0.0008965765428572272,2.3347668087781462e-06,2.3838501616128174e-06,15.667948491802074
Frac. RD (time-space),2.0,0,library_only_noise,0.9422875,fractional_subunit,1.5409242145487976,0.004130246598388823,0.82,0.005748603898510083,0.0008965765428572272,2.3347668087781462e-06,2.3838501616128174e-06,15.667948491802074
Frac. RD (time-space),2.0,0,clean,0.94665,fractional_subunit,1.5393307734608035,0.004429887383289153,0.82,0.005769961873430821,0.0008475553883314079,2.3133845090463973e-06,2.3616911151601513e-06,15.755962249393638
Frac. RD (time-space),2.0,0,fully_noisy,0.94665,fractional_subunit,1.6407552537607668,0.019214020743504964,0.82,0.005769961873430821,0.0008475553883314079,2.3133845090463973e-06,2.3616911151601513e-06,15.755962249393638
Frac. RD (time-space),2.0,0,clean_initial_slice,0.94665,fractional_subunit,1.5911706959612437,0.018547129387734673,0.82,0.005769961873430821,0.0008475553883314079,2.3133845090463973e-06,2.3616911151601513e-06,15.755962249393638
Frac. RD (time-space),2.0,0,target_only_noise,0.94665,fractional_subunit,1.6426492649186628,0.018990972182424647,0.82,0.005769961873430821,0.0008475553883314079,2.3133845090463973e-06,2.3616911151601513e-06,15.755962249393638
Frac. RD (time-space),2.0,0,library_only_noise,0.94665,fractional_subunit,1.5404811190120022,0.004442605439274499,0.82,0.005769961873430821,0.0008475553883314079,2.3133845090463973e-06,2.3616911151601513e-06,15.755962249393638
Frac. RD (time-space),2.0,0,clean,0.9510125,fractional_subunit,1.538866636903826,0.004753290214564902,0.82,0.00579206630401485,0.0007989053220039674,2.2920334641462183e-06,2.3395839981916126e-06,15.845283324771295
Frac. RD (time-space),2.0,0,fully_noisy,0.9510125,fractional_subunit,1.637932054660102,0.019779649102915166,0.82,0.00579206630401485,0.0007989053220039674,2.2920334641462183e-06,2.3395839981916126e-06,15.845283324771295
Frac. RD (time-space),2.0,0,clean_initial_slice,0.9510125,fractional_subunit,1.5907383130337949,0.019144921009424238,0.82,0.00579206630401485,0.0007989053220039674,2.2920334641462183e-06,2.3395839981916126e-06,15.845283324771295
Frac. RD (time-space),2.0,0,target_only_noise,0.9510125,fractional_subunit,1.6390417115948015,0.019558716042458908,0.82,0.00579206630401485,0.0007989053220039674,2.2920334641462183e-06,2.3395839981916126e-06,15.845283324771295
Frac. RD (time-space),2.0,0,library_only_noise,0.9510125,fractional_subunit,1.5400272832602033,0.004765603833137834,0.82,0.00579206630401485,0.0007989053220039674,2.2920334641462183e-06,2.3395839981916126e-06,15.845283324771295
Frac. RD (time-space),2.0,0,clean,0.9553750000000001,fractional_subunit,1.538396412359446,0.005090278368973994,0.82,0.005814902437459048,0.0007506659171123672,2.2707820960201045e-06,2.3175929858572646e-06,15.935895893372205
Frac. RD (time-space),2.0,0,fully_noisy,0.9553750000000001,fractional_subunit,1.6346291860024897,0.020364343208036415,0.82,0.005814902437459048,0.0007506659171123672,2.2707820960201045e-06,2.3175929858572646e-06,15.935895893372205
Frac. RD (time-space),2.0,0,clean_initial_slice,0.9553750000000001,fractional_subunit,1.5902981804588994,0.01976156964401677,0.82,0.005814902437459048,0.0007506659171123672,2.2707820960201045e-06,2.3175929858572646e-06,15.935895893372205
Frac. RD (time-space),2.0,0,target_only_noise,0.9553750000000001,fractional_subunit,1.636418403284782,0.02014545777035712,0.82,0.005814902437459048,0.0007506659171123672,2.2707820960201045e-06,2.3175929858572646e-06,15.935895893372205
Frac. RD (time-space),2.0,0,library_only_noise,0.9553750000000001,fractional_subunit,1.539657258369105,0.005102184567047941,0.82,0.005814902437459048,0.0007506659171123672,2.2707820960201045e-06,2.3175929858572646e-06,15.935895893372205
Frac. RD (time-space),2.0,0,clean,0.9597375,fractional_subunit,1.5379165691593353,0.0054388486945227375,0.82,0.005838468501563672,0.000702916585237165,2.2495837600570904e-06,2.2956745089155793e-06,16.027783971891125
Frac. RD (time-space),2.0,0,fully_noisy,0.9597375,fractional_subunit,1.630931209966403,0.020965627111195536,0.82,0.005838468501563672,0.000702916585237165,2.2495837600570904e-06,2.2956745089155793e-06,16.027783971891125
Frac. RD (time-space),2.0,0,clean_initial_slice,0.9597375,fractional_subunit,1.589843016827006,0.020394992613984492,0.82,0.005838468501563672,0.000702916585237165,2.2495837600570904e-06,2.2956745089155793e-06,16.027783971891125
Frac. RD (time-space),2.0,0,target_only_noise,0.9597375,fractional_subunit,1.6327006052169921,0.02074892143678451,0.82,0.005838468501563672,0.000702916585237165,2.2495837600570904e-06,2.2956745089155793e-06,16.027783971891125
Frac. RD (time-space),2.0,0,library_only_noise,0.9597375,fractional_subunit,1.539480496159053,0.005450352349350174,0.82,0.005838468501563672,0.000702916585237165,2.2495837600570904e-06,2.2956745089155793e-06,16.027783971891125
Frac. RD (time-space),2.0,0,clean,0.9641,fractional_subunit,1.5374288397789688,0.00580023287530453,0.82,0.005862753629577058,0.0006557430553313975,2.228464555016925e-06,2.273853076910862e-06,16.120931426904708
Frac. RD (time-space),2.0,0,fully_noisy,0.9641,fractional_subunit,1.6271982110124332,0.02158505906905487,0.82,0.005862753629577058,0.0006557430553313975,2.228464555016925e-06,2.273853076910862e-06,16.120931426904708
Frac. RD (time-space),2.0,0,clean_initial_slice,0.9641,fractional_subunit,1.58937645839716,0.02104662504259591,0.82,0.005862753629577058,0.0006557430553313975,2.228464555016925e-06,2.273853076910862e-06,16.120931426904708
Frac. RD (time-space),2.0,0,target_only_noise,0.9641,fractional_subunit,1.628947263856763,0.021370564134997348,0.82,0.005862753629577058,0.0006557430553313975,2.228464555016925e-06,2.273853076910862e-06,16.120931426904708
Frac. RD (time-space),2.0,0,library_only_noise,0.9641,fractional_subunit,1.53900879172304,0.005811334113675148,0.82,0.005862753629577058,0.0006557430553313975,2.228464555016925e-06,2.273853076910862e-06,16.120931426904708
Frac. RD (time-space),2.0,0,clean,0.9684625,fractional_subunit,1.5369329766261677,0.006174486059147737,0.82,0.0058877519485807,0.0006092595864579703,2.207423107979773e-06,2.2521274317527875e-06,16.2153219830031
Frac. RD (time-space),2.0,0,fully_noisy,0.9684625,fractional_subunit,1.6234296683587408,0.022222820260950567,0.82,0.0058877519485807,0.0006092595864579703,2.207423107979773e-06,2.2521274317527875e-06,16.2153219830031
Frac. RD (time-space),2.0,0,clean_initial_slice,0.9684625,fractional_subunit,1.588898074828262,0.021716640016498437,0.82,0.0058877519485807,0.0006092595864579703,2.207423107979773e-06,2.2521274317527875e-06,16.2153219830031
Frac. RD (time-space),2.0,0,target_only_noise,0.9684625,fractional_subunit,1.6251580445217224,0.022010567815327106,0.82,0.0058877519485807,0.0006092595864579703,2.207423107979773e-06,2.2521274317527875e-06,16.2153219830031
Frac. RD (time-space),2.0,0,library_only_noise,0.9684625,fractional_subunit,1.5385290255892023,0.006185182768132164,0.82,0.0058877519485807,0.0006092595864579703,2.207423107979773e-06,2.2521274317527875e-06,16.2153219830031
Frac. RD (time-space),2.0,0,clean,0.972825,fractional_subunit,1.536427311513506,0.00656051351492833,0.82,0.005913454667053396,0.0005636160032745935,2.1864391900821923e-06,2.230478886141562e-06,16.310939230426396
Frac. RD (time-space),2.0,0,fully_noisy,0.972825,fractional_subunit,1.6196266425470178,0.02287774281837459,0.82,0.005913454667053396,0.0005636160032745935,2.1864391900821923e-06,2.230478886141562e-06,16.310939230426396
Frac. RD (time-space),2.0,0,clean_initial_slice,0.972825,fractional_subunit,1.5884042886873726,0.022403945650086205,0.82,0.005913454667053396,0.0005636160032745935,2.1864391900821923e-06,2.230478886141562e-06,16.310939230426396
Frac. RD (time-space),2.0,0,target_only_noise,0.972825,fractional_subunit,1.6213339476593749,0.022667772619252548,0.82,0.005913454667053396,0.0005636160032745935,2.1864391900821923e-06,2.230478886141562e-06,16.310939230426396
Frac. RD (time-space),2.0,0,library_only_noise,0.972825,fractional_subunit,1.538039408622498,0.0065708040840880165,0.82,0.005913454667053396,0.0005636160032745935,2.1864391900821923e-06,2.230478886141562e-06,16.310939230426396
Frac. RD (time-space),2.0,0,clean,0.9771875000000001,fractional_subunit,1.5359149368054272,0.00696087746997383,0.82,0.005939854449237846,0.0005190144491033773,2.1655566015898277e-06,2.2089481868158247e-06,16.407766632205053
Frac. RD (time-space),2.0,0,fully_noisy,0.9771875000000001,fractional_subunit,1.6157855988636785,0.023552936459868237,0.82,0.005939854449237846,0.0005190144491033773,2.1655566015898277e-06,2.2089481868158247e-06,16.407766632205053
Frac. RD (time-space),2.0,0,clean_initial_slice,0.9771875000000001,fractional_subunit,1.5879018912483118,0.023111437243964177,0.82,0.005939854449237846,0.0005190144491033773,2.1655566015898277e-06,2.2089481868158247e-06,16.407766632205053
Frac. RD (time-space),2.0,0,target_only_noise,0.9771875000000001,fractional_subunit,1.6174715471501153,0.023345272438167853,0.82,0.005939854449237846,0.0005190144491033773,2.1655566015898277e-06,2.2089481868158247e-06,16.407766632205053
Frac. RD (time-space),2.0,0,library_only_noise,0.9771875000000001,fractional_subunit,1.5375431878372263,0.006970759299154742,0.82,0.005939854449237846,0.0005190144491033773,2.1655566015898277e-06,2.2089481868158247e-06,16.407766632205053
Frac. RD (time-space),2.0,0,clean,0.98155,fractional_subunit,1.5353908777549548,0.007371810163877674,0.82,0.005966941517094149,0.0004757038951249419,2.1447113418163207e-06,2.187476048293931e-06,16.505787530805026
Frac. RD (time-space),2.0,0,fully_noisy,0.98155,fractional_subunit,1.6119108100169317,0.02424414865224594,0.82,0.005966941517094149,0.0004757038951249419,2.1447113418163207e-06,2.187476048293931e-06,16.505787530805026
Frac. RD (time-space),2.0,0,clean_initial_slice,0.98155,fractional_subunit,1.5873800948213368,0.023835142067533257,0.82,0.005966941517094149,0.0004757038951249419,2.1447113418163207e-06,2.187476048293931e-06,16.505787530805026
Frac. RD (time-space),2.0,0,target_only_noise,0.98155,fractional_subunit,1.6135749319649562,0.024038839245322043,0.82,0.005966941517094149,0.0004757038951249419,2.1447113418163207e-06,2.187476048293931e-06,16.505787530805026
Frac. RD (time-space),2.0,0,library_only_noise,0.98155,fractional_subunit,1.5370352093921522,0.00738128219858293,0.82,0.005966941517094149,0.0004757038951249419,2.1447113418163207e-06,2.187476048293931e-06,16.505787530805026
Frac. RD (time-space),2.0,0,clean,0.9859125,fractional_subunit,1.5348598485605807,0.007797305649050696,0.82,0.005994709016199507,0.0004340648878904344,2.1239682502903897e-06,2.1661226713758256e-06,16.60498515427946
Frac. RD (time-space),2.0,0,fully_noisy,0.9859125,fractional_subunit,1.6079970144368683,0.024956134680683258,0.82,0.005994709016199507,0.0004340648878904344,2.1239682502903897e-06,2.1661226713758256e-06,16.60498515427946
Frac. RD (time-space),2.0,0,clean_initial_slice,0.9859125,fractional_subunit,1.5868492596990487,0.02457949679164139,0.82,0.005994709016199507,0.0004340648878904344,2.1239682502903897e-06,2.1661226713758256e-06,16.60498515427946
Frac. RD (time-space),2.0,0,target_only_noise,0.9859125,fractional_subunit,1.609639010649202,0.024753204316634355,0.82,0.005994709016199507,0.0004340648878904344,2.1239682502903897e-06,2.1661226713758256e-06,16.60498515427946
Frac. RD (time-space),2.0,0,library_only_noise,0.9859125,fractional_subunit,1.5365203671613492,0.0078063653119354835,0.82,0.005994709016199507,0.0004340648878904344,2.1239682502903897e-06,2.1661226713758256e-06,16.60498515427946
Frac. RD (time-space),2.0,0,clean,0.990275,fractional_subunit,1.5343185571650513,0.008234820009503076,0.82,0.00602314702877224,0.0003945668421680073,2.1032863027326224e-06,2.1448501283805214e-06,16.70534262193033
Frac. RD (time-space),2.0,0,fully_noisy,0.990275,fractional_subunit,1.605075458841965,0.025686125734362013,0.82,0.00602314702877224,0.0003945668421680073,2.1032863027326224e-06,2.1448501283805214e-06,16.70534262193033
Frac. RD (time-space),2.0,0,clean_initial_slice,0.990275,fractional_subunit,1.5863022460485519,0.025341874875330572,0.82,0.00602314702877224,0.0003945668421680073,2.1032863027326224e-06,2.1448501283805214e-06,16.70534262193033
Frac. RD (time-space),2.0,0,target_only_noise,0.990275,fractional_subunit,1.6056663068988222,0.025485580013359363,0.82,0.00602314702877224,0.0003945668421680073,2.1032863027326224e-06,2.1448501283805214e-06,16.70534262193033
Frac. RD (time-space),2.0,0,library_only_noise,0.990275,fractional_subunit,1.5359952517604243,0.00824346575396516,0.82,0.00602314702877224,0.0003945668421680073,2.1032863027326224e-06,2.1448501283805214e-06,16.70534262193033
Frac. RD (time-space),2.0,0,clean,0.9946375000000001,fractional_subunit,1.5337685916851094,0.00868590032603692,0.82,0.006052247119922222,0.0003578999007662964,2.0826885728956493e-06,2.1236798672629627e-06,16.806842949484334
Frac. RD (time-space),2.0,0,fully_noisy,0.9946375000000001,fractional_subunit,1.6010385043866457,0.026436188338650315,0.82,0.006052247119922222,0.0003578999007662964,2.0826885728956493e-06,2.1236798672629627e-06,16.806842949484334
Frac. RD (time-space),2.0,0,clean_initial_slice,0.9946375000000001,fractional_subunit,1.5857425973020756,0.026124057994730603,0.82,0.006052247119922222,0.0003578999007662964,2.0826885728956493e-06,2.1236798672629627e-06,16.806842949484334
Frac. RD (time-space),2.0,0,target_only_noise,0.9946375000000001,fractional_subunit,1.6025695526447337,0.026238027498263407,0.82,0.006052247119922222,0.0003578999007662964,2.0826885728956493e-06,2.1236798672629627e-06,16.806842949484334
Frac. RD (time-space),2.0,0,library_only_noise,0.9946375000000001,fractional_subunit,1.53546151549508,0.008694130069599995,0.82,0.006052247119922222,0.0003578999007662964,2.0826885728956493e-06,2.1236798672629627e-06,16.806842949484334
Frac. RD (time-space),2.0,0,clean,0.999,fractional_subunit,1.5332099841282052,0.009150875588373998,0.82,0.006082002604048179,0.0003249877116197163,2.0621775475005748e-06,2.102614199244101e-06,16.90946905378848
Frac. RD (time-space),2.0,0,fully_noisy,0.999,fractional_subunit,1.5969617443385062,0.027206647037907948,0.82,0.006082002604048179,0.0003249877116197163,2.0621775475005748e-06,2.102614199244101e-06,16.90946905378848
Frac. RD (time-space),2.0,0,clean_initial_slice,0.999,fractional_subunit,1.5851705075286289,0.026926532098828348,0.82,0.006082002604048179,0.0003249877116197163,2.0621775475005748e-06,2.102614199244101e-06,16.90946905378848
Frac. RD (time-space),2.0,0,target_only_noise,0.999,fractional_subunit,1.598469210749522,0.02701095332861275,0.82,0.006082002604048179,0.0003249877116197163,2.0621775475005748e-06,2.102614199244101e-06,16.90946905378848
Frac. RD (time-space),2.0,0,library_only_noise,0.999,fractional_subunit,1.534919198460674,0.009158687172415947,0.82,0.006082002604048179,0.0003249877116197163,2.0621775475005748e-06,2.102614199244101e-06,16.90946905378848
Frac. RD (time-space),2.0,0,clean,1.0,integer,1.5290283093119392,0.009027495382855992,0.82,0.006092624288717912,0.000363636046408521,2.04172242330914e-06,2.0845889820189096e-06,16.842390344823926
Frac. RD (time-space),2.0,0,fully_noisy,1.0,integer,1.5880585622895802,0.026591209875285786,0.82,0.006092624288717912,0.000363636046408521,2.04172242330914e-06,2.0845889820189096e-06,16.842390344823926
Frac. RD (time-space),2.0,0,clean_initial_slice,1.0,integer,1.5755974811236209,0.026252571690127152,0.82,0.006092624288717912,0.000363636046408521,2.04172242330914e-06,2.0845889820189096e-06,16.842390344823926
Frac. RD (time-space),2.0,0,target_only_noise,1.0,integer,1.5890102346632666,0.026442034264463208,0.82,0.006092624288717912,0.000363636046408521,2.04172242330914e-06,2.0845889820189096e-06,16.842390344823926
Frac. RD (time-space),2.0,0,library_only_noise,1.0,integer,1.5307398421306413,0.009035128427946541,0.82,0.006092624288717912,0.000363636046408521,2.04172242330914e-06,2.0845889820189096e-06,16.842390344823926
