      11.8200538       5.5833982       0.7556308       0.0292990       0.0003255       0.0000010       0.0000000       0.0000000       0.0000000       0.0000000       0.0000000       0.0000000       0.0000000       0.0000000       0.0000000       0.0000000       0.0000000       0.0000000       0.0000000       0.0000000       0.0000000       0.0000000       0.0000000       0.0000000       0.0000000       0.0000000       0.0000000       0.0000000       0.0000000       0.0000000       0.0000000       0.0000000       0.0000000       0.0000000       0.0000000       0.0000000       0.0000000       0.0000000       0.0000000       0.0000000       0.0000000       0.0000000       0.0000000       0.0000000       0.0000000       0.0000000       0.0000000       0.0000000       0.0000000       0.0000000       0.0000000       0.0000000       0.0000000       0.0000000       0.0000000       0.0000000       0.0000000       0.0000000       0.0000000       0.0000000       0.0000000       0.0000000       0.0000000       0.0000000       0.0000000       0.0000000       0.0000000       0.0000000       0.0000000       0.0000000       0.0000000       0.0000000       0.0000000       0.0000000       0.0000000       0.0000000       0.0000000       0.0000000       0.0000000       0.0000000       0.0000000       0.0000000       0.0000000       0.0000000       0.0000000       0.0000000       0.0000000       0.0000000       0.0000000       0.0000000       0.0000000       0.0000000       0.0000000       0.0000000       0.0000000       0.0000000       0.0000000       0.0000000       0.0000000       0.0000000       0.0000000       0.0000000       0.0000000       0.0000000       0.0000000       0.0000000       0.0000000       0.0000000       0.0000000       0.0000000       0.0000000       0.0000000       0.0000000       0.0000000       0.0000000       0.0000000       0.0000000       0.0000000       0.0000000       0.0000000
       8.1771933       7.2163478       3.4087614       0.8618699       0.1166414       0.0084495       0.0003276       0.0000068       0.0000001       0.0000000       0.0000000       0.0000000       0.0000000       0.0000000       0.0000000       0.0000000       0.0000000       0.0000000       0.0000000       0.0000000       0.0000000       0.0000000       0.0000000       0.0000000       0.0000000       0.0000000       0.0000000       0.0000000       0.0000000       0.0000000       0.0000000       0.0000000       0.0000000       0.0000000       0.0000000       0.0000000       0.0000000       0.0000000       0.0000000       0.0000000       0.0000000       0.0000000       0.0000000       0.0000000       0.0000000       0.0000000       0.0000000       0.0000000       0.0000000       0.0000000       0.0000000       0.0000000       0.0000000       0.0000000       0.0000000       0.0000000       0.0000000       0.0000000       0.0000000       0.0000000       0.0000000       0.0000000       0.0000000       0.0000000       0.0000000       0.0000000       0.0000000       0.0000000       0.0000000       0.0000000       0.0000000       0.0000000       0.0000000       0.0000000       0.0000000       0.0000000       0.0000000       0.0000000       0.0000000       0.0000000       0.0000000       0.0000000       0.0000000       0.0000000       0.0000000       0.0000000       0.0000000       0.0000000       0.0000000       0.0000000       0.0000000       0.0000000       0.0000000       0.0000000       0.0000000       0.0000000       0.0000000       0.0000000       0.0000000       0.0000000       0.0000000       0.0000000       0.0000000       0.0000000       0.0000000       0.0000000       0.0000000       0.0000000       0.0000000       0.0000000       0.0000000       0.0000000       0.0000000       0.0000000       0.0000000       0.0000000       0.0000000       0.0000000       0.0000000       0.0000000
       6.2006745       6.7395383       4.8290903       2.2811008       0.7103422       0.1458259       0.0197354       0.0017608       0.0001036       0.0000040       0.0000001       0.0000000       0.0000000       0.0000000       0.0000000       0.0000000       0.0000000       0.0000000       0.0000000       0.0000000       0.0000000       0.0000000       0.0000000       0.0000000       0.0000000       0.0000000       0.0000000       0.0000000       0.0000000       0.0000000       0.0000000       0.0000000       0.0000000       0.0000000       0.0000000       0.0000000       0.0000000       0.0000000       0.0000000       0.0000000       0.0000000       0.0000000       0.0000000       0.0000000       0.0000000       0.0000000       0.0000000       0.0000000       0.0000000       0.0000000       0.0000000       0.0000000       0.0000000       0.0000000       0.0000000       0.0000000       0.0000000       0.0000000       0.0000000       0.0000000       0.0000000       0.0000000       0.0000000       0.0000000       0.0000000       0.0000000       0.0000000       0.0000000       0.0000000       0.0000000       0.0000000       0.0000000       0.0000000       0.0000000       0.0000000       0.0000000       0.0000000       0.0000000       0.0000000       0.0000000       0.0000000       0.0000000       0.0000000       0.0000000       0.0000000       0.0000000       0.0000000       0.0000000       0.0000000       0.0000000       0.0000000       0.0000000       0.0000000       0.0000000       0.0000000       0.0000000       0.0000000       0.0000000       0.0000000       0.0000000       0.0000000       0.0000000       0.0000000       0.0000000       0.0000000       0.0000000       0.0000000       0.0000000       0.0000000       0.0000000       0.0000000       0.0000000       0.0000000       0.0000000       0.0000000       0.0000000       0.0000000       0.0000000       0.0000000       0.0000000
       4.9226051       5.9377952       5.2400859       3.3832538       1.5981360       0.5523010       0.1396436       0.0258315       0.0034959       0.0003461       0.0000251       0.0000013       0.0000001       0.0000000       0.0000000       0.0000000       0.0000000       0.0000000       0.0000000       0.0000000       0.0000000       0.0000000       0.0000000       0.0000000       0.0000000       0.0000000       0.0000000       0.0000000       0.0000000       0.0000000       0.0000000       0.0000000       0.0000000       0.0000000       0.0000000       0.0000000       0.0000000       0.0000000       0.0000000       0.0000000       0.0000000       0.0000000       0.0000000       0.0000000       0.0000000       0.0000000       0.0000000       0.0000000       0.0000000       0.0000000       0.0000000       0.0000000       0.0000000       0.0000000       0.0000000       0.0000000       0.0000000       0.0000000       0.0000000       0.0000000       0.0000000       0.0000000       0.0000000       0.0000000       0.0000000       0.0000000       0.0000000       0.0000000       0.0000000       0.0000000       0.0000000       0.0000000       0.0000000       0.0000000       0.0000000       0.0000000       0.0000000       0.0000000       0.0000000       0.0000000       0.0000000       0.0000000       0.0000000       0.0000000       0.0000000       0.0000000       0.0000000       0.0000000       0.0000000       0.0000000       0.0000000       0.0000000       0.0000000       0.0000000       0.0000000       0.0000000       0.0000000       0.0000000       0.0000000       0.0000000       0.0000000       0.0000000       0.0000000       0.0000000       0.0000000       0.0000000       0.0000000       0.0000000       0.0000000       0.0000000       0.0000000       0.0000000       0.0000000       0.0000000       0.0000000       0.0000000       0.0000000       0.0000000       0.0000000       0.0000000
       4.0151656       5.1555748       5.1555748       4.0151657       2.4353212       1.1503643       0.4231954       0.1212475       0.0270540       0.0047013       0.0006362       0.0000671       0.0000055       0.0000004       0.0000000       0.0000000       0.0000000       0.0000000       0.0000000       0.0000000       0.0000000       0.0000000       0.0000000       0.0000000       0.0000000       0.0000000       0.0000000       0.0000000       0.0000000       0.0000000       0.0000000       0.0000000       0.0000000       0.0000000       0.0000000       0.0000000       0.0000000       0.0000000       0.0000000       0.0000000       0.0000000       0.0000000       0.0000000       0.0000000       0.0000000       0.0000000       0.0000000       0.0000000       0.0000000       0.0000000       0.0000000       0.0000000       0.0000000       0.0000000       0.0000000       0.0000000       0.0000000       0.0000000       0.0000000       0.0000000       0.0000000       0.0000000       0.0000000       0.0000000       0.0000000       0.0000000       0.0000000       0.0000000       0.0000000       0.0000000       0.0000000       0.0000000       0.0000000       0.0000000       0.0000000       0.0000000       0.0000000       0.0000000       0.0000000       0.0000000       0.0000000       0.0000000       0.0000000       0.0000000       0.0000000       0.0000000       0.0000000       0.0000000       0.0000000       0.0000000       0.0000000       0.0000000       0.0000000       0.0000000       0.0000000       0.0000000       0.0000000       0.0000000       0.0000000       0.0000000       0.0000000       0.0000000       0.0000000       0.0000000       0.0000000       0.0000000       0.0000000       0.0000000       0.0000000       0.0000000       0.0000000       0.0000000       0.0000000       0.0000000       0.0000000       0.0000000       0.0000000       0.0000000       0.0000000       0.0000000
       3.3338445       4.4628734       4.8507152       4.2807412       3.0672851       1.7844785       0.8429280       0.3232895       0.1006734       0.0254542       0.0052255       0.0008710       0.0001179       0.0000130       0.0000012       0.0000001       0.0000000       0.0000000       0.0000000       0.0000000       0.0000000       0.0000000       0.0000000       0.0000000       0.0000000       0.0000000       0.0000000       0.0000000       0.0000000       0.0000000       0.0000000       0.0000000       0.0000000       0.0000000       0.0000000       0.0000000       0.0000000       0.0000000       0.0000000       0.0000000       0.0000000       0.0000000       0.0000000       0.0000000       0.0000000       0.0000000       0.0000000       0.0000000       0.0000000       0.0000000       0.0000000       0.0000000       0.0000000       0.0000000       0.0000000       0.0000000       0.0000000       0.0000000       0.0000000       0.0000000       0.0000000       0.0000000       0.0000000       0.0000000       0.0000000       0.0000000       0.0000000       0.0000000       0.0000000       0.0000000       0.0000000       0.0000000       0.0000000       0.0000000       0.0000000       0.0000000       0.0000000       0.0000000       0.0000000       0.0000000       0.0000000       0.0000000       0.0000000       0.0000000       0.0000000       0.0000000       0.0000000       0.0000000       0.0000000       0.0000000       0.0000000       0.0000000       0.0000000       0.0000000       0.0000000       0.0000000       0.0000000       0.0000000       0.0000000       0.0000000       0.0000000       0.0000000       0.0000000       0.0000000       0.0000000       0.0000000       0.0000000       0.0000000       0.0000000       0.0000000       0.0000000       0.0000000       0.0000000       0.0000000       0.0000000       0.0000000       0.0000000       0.0000000       0.0000000       0.0000000
       2.8032264       3.8659198       4.4595897       4.3031293       3.4731320       2.3447990       1.3241505       0.6254844       0.2471400       0.0816802       0.0225808       0.0052216       0.0010100       0.0001634       0.0000221       0.0000025       0.0000002       0.0000000       0.0000000       0.0000000       0.0000000       0.0000000       0.0000000       0.0000000       0.0000000       0.0000000       0.0000000       0.0000000       0.0000000       0.0000000       0.0000000       0.0000000       0.0000000       0.0000000       0.0000000       0.0000000       0.0000000       0.0000000       0.0000000       0.0000000       0.0000000       0.0000000       0.0000000       0.0000000       0.0000000       0.0000000       0.0000000       0.0000000       0.0000000       0.0000000       0.0000000       0.0000000       0.0000000       0.0000000       0.0000000       0.0000000       0.0000000       0.0000000       0.0000000       0.0000000       0.0000000       0.0000000       0.0000000       0.0000000       0.0000000       0.0000000       0.0000000       0.0000000       0.0000000       0.0000000       0.0000000       0.0000000       0.0000000       0.0000000       0.0000000       0.0000000       0.0000000       0.0000000       0.0000000       0.0000000       0.0000000       0.0000000       0.0000000       0.0000000       0.0000000       0.0000000       0.0000000       0.0000000       0.0000000       0.0000000       0.0000000       0.0000000       0.0000000       0.0000000       0.0000000       0.0000000       0.0000000       0.0000000       0.0000000       0.0000000       0.0000000       0.0000000       0.0000000       0.0000000       0.0000000       0.0000000       0.0000000       0.0000000       0.0000000       0.0000000       0.0000000       0.0000000       0.0000000       0.0000000       0.0000000       0.0000000       0.0000000       0.0000000       0.0000000       0.0000000
       2.3792743       3.3553146       4.0472820       4.1757565       3.6850922       2.7816536       1.7959706       0.9918292       0.4685069       0.1892939       0.0654182       0.0193376       0.0048893       0.0010574       0.0001956       0.0000309       0.0000042       0.0000005       0.0000000       0.0000000       0.0000000       0.0000000       0.0000000       0.0000000       0.0000000       0.0000000       0.0000000       0.0000000       0.0000000       0.0000000       0.0000000       0.0000000       0.0000000       0.0000000       0.0000000       0.0000000       0.0000000       0.0000000       0.0000000       0.0000000       0.0000000       0.0000000       0.0000000       0.0000000       0.0000000       0.0000000       0.0000000       0.0000000       0.0000000       0.0000000       0.0000000       0.0000000       0.0000000       0.0000000       0.0000000       0.0000000       0.0000000       0.0000000       0.0000000       0.0000000       0.0000000       0.0000000       0.0000000       0.0000000       0.0000000       0.0000000       0.0000000       0.0000000       0.0000000       0.0000000       0.0000000       0.0000000       0.0000000       0.0000000       0.0000000       0.0000000       0.0000000       0.0000000       0.0000000       0.0000000       0.0000000       0.0000000       0.0000000       0.0000000       0.0000000       0.0000000       0.0000000       0.0000000       0.0000000       0.0000000       0.0000000       0.0000000       0.0000000       0.0000000       0.0000000       0.0000000       0.0000000       0.0000000       0.0000000       0.0000000       0.0000000       0.0000000       0.0000000       0.0000000       0.0000000       0.0000000       0.0000000       0.0000000       0.0000000       0.0000000       0.0000000       0.0000000       0.0000000       0.0000000       0.0000000       0.0000000       0.0000000       0.0000000       0.0000000       0.0000000
       2.0341421       2.9188370       3.6451864       3.9619678       3.7478610       3.0855837       2.2109174       1.3787611       0.7483191       0.3534809       0.1453204       0.0519958       0.0161917       0.0043883       0.0010351       0.0002125       0.0000380       0.0000059       0.0000008       0.0000001       0.0000000       0.0000000       0.0000000       0.0000000       0.0000000       0.0000000       0.0000000       0.0000000       0.0000000       0.0000000       0.0000000       0.0000000       0.0000000       0.0000000       0.0000000       0.0000000       0.0000000       0.0000000       0.0000000       0.0000000       0.0000000       0.0000000       0.0000000       0.0000000       0.0000000       0.0000000       0.0000000       0.0000000       0.0000000       0.0000000       0.0000000       0.0000000       0.0000000       0.0000000       0.0000000       0.0000000       0.0000000       0.0000000       0.0000000       0.0000000       0.0000000       0.0000000       0.0000000       0.0000000       0.0000000       0.0000000       0.0000000       0.0000000       0.0000000       0.0000000       0.0000000       0.0000000       0.0000000       0.0000000       0.0000000       0.0000000       0.0000000       0.0000000       0.0000000       0.0000000       0.0000000       0.0000000       0.0000000       0.0000000       0.0000000       0.0000000       0.0000000       0.0000000       0.0000000       0.0000000       0.0000000       0.0000000       0.0000000       0.0000000       0.0000000       0.0000000       0.0000000       0.0000000       0.0000000       0.0000000       0.0000000       0.0000000       0.0000000       0.0000000       0.0000000       0.0000000       0.0000000       0.0000000       0.0000000       0.0000000       0.0000000       0.0000000       0.0000000       0.0000000       0.0000000       0.0000000       0.0000000       0.0000000       0.0000000       0.0000000
       1.7491501       2.5449984       3.2678426       3.7029508       3.7029508       3.2678427       2.5449985       1.7491502       1.0609132       0.5678659       0.2682409       0.1118194       0.0411361       0.0133549       0.0038263       0.0009674       0.0002159       0.0000425       0.0000074       0.0000011       0.0000002       0.0000000       0.0000000       0.0000000       0.0000000       0.0000000       0.0000000       0.0000000       0.0000000       0.0000000       0.0000000       0.0000000       0.0000000       0.0000000       0.0000000       0.0000000       0.0000000       0.0000000       0.0000000       0.0000000       0.0000000       0.0000000       0.0000000       0.0000000       0.0000000       0.0000000       0.0000000       0.0000000       0.0000000       0.0000000       0.0000000       0.0000000       0.0000000       0.0000000       0.0000000       0.0000000       0.0000000       0.0000000       0.0000000       0.0000000       0.0000000       0.0000000       0.0000000       0.0000000       0.0000000       0.0000000       0.0000000       0.0000000       0.0000000       0.0000000       0.0000000       0.0000000       0.0000000       0.0000000       0.0000000       0.0000000       0.0000000       0.0000000       0.0000000       0.0000000       0.0000000       0.0000000       0.0000000       0.0000000       0.0000000       0.0000000       0.0000000       0.0000000       0.0000000       0.0000000       0.0000000       0.0000000       0.0000000       0.0000000       0.0000000       0.0000000       0.0000000       0.0000000       0.0000000       0.0000000       0.0000000       0.0000000       0.0000000       0.0000000       0.0000000       0.0000000       0.0000000       0.0000000       0.0000000       0.0000000       0.0000000       0.0000000       0.0000000       0.0000000       0.0000000       0.0000000       0.0000000       0.0000000       0.0000000       0.0000000
       1.5111869       2.2238924       2.9211760       3.4249169       3.5841873       3.3479558       2.7913679       2.0773172       1.3798659       0.8181244       0.4329623       0.2045169       0.0862297       0.0324513       0.0109008       0.0032684       0.0008747       0.0002089       0.0000445       0.0000085       0.0000014       0.0000002       0.0000000       0.0000000       0.0000000       0.0000000       0.0000000       0.0000000       0.0000000       0.0000000       0.0000000       0.0000000       0.0000000       0.0000000       0.0000000       0.0000000       0.0000000       0.0000000       0.0000000       0.0000000       0.0000000       0.0000000       0.0000000       0.0000000       0.0000000       0.0000000       0.0000000       0.0000000       0.0000000       0.0000000       0.0000000       0.0000000       0.0000000       0.0000000       0.0000000       0.0000000       0.0000000       0.0000000       0.0000000       0.0000000       0.0000000       0.0000000       0.0000000       0.0000000       0.0000000       0.0000000       0.0000000       0.0000000       0.0000000       0.0000000       0.0000000       0.0000000       0.0000000       0.0000000       0.0000000       0.0000000       0.0000000       0.0000000       0.0000000       0.0000000       0.0000000       0.0000000       0.0000000       0.0000000       0.0000000       0.0000000       0.0000000       0.0000000       0.0000000       0.0000000       0.0000000       0.0000000       0.0000000       0.0000000       0.0000000       0.0000000       0.0000000       0.0000000       0.0000000       0.0000000       0.0000000       0.0000000       0.0000000       0.0000000       0.0000000       0.0000000       0.0000000       0.0000000       0.0000000       0.0000000       0.0000000       0.0000000       0.0000000       0.0000000       0.0000000       0.0000000       0.0000000       0.0000000       0.0000000       0.0000000
       1.3107158       1.9472278       2.6066696       3.1442437       3.4174913       3.3470301       2.9537437       2.3488052       1.6829925       1.0866216       0.6321724       0.3314009       0.1565427       0.0666305       0.0255549       0.0088315       0.0027502       0.0007717       0.0001951       0.0000445       0.0000091       0.0000017       0.0000003       0.0000000       0.0000000       0.0000000       0.0000000       0.0000000       0.0000000       0.0000000       0.0000000       0.0000000       0.0000000       0.0000000       0.0000000       0.0000000       0.0000000       0.0000000       0.0000000       0.0000000       0.0000000       0.0000000       0.0000000       0.0000000       0.0000000       0.0000000       0.0000000       0.0000000       0.0000000       0.0000000       0.0000000       0.0000000       0.0000000       0.0000000       0.0000000       0.0000000       0.0000000       0.0000000       0.0000000       0.0000000       0.0000000       0.0000000       0.0000000       0.0000000       0.0000000       0.0000000       0.0000000       0.0000000       0.0000000       0.0000000       0.0000000       0.0000000       0.0000000       0.0000000       0.0000000       0.0000000       0.0000000       0.0000000       0.0000000       0.0000000       0.0000000       0.0000000       0.0000000       0.0000000       0.0000000       0.0000000       0.0000000       0.0000000       0.0000000       0.0000000       0.0000000       0.0000000       0.0000000       0.0000000       0.0000000       0.0000000       0.0000000       0.0000000       0.0000000       0.0000000       0.0000000       0.0000000       0.0000000       0.0000000       0.0000000       0.0000000       0.0000000       0.0000000       0.0000000       0.0000000       0.0000000       0.0000000       0.0000000       0.0000000       0.0000000       0.0000000       0.0000000       0.0000000       0.0000000       0.0000000
       1.1405991       1.7081310       2.3235405       2.8709144       3.2220416       3.2846036       3.0414151       2.5580519       1.9542671       1.3561240       0.8547828       0.4893878       0.2545021       0.1202183       0.0515811       0.0201026       0.0071163       0.0022882       0.0006683       0.0001773       0.0000427       0.0000094       0.0000019       0.0000003       0.0000001       0.0000000       0.0000000       0.0000000       0.0000000       0.0000000       0.0000000       0.0000000       0.0000000       0.0000000       0.0000000       0.0000000       0.0000000       0.0000000       0.0000000       0.0000000       0.0000000       0.0000000       0.0000000       0.0000000       0.0000000       0.0000000       0.0000000       0.0000000       0.0000000       0.0000000       0.0000000       0.0000000       0.0000000       0.0000000       0.0000000       0.0000000       0.0000000       0.0000000       0.0000000       0.0000000       0.0000000       0.0000000       0.0000000       0.0000000       0.0000000       0.0000000       0.0000000       0.0000000       0.0000000       0.0000000       0.0000000       0.0000000       0.0000000       0.0000000       0.0000000       0.0000000       0.0000000       0.0000000       0.0000000       0.0000000       0.0000000       0.0000000       0.0000000       0.0000000       0.0000000       0.0000000       0.0000000       0.0000000       0.0000000       0.0000000       0.0000000       0.0000000       0.0000000       0.0000000       0.0000000       0.0000000       0.0000000       0.0000000       0.0000000       0.0000000       0.0000000       0.0000000       0.0000000       0.0000000       0.0000000       0.0000000       0.0000000       0.0000000       0.0000000       0.0000000       0.0000000       0.0000000       0.0000000       0.0000000       0.0000000       0.0000000       0.0000000       0.0000000       0.0000000       0.0000000
       0.9953689       1.5009113       2.0699015       2.6107666       3.0116890       3.1774293       3.0659522       2.7056934       2.1838131       1.6120410       1.0883295       0.6719987       0.3794898       0.1959998       0.0925837       0.0399979       0.0158039       0.0057110       0.0018875       0.0005705       0.0001577       0.0000399       0.0000092       0.0000020       0.0000004       0.0000001       0.0000000       0.0000000       0.0000000       0.0000000       0.0000000       0.0000000       0.0000000       0.0000000       0.0000000       0.0000000       0.0000000       0.0000000       0.0000000       0.0000000       0.0000000       0.0000000       0.0000000       0.0000000       0.0000000       0.0000000       0.0000000       0.0000000       0.0000000       0.0000000       0.0000000       0.0000000       0.0000000       0.0000000       0.0000000       0.0000000       0.0000000       0.0000000       0.0000000       0.0000000       0.0000000       0.0000000       0.0000000       0.0000000       0.0000000       0.0000000       0.0000000       0.0000000       0.0000000       0.0000000       0.0000000       0.0000000       0.0000000       0.0000000       0.0000000       0.0000000       0.0000000       0.0000000       0.0000000       0.0000000       0.0000000       0.0000000       0.0000000       0.0000000       0.0000000       0.0000000       0.0000000       0.0000000       0.0000000       0.0000000       0.0000000       0.0000000       0.0000000       0.0000000       0.0000000       0.0000000       0.0000000       0.0000000       0.0000000       0.0000000       0.0000000       0.0000000       0.0000000       0.0000000       0.0000000       0.0000000       0.0000000       0.0000000       0.0000000       0.0000000       0.0000000       0.0000000       0.0000000       0.0000000       0.0000000       0.0000000       0.0000000       0.0000000       0.0000000       0.0000000
       0.8707554       1.3208460       1.8433891       2.3669585       2.7962310       3.0392349       3.0392349       2.7962311       2.3669586       1.8433892       1.3208461       0.8707554       0.5281399       0.2947206       0.1513146       0.0714760       0.0310633       0.0124207       0.0045693       0.0015466       0.0004816       0.0001380       0.0000364       0.0000088       0.0000020       0.0000004       0.0000001       0.0000000       0.0000000       0.0000000       0.0000000       0.0000000       0.0000000       0.0000000       0.0000000       0.0000000       0.0000000       0.0000000       0.0000000       0.0000000       0.0000000       0.0000000       0.0000000       0.0000000       0.0000000       0.0000000       0.0000000       0.0000000       0.0000000       0.0000000       0.0000000       0.0000000       0.0000000       0.0000000       0.0000000       0.0000000       0.0000000       0.0000000       0.0000000       0.0000000       0.0000000       0.0000000       0.0000000       0.0000000       0.0000000       0.0000000       0.0000000       0.0000000       0.0000000       0.0000000       0.0000000       0.0000000       0.0000000       0.0000000       0.0000000       0.0000000       0.0000000       0.0000000       0.0000000       0.0000000       0.0000000       0.0000000       0.0000000       0.0000000       0.0000000       0.0000000       0.0000000       0.0000000       0.0000000       0.0000000       0.0000000       0.0000000       0.0000000       0.0000000       0.0000000       0.0000000       0.0000000       0.0000000       0.0000000       0.0000000       0.0000000       0.0000000       0.0000000       0.0000000       0.0000000       0.0000000       0.0000000       0.0000000       0.0000000       0.0000000       0.0000000       0.0000000       0.0000000       0.0000000       0.0000000       0.0000000       0.0000000       0.0000000       0.0000000       0.0000000
       0.7633700       1.1640002       1.6415034       2.1409241       2.5824474       2.8809283       2.9723788       2.8362637       2.5029940       2.0428841       1.5420499       1.0765243       0.6950564       0.4150371       0.2292053       0.1170666       0.0552983       0.0241581       0.0097607       0.0036473       0.0012605       0.0004029       0.0001191       0.0000326       0.0000082       0.0000019       0.0000004       0.0000001       0.0000000       0.0000000       0.0000000       0.0000000       0.0000000       0.0000000       0.0000000       0.0000000       0.0000000       0.0000000       0.0000000       0.0000000       0.0000000       0.0000000       0.0000000       0.0000000       0.0000000       0.0000000       0.0000000       0.0000000       0.0000000       0.0000000       0.0000000       0.0000000       0.0000000       0.0000000       0.0000000       0.0000000       0.0000000       0.0000000       0.0000000       0.0000000       0.0000000       0.0000000       0.0000000       0.0000000       0.0000000       0.0000000       0.0000000       0.0000000       0.0000000       0.0000000       0.0000000       0.0000000       0.0000000       0.0000000       0.0000000       0.0000000       0.0000000       0.0000000       0.0000000       0.0000000       0.0000000       0.0000000       0.0000000       0.0000000       0.0000000       0.0000000       0.0000000       0.0000000       0.0000000       0.0000000       0.0000000       0.0000000       0.0000000       0.0000000       0.0000000       0.0000000       0.0000000       0.0000000       0.0000000       0.0000000       0.0000000       0.0000000       0.0000000       0.0000000       0.0000000       0.0000000       0.0000000       0.0000000       0.0000000       0.0000000       0.0000000       0.0000000       0.0000000       0.0000000       0.0000000       0.0000000       0.0000000       0.0000000       0.0000000       0.0000000
       0.6704874       1.0270805       1.4617896       1.9330001       2.3749006       2.7109755       2.8752283       2.8332549       2.5939736       2.2065412       1.7439142       1.2805742       0.8736772       0.5538138       0.3261694       0.1784798       0.0907406       0.0428628       0.0188116       0.0076708       0.0029061       0.0010230       0.0003346       0.0001017       0.0000287       0.0000075       0.0000018       0.0000004       0.0000001       0.0000000       0.0000000       0.0000000       0.0000000       0.0000000       0.0000000       0.0000000       0.0000000       0.0000000       0.0000000       0.0000000       0.0000000       0.0000000       0.0000000       0.0000000       0.0000000       0.0000000       0.0000000       0.0000000       0.0000000       0.0000000       0.0000000       0.0000000       0.0000000       0.0000000       0.0000000       0.0000000       0.0000000       0.0000000       0.0000000       0.0000000       0.0000000       0.0000000       0.0000000       0.0000000       0.0000000       0.0000000       0.0000000       0.0000000       0.0000000       0.0000000       0.0000000       0.0000000       0.0000000       0.0000000       0.0000000       0.0000000       0.0000000       0.0000000       0.0000000       0.0000000       0.0000000       0.0000000       0.0000000       0.0000000       0.0000000       0.0000000       0.0000000       0.0000000       0.0000000       0.0000000       0.0000000       0.0000000       0.0000000       0.0000000       0.0000000       0.0000000       0.0000000       0.0000000       0.0000000       0.0000000       0.0000000       0.0000000       0.0000000       0.0000000       0.0000000       0.0000000       0.0000000       0.0000000       0.0000000       0.0000000       0.0000000       0.0000000       0.0000000       0.0000000       0.0000000       0.0000000       0.0000000       0.0000000       0.0000000       0.0000000
       0.5898902       0.9073170       1.3019300       1.7428373       2.1765405       2.5358134       2.7561859       2.7947333       2.6437045       2.3330610       1.9207903       1.4752801       1.0570844       0.7066193       0.4406583       0.2563652       0.1391416       0.0704523       0.0332793       0.0146654       0.0060291       0.0023124       0.0008274       0.0002762       0.0000860       0.0000250       0.0000068       0.0000017       0.0000004       0.0000001       0.0000000       0.0000000       0.0000000       0.0000000       0.0000000       0.0000000       0.0000000       0.0000000       0.0000000       0.0000000       0.0000000       0.0000000       0.0000000       0.0000000       0.0000000       0.0000000       0.0000000       0.0000000       0.0000000       0.0000000       0.0000000       0.0000000       0.0000000       0.0000000       0.0000000       0.0000000       0.0000000       0.0000000       0.0000000       0.0000000       0.0000000       0.0000000       0.0000000       0.0000000       0.0000000       0.0000000       0.0000000       0.0000000       0.0000000       0.0000000       0.0000000       0.0000000       0.0000000       0.0000000       0.0000000       0.0000000       0.0000000       0.0000000       0.0000000       0.0000000       0.0000000       0.0000000       0.0000000       0.0000000       0.0000000       0.0000000       0.0000000       0.0000000       0.0000000       0.0000000       0.0000000       0.0000000       0.0000000       0.0000000       0.0000000       0.0000000       0.0000000       0.0000000       0.0000000       0.0000000       0.0000000       0.0000000       0.0000000       0.0000000       0.0000000       0.0000000       0.0000000       0.0000000       0.0000000       0.0000000       0.0000000       0.0000000       0.0000000       0.0000000       0.0000000       0.0000000       0.0000000       0.0000000       0.0000000       0.0000000
       0.5197561       0.8023703       1.1597865       1.5696733       1.9891544       2.3602376       2.6222309       2.7278101       2.6569619       2.4231736       2.0692441       1.6545005       1.2386542       0.8682829       0.5699023       0.3502415       0.2015407       0.1085890       0.0547819       0.0258771       0.0114452       0.0047398       0.0018379       0.0006673       0.0002268       0.0000722       0.0000215       0.0000060       0.0000016       0.0000004       0.0000001       0.0000000       0.0000000       0.0000000       0.0000000       0.0000000       0.0000000       0.0000000       0.0000000       0.0000000       0.0000000       0.0000000       0.0000000       0.0000000       0.0000000       0.0000000       0.0000000       0.0000000       0.0000000       0.0000000       0.0000000       0.0000000       0.0000000       0.0000000       0.0000000       0.0000000       0.0000000       0.0000000       0.0000000       0.0000000       0.0000000       0.0000000       0.0000000       0.0000000       0.0000000       0.0000000       0.0000000       0.0000000       0.0000000       0.0000000       0.0000000       0.0000000       0.0000000       0.0000000       0.0000000       0.0000000       0.0000000       0.0000000       0.0000000       0.0000000       0.0000000       0.0000000       0.0000000       0.0000000       0.0000000       0.0000000       0.0000000       0.0000000       0.0000000       0.0000000       0.0000000       0.0000000       0.0000000       0.0000000       0.0000000       0.0000000       0.0000000       0.0000000       0.0000000       0.0000000       0.0000000       0.0000000       0.0000000       0.0000000       0.0000000       0.0000000       0.0000000       0.0000000       0.0000000       0.0000000       0.0000000       0.0000000       0.0000000       0.0000000       0.0000000       0.0000000       0.0000000       0.0000000       0.0000000       0.0000000
       0.4585751       0.7102551       1.0334151       1.4125109       1.8136999       2.1877397       2.4790339       2.6389178       2.6389179       2.4790339       2.1877398       1.8137000       1.4125110       1.0334151       0.7102552       0.4585752       0.2781399       0.1584794       0.0848279       0.0426541       0.0201484       0.0089408       0.0037271       0.0014595       0.0005369       0.0001856       0.0000602       0.0000184       0.0000053       0.0000014       0.0000004       0.0000001       0.0000000       0.0000000       0.0000000       0.0000000       0.0000000       0.0000000       0.0000000       0.0000000       0.0000000       0.0000000       0.0000000       0.0000000       0.0000000       0.0000000       0.0000000       0.0000000       0.0000000       0.0000000       0.0000000       0.0000000       0.0000000       0.0000000       0.0000000       0.0000000       0.0000000       0.0000000       0.0000000       0.0000000       0.0000000       0.0000000       0.0000000       0.0000000       0.0000000       0.0000000       0.0000000       0.0000000       0.0000000       0.0000000       0.0000000       0.0000000       0.0000000       0.0000000       0.0000000       0.0000000       0.0000000       0.0000000       0.0000000       0.0000000       0.0000000       0.0000000       0.0000000       0.0000000       0.0000000       0.0000000       0.0000000       0.0000000       0.0000000       0.0000000       0.0000000       0.0000000       0.0000000       0.0000000       0.0000000       0.0000000       0.0000000       0.0000000       0.0000000       0.0000000       0.0000000       0.0000000       0.0000000       0.0000000       0.0000000       0.0000000       0.0000000       0.0000000       0.0000000       0.0000000       0.0000000       0.0000000       0.0000000       0.0000000       0.0000000       0.0000000       0.0000000       0.0000000       0.0000000       0.0000000
       0.4050867       0.6292806       0.9210642       1.2702364       1.6505487       2.0207904       2.3311131       2.5336962       2.5947463       2.5037120       2.2762660       1.9498929       1.5737932       1.1968334       0.8575686       0.5789662       0.3682872       0.2207340       0.1246525       0.0663257       0.0332515       0.0157069       0.0069907       0.0029315       0.0011583       0.0004312       0.0001513       0.0000500       0.0000156       0.0000046       0.0000013       0.0000003       0.0000001       0.0000000       0.0000000       0.0000000       0.0000000       0.0000000       0.0000000       0.0000000       0.0000000       0.0000000       0.0000000       0.0000000       0.0000000       0.0000000       0.0000000       0.0000000       0.0000000       0.0000000       0.0000000       0.0000000       0.0000000       0.0000000       0.0000000       0.0000000       0.0000000       0.0000000       0.0000000       0.0000000       0.0000000       0.0000000       0.0000000       0.0000000       0.0000000       0.0000000       0.0000000       0.0000000       0.0000000       0.0000000       0.0000000       0.0000000       0.0000000       0.0000000       0.0000000       0.0000000       0.0000000       0.0000000       0.0000000       0.0000000       0.0000000       0.0000000       0.0000000       0.0000000       0.0000000       0.0000000       0.0000000       0.0000000       0.0000000       0.0000000       0.0000000       0.0000000       0.0000000       0.0000000       0.0000000       0.0000000       0.0000000       0.0000000       0.0000000       0.0000000       0.0000000       0.0000000       0.0000000       0.0000000       0.0000000       0.0000000       0.0000000       0.0000000       0.0000000       0.0000000       0.0000000       0.0000000       0.0000000       0.0000000       0.0000000       0.0000000       0.0000000       0.0000000       0.0000000       0.0000000
       0.3582315       0.5580012       0.8211656       1.1416961       1.4996657       1.8610695       2.1820008       2.4169707       2.5293681       2.5007880       2.3359627       2.0614798       1.7187648       1.3538733       1.0075433       0.7083920       0.4705521       0.2953017       0.1750848       0.0980743       0.0519022       0.0259502       0.0122580       0.0054705       0.0023065       0.0009188       0.0003458       0.0001229       0.0000413       0.0000131       0.0000039       0.0000011       0.0000003       0.0000001       0.0000000       0.0000000       0.0000000       0.0000000       0.0000000       0.0000000       0.0000000       0.0000000       0.0000000       0.0000000       0.0000000       0.0000000       0.0000000       0.0000000       0.0000000       0.0000000       0.0000000       0.0000000       0.0000000       0.0000000       0.0000000       0.0000000       0.0000000       0.0000000       0.0000000       0.0000000       0.0000000       0.0000000       0.0000000       0.0000000       0.0000000       0.0000000       0.0000000       0.0000000       0.0000000       0.0000000       0.0000000       0.0000000       0.0000000       0.0000000       0.0000000       0.0000000       0.0000000       0.0000000       0.0000000       0.0000000       0.0000000       0.0000000       0.0000000       0.0000000       0.0000000       0.0000000       0.0000000       0.0000000       0.0000000       0.0000000       0.0000000       0.0000000       0.0000000       0.0000000       0.0000000       0.0000000       0.0000000       0.0000000       0.0000000       0.0000000       0.0000000       0.0000000       0.0000000       0.0000000       0.0000000       0.0000000       0.0000000       0.0000000       0.0000000       0.0000000       0.0000000       0.0000000       0.0000000       0.0000000       0.0000000       0.0000000       0.0000000       0.0000000       0.0000000       0.0000000
       0.3171143       0.4951766       0.7323209       1.0257458       1.3607400       1.7096515       2.0344034       2.2927864       2.4472997       2.4740459       2.3687836       2.1480286       1.8448105       1.5005847       1.1560226       0.8434690       0.5828664       0.3814749       0.2364612       0.1388196       0.0771861       0.0406466       0.0202724       0.0095760       0.0042841       0.0018152       0.0007285       0.0002769       0.0000997       0.0000340       0.0000110       0.0000034       0.0000010       0.0000003       0.0000001       0.0000000       0.0000000       0.0000000       0.0000000       0.0000000       0.0000000       0.0000000       0.0000000       0.0000000       0.0000000       0.0000000       0.0000000       0.0000000       0.0000000       0.0000000       0.0000000       0.0000000       0.0000000       0.0000000       0.0000000       0.0000000       0.0000000       0.0000000       0.0000000       0.0000000       0.0000000       0.0000000       0.0000000       0.0000000       0.0000000       0.0000000       0.0000000       0.0000000       0.0000000       0.0000000       0.0000000       0.0000000       0.0000000       0.0000000       0.0000000       0.0000000       0.0000000       0.0000000       0.0000000       0.0000000       0.0000000       0.0000000       0.0000000       0.0000000       0.0000000       0.0000000       0.0000000       0.0000000       0.0000000       0.0000000       0.0000000       0.0000000       0.0000000       0.0000000       0.0000000       0.0000000       0.0000000       0.0000000       0.0000000       0.0000000       0.0000000       0.0000000       0.0000000       0.0000000       0.0000000       0.0000000       0.0000000       0.0000000       0.0000000       0.0000000       0.0000000       0.0000000       0.0000000       0.0000000       0.0000000       0.0000000       0.0000000       0.0000000       0.0000000       0.0000000
       0.2809749       0.4397393       0.6532863       0.9212814       1.2332795       1.5671524       1.8903466       2.1644729       2.3525744       2.4272532       2.3772085       2.2100392       1.9503528       1.6338300       1.2992151       0.9806990       0.7027015       0.4779545       0.3085906       0.1891296       0.1100314       0.0607651       0.0318546       0.0158515       0.0074877       0.0033575       0.0014291       0.0005774       0.0002214       0.0000806       0.0000279       0.0000091       0.0000028       0.0000008       0.0000002       0.0000001       0.0000000       0.0000000       0.0000000       0.0000000       0.0000000       0.0000000       0.0000000       0.0000000       0.0000000       0.0000000       0.0000000       0.0000000       0.0000000       0.0000000       0.0000000       0.0000000       0.0000000       0.0000000       0.0000000       0.0000000       0.0000000       0.0000000       0.0000000       0.0000000       0.0000000       0.0000000       0.0000000       0.0000000       0.0000000       0.0000000       0.0000000       0.0000000       0.0000000       0.0000000       0.0000000       0.0000000       0.0000000       0.0000000       0.0000000       0.0000000       0.0000000       0.0000000       0.0000000       0.0000000       0.0000000       0.0000000       0.0000000       0.0000000       0.0000000       0.0000000       0.0000000       0.0000000       0.0000000       0.0000000       0.0000000       0.0000000       0.0000000       0.0000000       0.0000000       0.0000000       0.0000000       0.0000000       0.0000000       0.0000000       0.0000000       0.0000000       0.0000000       0.0000000       0.0000000       0.0000000       0.0000000       0.0000000       0.0000000       0.0000000       0.0000000       0.0000000       0.0000000       0.0000000       0.0000000       0.0000000       0.0000000       0.0000000       0.0000000       0.0000000
       0.2491649       0.3907683       0.5829579       0.8272566       1.1166796       1.4338450       1.7513022       2.0347229       2.2487166       2.3640108       2.3640108       2.2487166       2.0347230       1.7513023       1.4338451       1.1166797       0.8272567       0.5829579       0.3907684       0.2491649       0.1511262       0.0871922       0.0478521       0.0249810       0.0124052       0.0058598       0.0026330       0.0011254       0.0004575       0.0001770       0.0000651       0.0000228       0.0000076       0.0000024       0.0000007       0.0000002       0.0000001       0.0000000       0.0000000       0.0000000       0.0000000       0.0000000       0.0000000       0.0000000       0.0000000       0.0000000       0.0000000       0.0000000       0.0000000       0.0000000       0.0000000       0.0000000       0.0000000       0.0000000       0.0000000       0.0000000       0.0000000       0.0000000       0.0000000       0.0000000       0.0000000       0.0000000       0.0000000       0.0000000       0.0000000       0.0000000       0.0000000       0.0000000       0.0000000       0.0000000       0.0000000       0.0000000       0.0000000       0.0000000       0.0000000       0.0000000       0.0000000       0.0000000       0.0000000       0.0000000       0.0000000       0.0000000       0.0000000       0.0000000       0.0000000       0.0000000       0.0000000       0.0000000       0.0000000       0.0000000       0.0000000       0.0000000       0.0000000       0.0000000       0.0000000       0.0000000       0.0000000       0.0000000       0.0000000       0.0000000       0.0000000       0.0000000       0.0000000       0.0000000       0.0000000       0.0000000       0.0000000       0.0000000       0.0000000       0.0000000       0.0000000       0.0000000       0.0000000       0.0000000       0.0000000       0.0000000       0.0000000       0.0000000       0.0000000       0.0000000
       0.2211287       0.3474664       0.5203565       0.7426935       1.0102728       1.3097494       1.6182969       1.9056741       2.1387476       2.2876570       2.3320761       2.2657657       2.0980109       1.8514881       1.5572365       1.2482705       0.9536374       0.6943498       0.4818299       0.3186616       0.2008566       0.1206599       0.0690813       0.0376945       0.0196027       0.0097157       0.0045894       0.0020661       0.0008865       0.0003625       0.0001413       0.0000525       0.0000186       0.0000063       0.0000020       0.0000006       0.0000002       0.0000001       0.0000000       0.0000000       0.0000000       0.0000000       0.0000000       0.0000000       0.0000000       0.0000000       0.0000000       0.0000000       0.0000000       0.0000000       0.0000000       0.0000000       0.0000000       0.0000000       0.0000000       0.0000000       0.0000000       0.0000000       0.0000000       0.0000000       0.0000000       0.0000000       0.0000000       0.0000000       0.0000000       0.0000000       0.0000000       0.0000000       0.0000000       0.0000000       0.0000000       0.0000000       0.0000000       0.0000000       0.0000000       0.0000000       0.0000000       0.0000000       0.0000000       0.0000000       0.0000000       0.0000000       0.0000000       0.0000000       0.0000000       0.0000000       0.0000000       0.0000000       0.0000000       0.0000000       0.0000000       0.0000000       0.0000000       0.0000000       0.0000000       0.0000000       0.0000000       0.0000000       0.0000000       0.0000000       0.0000000       0.0000000       0.0000000       0.0000000       0.0000000       0.0000000       0.0000000       0.0000000       0.0000000       0.0000000       0.0000000       0.0000000       0.0000000       0.0000000       0.0000000       0.0000000       0.0000000       0.0000000       0.0000000       0.0000000
       0.1963890       0.3091421       0.4646147       0.6666863       0.9133639       1.1947030       1.4920035       1.7789900       2.0252141       2.2012134       2.2842684       2.2632154       2.1409101       1.9335915       1.6673425       1.3727096       1.0790120       0.8097812       0.5802336       0.3969464       0.2592714       0.1616855       0.0962679       0.0547250       0.0297018       0.0153913       0.0076148       0.0035970       0.0016222       0.0006985       0.0002872       0.0001127       0.0000422       0.0000151       0.0000052       0.0000017       0.0000005       0.0000002       0.0000000       0.0000000       0.0000000       0.0000000       0.0000000       0.0000000       0.0000000       0.0000000       0.0000000       0.0000000       0.0000000       0.0000000       0.0000000       0.0000000       0.0000000       0.0000000       0.0000000       0.0000000       0.0000000       0.0000000       0.0000000       0.0000000       0.0000000       0.0000000       0.0000000       0.0000000       0.0000000       0.0000000       0.0000000       0.0000000       0.0000000       0.0000000       0.0000000       0.0000000       0.0000000       0.0000000       0.0000000       0.0000000       0.0000000       0.0000000       0.0000000       0.0000000       0.0000000       0.0000000       0.0000000       0.0000000       0.0000000       0.0000000       0.0000000       0.0000000       0.0000000       0.0000000       0.0000000       0.0000000       0.0000000       0.0000000       0.0000000       0.0000000       0.0000000       0.0000000       0.0000000       0.0000000       0.0000000       0.0000000       0.0000000       0.0000000       0.0000000       0.0000000       0.0000000       0.0000000       0.0000000       0.0000000       0.0000000       0.0000000       0.0000000       0.0000000       0.0000000       0.0000000       0.0000000       0.0000000       0.0000000       0.0000000
       0.1745341       0.2751943       0.4149639       0.5984022       0.8252543       1.0884145       1.3728171       1.6559336       1.9102270       2.1073608       2.2233339       2.2432740       2.1645708       1.9974372       1.7627322       1.4876864       1.2007381       0.9268235       0.6841599       0.4829811       0.3260727       0.2105284       0.1299926       0.0767606       0.0433481       0.0234107       0.0120912       0.0059722       0.0028211       0.0012744       0.0005506       0.0002275       0.0000899       0.0000340       0.0000123       0.0000042       0.0000014       0.0000004       0.0000001       0.0000000       0.0000000       0.0000000       0.0000000       0.0000000       0.0000000       0.0000000       0.0000000       0.0000000       0.0000000       0.0000000       0.0000000       0.0000000       0.0000000       0.0000000       0.0000000       0.0000000       0.0000000       0.0000000       0.0000000       0.0000000       0.0000000       0.0000000       0.0000000       0.0000000       0.0000000       0.0000000       0.0000000       0.0000000       0.0000000       0.0000000       0.0000000       0.0000000       0.0000000       0.0000000       0.0000000       0.0000000       0.0000000       0.0000000       0.0000000       0.0000000       0.0000000       0.0000000       0.0000000       0.0000000       0.0000000       0.0000000       0.0000000       0.0000000       0.0000000       0.0000000       0.0000000       0.0000000       0.0000000       0.0000000       0.0000000       0.0000000       0.0000000       0.0000000       0.0000000       0.0000000       0.0000000       0.0000000       0.0000000       0.0000000       0.0000000       0.0000000       0.0000000       0.0000000       0.0000000       0.0000000       0.0000000       0.0000000       0.0000000       0.0000000       0.0000000       0.0000000       0.0000000       0.0000000       0.0000000       0.0000000
       0.1552081       0.2450993       0.3707235       0.5370796       0.7452595       0.9905053       1.2609171       1.5374345       1.7955072       2.0084364       2.1518373       2.2082142       2.1704679       2.0433650       1.8425485       1.5913743       1.3164554       1.0430866       0.7916168       0.5754267       0.4006319       0.2671661       0.1706466       0.1043985       0.0611746       0.0343344       0.0184572       0.0095035       0.0046869       0.0022139       0.0010017       0.0004341       0.0001802       0.0000716       0.0000273       0.0000099       0.0000035       0.0000012       0.0000004       0.0000001       0.0000000       0.0000000       0.0000000       0.0000000       0.0000000       0.0000000       0.0000000       0.0000000       0.0000000       0.0000000       0.0000000       0.0000000       0.0000000       0.0000000       0.0000000       0.0000000       0.0000000       0.0000000       0.0000000       0.0000000       0.0000000       0.0000000       0.0000000       0.0000000       0.0000000       0.0000000       0.0000000       0.0000000       0.0000000       0.0000000       0.0000000       0.0000000       0.0000000       0.0000000       0.0000000       0.0000000       0.0000000       0.0000000       0.0000000       0.0000000       0.0000000       0.0000000       0.0000000       0.0000000       0.0000000       0.0000000       0.0000000       0.0000000       0.0000000       0.0000000       0.0000000       0.0000000       0.0000000       0.0000000       0.0000000       0.0000000       0.0000000       0.0000000       0.0000000       0.0000000       0.0000000       0.0000000       0.0000000       0.0000000       0.0000000       0.0000000       0.0000000       0.0000000       0.0000000       0.0000000       0.0000000       0.0000000       0.0000000       0.0000000       0.0000000       0.0000000       0.0000000       0.0000000       0.0000000       0.0000000
       0.1381024       0.2184002       0.3312905       0.4820249       0.6727199       0.9005411       1.1563176       1.4241482       1.6824323       1.9064455       2.0721234       2.1602858       2.1602858       2.0721234       1.9064456       1.6824323       1.4241482       1.1563177       0.9005412       0.6727200       0.4820250       0.3312906       0.2184002       0.1381025       0.0837634       0.0487317       0.0271940       0.0145559       0.0074732       0.0036803       0.0017385       0.0007877       0.0003423       0.0001427       0.0000571       0.0000219       0.0000081       0.0000028       0.0000010       0.0000003       0.0000001       0.0000000       0.0000000       0.0000000       0.0000000       0.0000000       0.0000000       0.0000000       0.0000000       0.0000000       0.0000000       0.0000000       0.0000000       0.0000000       0.0000000       0.0000000       0.0000000       0.0000000       0.0000000       0.0000000       0.0000000       0.0000000       0.0000000       0.0000000       0.0000000       0.0000000       0.0000000       0.0000000       0.0000000       0.0000000       0.0000000       0.0000000       0.0000000       0.0000000       0.0000000       0.0000000       0.0000000       0.0000000       0.0000000       0.0000000       0.0000000       0.0000000       0.0000000       0.0000000       0.0000000       0.0000000       0.0000000       0.0000000       0.0000000       0.0000000       0.0000000       0.0000000       0.0000000       0.0000000       0.0000000       0.0000000       0.0000000       0.0000000       0.0000000       0.0000000       0.0000000       0.0000000       0.0000000       0.0000000       0.0000000       0.0000000       0.0000000       0.0000000       0.0000000       0.0000000       0.0000000       0.0000000       0.0000000       0.0000000       0.0000000       0.0000000       0.0000000       0.0000000       0.0000000       0.0000000
       0.1229489       0.1946973       0.2961308       0.4326086       0.6070087       0.8180555       1.0589093       1.3165061       1.5720818       1.8030821       1.9862962       2.1016512       2.1358236       2.0847706       1.9545162       1.7599827       1.5221788       1.2644773       1.0088917       0.7731543       0.5690834       0.4023220       0.2731869       0.1781698       0.1116082       0.0671501       0.0388048       0.0215383       0.0114822       0.0058794       0.0028915       0.0013658       0.0006197       0.0002700       0.0001130       0.0000454       0.0000175       0.0000065       0.0000023       0.0000008       0.0000003       0.0000001       0.0000000       0.0000000       0.0000000       0.0000000       0.0000000       0.0000000       0.0000000       0.0000000       0.0000000       0.0000000       0.0000000       0.0000000       0.0000000       0.0000000       0.0000000       0.0000000       0.0000000       0.0000000       0.0000000       0.0000000       0.0000000       0.0000000       0.0000000       0.0000000       0.0000000       0.0000000       0.0000000       0.0000000       0.0000000       0.0000000       0.0000000       0.0000000       0.0000000       0.0000000       0.0000000       0.0000000       0.0000000       0.0000000       0.0000000       0.0000000       0.0000000       0.0000000       0.0000000       0.0000000       0.0000000       0.0000000       0.0000000       0.0000000       0.0000000       0.0000000       0.0000000       0.0000000       0.0000000       0.0000000       0.0000000       0.0000000       0.0000000       0.0000000       0.0000000       0.0000000       0.0000000       0.0000000       0.0000000       0.0000000       0.0000000       0.0000000       0.0000000       0.0000000       0.0000000       0.0000000       0.0000000       0.0000000       0.0000000       0.0000000       0.0000000       0.0000000       0.0000000       0.0000000
       0.1095140       0.1736409       0.2647708       0.3882607       0.5475354       0.7425681       0.9684913       1.2147603       1.4652806       1.6997553       1.8962140       2.0343407       2.0989176       2.0825837       1.9872153       1.8235713       1.6092960       1.3657918       1.1147268       0.8749591       0.6604538       0.4794380       0.3347017       0.2247081       0.1450825       0.0900837       0.0537915       0.0308898       0.0170590       0.0090600       0.0046274       0.0022729       0.0010736       0.0004877       0.0002131       0.0000895       0.0000362       0.0000141       0.0000053       0.0000019       0.0000007       0.0000002       0.0000001       0.0000000       0.0000000       0.0000000       0.0000000       0.0000000       0.0000000       0.0000000       0.0000000       0.0000000       0.0000000       0.0000000       0.0000000       0.0000000       0.0000000       0.0000000       0.0000000       0.0000000       0.0000000       0.0000000       0.0000000       0.0000000       0.0000000       0.0000000       0.0000000       0.0000000       0.0000000       0.0000000       0.0000000       0.0000000       0.0000000       0.0000000       0.0000000       0.0000000       0.0000000       0.0000000       0.0000000       0.0000000       0.0000000       0.0000000       0.0000000       0.0000000       0.0000000       0.0000000       0.0000000       0.0000000       0.0000000       0.0000000       0.0000000       0.0000000       0.0000000       0.0000000       0.0000000       0.0000000       0.0000000       0.0000000       0.0000000       0.0000000       0.0000000       0.0000000       0.0000000       0.0000000       0.0000000       0.0000000       0.0000000       0.0000000       0.0000000       0.0000000       0.0000000       0.0000000       0.0000000       0.0000000       0.0000000       0.0000000       0.0000000       0.0000000       0.0000000       0.0000000
       0.0975938       0.1549241       0.2367910       0.3484663       0.4937485       0.6735972       0.8847982       1.1190195       1.3626380       1.5976175       1.8034934       1.9602243       2.0513815       2.0669813       2.0052850       1.8731180       1.6846264       1.4587858       1.2162669       0.9763729       0.7546611       0.5616137       0.4024138       0.2776243       0.1844130       0.1179438       0.0726287       0.0430616       0.0245823       0.0135115       0.0071505       0.0036435       0.0017875       0.0008444       0.0003840       0.0001682       0.0000709       0.0000288       0.0000113       0.0000042       0.0000015       0.0000005       0.0000002       0.0000001       0.0000000       0.0000000       0.0000000       0.0000000       0.0000000       0.0000000       0.0000000       0.0000000       0.0000000       0.0000000       0.0000000       0.0000000       0.0000000       0.0000000       0.0000000       0.0000000       0.0000000       0.0000000       0.0000000       0.0000000       0.0000000       0.0000000       0.0000000       0.0000000       0.0000000       0.0000000       0.0000000       0.0000000       0.0000000       0.0000000       0.0000000       0.0000000       0.0000000       0.0000000       0.0000000       0.0000000       0.0000000       0.0000000       0.0000000       0.0000000       0.0000000       0.0000000       0.0000000       0.0000000       0.0000000       0.0000000       0.0000000       0.0000000       0.0000000       0.0000000       0.0000000       0.0000000       0.0000000       0.0000000       0.0000000       0.0000000       0.0000000       0.0000000       0.0000000       0.0000000       0.0000000       0.0000000       0.0000000       0.0000000       0.0000000       0.0000000       0.0000000       0.0000000       0.0000000       0.0000000       0.0000000       0.0000000       0.0000000       0.0000000       0.0000000       0.0000000
       0.0870103       0.1382775       0.2118191       0.3127608       0.4451360       0.6106698       0.8075202       1.0292804       1.2645828       1.4975942       1.7095204       1.8809954       1.9949613       2.0394568       2.0096842       1.9088616       1.7476495       1.5422953       1.3119401       1.0757065       0.8501721       0.6476692       0.4755902       0.3366246       0.2296635       0.1510329       0.0957380       0.0584966       0.0344516       0.0195579       0.0107021       0.0056448       0.0028699       0.0014064       0.0006643       0.0003025       0.0001328       0.0000562       0.0000229       0.0000090       0.0000034       0.0000012       0.0000004       0.0000001       0.0000000       0.0000000       0.0000000       0.0000000       0.0000000       0.0000000       0.0000000       0.0000000       0.0000000       0.0000000       0.0000000       0.0000000       0.0000000       0.0000000       0.0000000       0.0000000       0.0000000       0.0000000       0.0000000       0.0000000       0.0000000       0.0000000       0.0000000       0.0000000       0.0000000       0.0000000       0.0000000       0.0000000       0.0000000       0.0000000       0.0000000       0.0000000       0.0000000       0.0000000       0.0000000       0.0000000       0.0000000       0.0000000       0.0000000       0.0000000       0.0000000       0.0000000       0.0000000       0.0000000       0.0000000       0.0000000       0.0000000       0.0000000       0.0000000       0.0000000       0.0000000       0.0000000       0.0000000       0.0000000       0.0000000       0.0000000       0.0000000       0.0000000       0.0000000       0.0000000       0.0000000       0.0000000       0.0000000       0.0000000       0.0000000       0.0000000       0.0000000       0.0000000       0.0000000       0.0000000       0.0000000       0.0000000       0.0000000       0.0000000       0.0000000       0.0000000
       0.0776075       0.1234641       0.1895251       0.2807259       0.4012247       0.5533276       0.7363198       0.9454533       1.1713945       1.4004118       1.6154661       1.7981644       1.9313031       2.0015247       2.0015247       1.9313031       1.7981645       1.6154662       1.4004119       1.1713946       0.9454534       0.7363198       0.5533277       0.4012248       0.2807259       0.1895252       0.1234641       0.0776075       0.0470714       0.0275486       0.0155572       0.0084772       0.0044572       0.0022613       0.0011070       0.0005229       0.0002383       0.0001048       0.0000445       0.0000182       0.0000072       0.0000027       0.0000010       0.0000004       0.0000001       0.0000000       0.0000000       0.0000000       0.0000000       0.0000000       0.0000000       0.0000000       0.0000000       0.0000000       0.0000000       0.0000000       0.0000000       0.0000000       0.0000000       0.0000000       0.0000000       0.0000000       0.0000000       0.0000000       0.0000000       0.0000000       0.0000000       0.0000000       0.0000000       0.0000000       0.0000000       0.0000000       0.0000000       0.0000000       0.0000000       0.0000000       0.0000000       0.0000000       0.0000000       0.0000000       0.0000000       0.0000000       0.0000000       0.0000000       0.0000000       0.0000000       0.0000000       0.0000000       0.0000000       0.0000000       0.0000000       0.0000000       0.0000000       0.0000000       0.0000000       0.0000000       0.0000000       0.0000000       0.0000000       0.0000000       0.0000000       0.0000000       0.0000000       0.0000000       0.0000000       0.0000000       0.0000000       0.0000000       0.0000000       0.0000000       0.0000000       0.0000000       0.0000000       0.0000000       0.0000000       0.0000000       0.0000000       0.0000000       0.0000000       0.0000000
       0.0692486       0.1102754       0.1696159       0.2519850       0.3615791       0.5011321       0.6708438       0.8673832       1.0832305       1.3066254       1.5223049       1.7130598       1.8619317       1.9546782       1.9820160       1.9411511       1.8362503       1.6777403       1.4806007       1.2620352       1.0390234       0.8262272       0.6345912       0.4707701       0.3373215       0.2334531       0.1560542       0.1007561       0.0628330       0.0378464       0.0220182       0.0123726       0.0067152       0.0035203       0.0017824       0.0008717       0.0004118       0.0001879       0.0000828       0.0000352       0.0000145       0.0000058       0.0000022       0.0000008       0.0000003       0.0000001       0.0000000       0.0000000       0.0000000       0.0000000       0.0000000       0.0000000       0.0000000       0.0000000       0.0000000       0.0000000       0.0000000       0.0000000       0.0000000       0.0000000       0.0000000       0.0000000       0.0000000       0.0000000       0.0000000       0.0000000       0.0000000       0.0000000       0.0000000       0.0000000       0.0000000       0.0000000       0.0000000       0.0000000       0.0000000       0.0000000       0.0000000       0.0000000       0.0000000       0.0000000       0.0000000       0.0000000       0.0000000       0.0000000       0.0000000       0.0000000       0.0000000       0.0000000       0.0000000       0.0000000       0.0000000       0.0000000       0.0000000       0.0000000       0.0000000       0.0000000       0.0000000       0.0000000       0.0000000       0.0000000       0.0000000       0.0000000       0.0000000       0.0000000       0.0000000       0.0000000       0.0000000       0.0000000       0.0000000       0.0000000       0.0000000       0.0000000       0.0000000       0.0000000       0.0000000       0.0000000       0.0000000       0.0000000       0.0000000       0.0000000
       0.0618134       0.0985276       0.1518312       0.2261997       0.3257998       0.4536673       0.6107339       0.7948671       1.0001494       1.2166429       1.4308340       1.6268341       1.7882375       1.9003561       1.9524175       1.9392699       1.8622232       1.7288332       1.5516807       1.3464167       1.1294955       0.9160463       0.7182543       0.5444612       0.3990098       0.2827014       0.1936424       0.1282332       0.0820973       0.0508142       0.0304067       0.0175906       0.0098383       0.0053197       0.0027809       0.0014054       0.0006867       0.0003244       0.0001481       0.0000654       0.0000279       0.0000115       0.0000046       0.0000018       0.0000007       0.0000002       0.0000001       0.0000000       0.0000000       0.0000000       0.0000000       0.0000000       0.0000000       0.0000000       0.0000000       0.0000000       0.0000000       0.0000000       0.0000000       0.0000000       0.0000000       0.0000000       0.0000000       0.0000000       0.0000000       0.0000000       0.0000000       0.0000000       0.0000000       0.0000000       0.0000000       0.0000000       0.0000000       0.0000000       0.0000000       0.0000000       0.0000000       0.0000000       0.0000000       0.0000000       0.0000000       0.0000000       0.0000000       0.0000000       0.0000000       0.0000000       0.0000000       0.0000000       0.0000000       0.0000000       0.0000000       0.0000000       0.0000000       0.0000000       0.0000000       0.0000000       0.0000000       0.0000000       0.0000000       0.0000000       0.0000000       0.0000000       0.0000000       0.0000000       0.0000000       0.0000000       0.0000000       0.0000000       0.0000000       0.0000000       0.0000000       0.0000000       0.0000000       0.0000000       0.0000000       0.0000000       0.0000000       0.0000000       0.0000000       0.0000000
       0.0551964       0.0880587       0.1359400       0.2030657       0.2935214       0.4105414       0.5556332       0.7276683       0.9221311       1.1307481       1.3416928       1.5404737       1.7114709       1.8399191       1.9140000       1.9266336       1.8765940       1.7687055       1.6130756       1.4235342       1.2156124       1.0044684       0.8031404       0.6213849       0.4652044       0.3370086       0.2362393       0.1602424       0.1051760       0.0667990       0.0410522       0.0244128       0.0140480       0.0078221       0.0042145       0.0021973       0.0011085       0.0005411       0.0002556       0.0001168       0.0000517       0.0000221       0.0000092       0.0000037       0.0000014       0.0000005       0.0000002       0.0000001       0.0000000       0.0000000       0.0000000       0.0000000       0.0000000       0.0000000       0.0000000       0.0000000       0.0000000       0.0000000       0.0000000       0.0000000       0.0000000       0.0000000       0.0000000       0.0000000       0.0000000       0.0000000       0.0000000       0.0000000       0.0000000       0.0000000       0.0000000       0.0000000       0.0000000       0.0000000       0.0000000       0.0000000       0.0000000       0.0000000       0.0000000       0.0000000       0.0000000       0.0000000       0.0000000       0.0000000       0.0000000       0.0000000       0.0000000       0.0000000       0.0000000       0.0000000       0.0000000       0.0000000       0.0000000       0.0000000       0.0000000       0.0000000       0.0000000       0.0000000       0.0000000       0.0000000       0.0000000       0.0000000       0.0000000       0.0000000       0.0000000       0.0000000       0.0000000       0.0000000       0.0000000       0.0000000       0.0000000       0.0000000       0.0000000       0.0000000       0.0000000       0.0000000       0.0000000       0.0000000       0.0000000       0.0000000
       0.0493045       0.0787253       0.1217368       0.1823099       0.2644105       0.3713876       0.5051920       0.6655273       0.8490936       1.0491209       1.2553818       1.4548106       1.6327412       1.7746330       1.8680138       1.9042848       1.8800267       1.7975312       1.6644440       1.4925958       1.2962703       1.0902579       0.8880618       0.7005473       0.5351950       0.3959742       0.2837279       0.1968872       0.1323163       0.0861171       0.0542807       0.0331347       0.0195884       0.0112149       0.0062183       0.0033391       0.0017365       0.0008746       0.0004266       0.0002015       0.0000922       0.0000408       0.0000175       0.0000073       0.0000029       0.0000011       0.0000004       0.0000002       0.0000001       0.0000000       0.0000000       0.0000000       0.0000000       0.0000000       0.0000000       0.0000000       0.0000000       0.0000000       0.0000000       0.0000000       0.0000000       0.0000000       0.0000000       0.0000000       0.0000000       0.0000000       0.0000000       0.0000000       0.0000000       0.0000000       0.0000000       0.0000000       0.0000000       0.0000000       0.0000000       0.0000000       0.0000000       0.0000000       0.0000000       0.0000000       0.0000000       0.0000000       0.0000000       0.0000000       0.0000000       0.0000000       0.0000000       0.0000000       0.0000000       0.0000000       0.0000000       0.0000000       0.0000000       0.0000000       0.0000000       0.0000000       0.0000000       0.0000000       0.0000000       0.0000000       0.0000000       0.0000000       0.0000000       0.0000000       0.0000000       0.0000000       0.0000000       0.0000000       0.0000000       0.0000000       0.0000000       0.0000000       0.0000000       0.0000000       0.0000000       0.0000000       0.0000000       0.0000000       0.0000000       0.0000000
       0.0440558       0.0704010       0.1090391       0.1636871       0.2381634       0.3358642       0.4590719       0.6081714       0.7809076       0.9718552       1.1722812       1.3705355       1.5530202       1.7056590       1.8156646       1.8733000       1.8733000       1.8156647       1.7056591       1.5530203       1.3705356       1.1722812       0.9718553       0.7809077       0.6081715       0.4590720       0.3358642       0.2381634       0.1636872       0.1090392       0.0704010       0.0440558       0.0267212       0.0157086       0.0089505       0.0049429       0.0026458       0.0013726       0.0006902       0.0003364       0.0001589       0.0000727       0.0000323       0.0000139       0.0000058       0.0000023       0.0000009       0.0000003       0.0000001       0.0000000       0.0000000       0.0000000       0.0000000       0.0000000       0.0000000       0.0000000       0.0000000       0.0000000       0.0000000       0.0000000       0.0000000       0.0000000       0.0000000       0.0000000       0.0000000       0.0000000       0.0000000       0.0000000       0.0000000       0.0000000       0.0000000       0.0000000       0.0000000       0.0000000       0.0000000       0.0000000       0.0000000       0.0000000       0.0000000       0.0000000       0.0000000       0.0000000       0.0000000       0.0000000       0.0000000       0.0000000       0.0000000       0.0000000       0.0000000       0.0000000       0.0000000       0.0000000       0.0000000       0.0000000       0.0000000       0.0000000       0.0000000       0.0000000       0.0000000       0.0000000       0.0000000       0.0000000       0.0000000       0.0000000       0.0000000       0.0000000       0.0000000       0.0000000       0.0000000       0.0000000       0.0000000       0.0000000       0.0000000       0.0000000       0.0000000       0.0000000       0.0000000       0.0000000       0.0000000       0.0000000
       0.0393779       0.0629737       0.0976844       0.1469774       0.2145039       0.3036539       0.4169482       0.5553215       0.7174081       0.8989744       1.0926667       1.2882122       1.4731482       1.6340479       1.7580953       1.8347605       1.8572726       1.8236070       1.7367854       1.6044286       1.4376525       1.2495302       1.0534136       0.8614110       0.6832525       0.5256677       0.3922841       0.2839550       0.1993690       0.1357766       0.0896916       0.0574695       0.0357177       0.0215322       0.0125907       0.0071413       0.0039288       0.0020965       0.0010852       0.0005448       0.0002653       0.0001253       0.0000574       0.0000255       0.0000110       0.0000046       0.0000019       0.0000007       0.0000003       0.0000001       0.0000000       0.0000000       0.0000000       0.0000000       0.0000000       0.0000000       0.0000000       0.0000000       0.0000000       0.0000000       0.0000000       0.0000000       0.0000000       0.0000000       0.0000000       0.0000000       0.0000000       0.0000000       0.0000000       0.0000000       0.0000000       0.0000000       0.0000000       0.0000000       0.0000000       0.0000000       0.0000000       0.0000000       0.0000000       0.0000000       0.0000000       0.0000000       0.0000000       0.0000000       0.0000000       0.0000000       0.0000000       0.0000000       0.0000000       0.0000000       0.0000000       0.0000000       0.0000000       0.0000000       0.0000000       0.0000000       0.0000000       0.0000000       0.0000000       0.0000000       0.0000000       0.0000000       0.0000000       0.0000000       0.0000000       0.0000000       0.0000000       0.0000000       0.0000000       0.0000000       0.0000000       0.0000000       0.0000000       0.0000000       0.0000000       0.0000000       0.0000000       0.0000000       0.0000000       0.0000000
       0.0352071       0.0563446       0.0875283       0.1319834       0.1931812       0.2744637       0.3785120       0.5066976       0.6584043       0.8304453       1.0167261       1.2082908       1.3938419       1.5607386       1.6963731       1.7897285       1.8328524       1.8219750       1.7580528       1.6466298       1.4970441       1.3211368       1.1317110       0.9410179       0.7595122       0.5950401       0.4525143       0.3340357       0.2393470       0.1664707       0.1123886       0.0736514       0.0468505       0.0289283       0.0173382       0.0100870       0.0056963       0.0031225       0.0016614       0.0008581       0.0004302       0.0002093       0.0000989       0.0000453       0.0000202       0.0000087       0.0000037       0.0000015       0.0000006       0.0000002       0.0000001       0.0000000       0.0000000       0.0000000       0.0000000       0.0000000       0.0000000       0.0000000       0.0000000       0.0000000       0.0000000       0.0000000       0.0000000       0.0000000       0.0000000       0.0000000       0.0000000       0.0000000       0.0000000       0.0000000       0.0000000       0.0000000       0.0000000       0.0000000       0.0000000       0.0000000       0.0000000       0.0000000       0.0000000       0.0000000       0.0000000       0.0000000       0.0000000       0.0000000       0.0000000       0.0000000       0.0000000       0.0000000       0.0000000       0.0000000       0.0000000       0.0000000       0.0000000       0.0000000       0.0000000       0.0000000       0.0000000       0.0000000       0.0000000       0.0000000       0.0000000       0.0000000       0.0000000       0.0000000       0.0000000       0.0000000       0.0000000       0.0000000       0.0000000       0.0000000       0.0000000       0.0000000       0.0000000       0.0000000       0.0000000       0.0000000       0.0000000       0.0000000       0.0000000       0.0000000
       0.0314868       0.0504256       0.0784420       0.1185281       0.1739680       0.2480233       0.3434714       0.4620234       0.6036879       0.7661895       0.9445719       1.1311209       1.3157040       1.4865603       1.6314810       1.7392286       1.8009700       1.8114713       1.7698301       1.6796039       1.5483079       1.3863821       1.2058234       1.0187313       0.8360086       0.6664031       0.5159866       0.3880744       0.2835089       0.2011841       0.1386742       0.0928481       0.0603845       0.0381463       0.0234075       0.0139519       0.0080777       0.0045427       0.0024815       0.0013167       0.0006787       0.0003398       0.0001652       0.0000780       0.0000358       0.0000160       0.0000069       0.0000029       0.0000012       0.0000005       0.0000002       0.0000001       0.0000000       0.0000000       0.0000000       0.0000000       0.0000000       0.0000000       0.0000000       0.0000000       0.0000000       0.0000000       0.0000000       0.0000000       0.0000000       0.0000000       0.0000000       0.0000000       0.0000000       0.0000000       0.0000000       0.0000000       0.0000000       0.0000000       0.0000000       0.0000000       0.0000000       0.0000000       0.0000000       0.0000000       0.0000000       0.0000000       0.0000000       0.0000000       0.0000000       0.0000000       0.0000000       0.0000000       0.0000000       0.0000000       0.0000000       0.0000000       0.0000000       0.0000000       0.0000000       0.0000000       0.0000000       0.0000000       0.0000000       0.0000000       0.0000000       0.0000000       0.0000000       0.0000000       0.0000000       0.0000000       0.0000000       0.0000000       0.0000000       0.0000000       0.0000000       0.0000000       0.0000000       0.0000000       0.0000000       0.0000000       0.0000000       0.0000000       0.0000000       0.0000000
       0.0281672       0.0451391       0.0703111       0.1064529       0.1566581       0.2240839       0.3115519       0.4210292       0.5530396       0.7060936       0.8762547       1.0569650       1.2392328       1.4122361       1.5643135       1.6842337       1.7625564       1.7928575       1.7725994       1.7034819       1.5912065       1.4446999       1.2749432       1.0936192       0.9118082       0.7389294       0.5820557       0.4456441       0.3316453       0.2398953       0.1686676       0.1152666       0.0765663       0.0494349       0.0310236       0.0189240       0.0112201       0.0064661       0.0036220       0.0019720       0.0010436       0.0005368       0.0002684       0.0001304       0.0000616       0.0000283       0.0000126       0.0000055       0.0000023       0.0000009       0.0000004       0.0000001       0.0000001       0.0000000       0.0000000       0.0000000       0.0000000       0.0000000       0.0000000       0.0000000       0.0000000       0.0000000       0.0000000       0.0000000       0.0000000       0.0000000       0.0000000       0.0000000       0.0000000       0.0000000       0.0000000       0.0000000       0.0000000       0.0000000       0.0000000       0.0000000       0.0000000       0.0000000       0.0000000       0.0000000       0.0000000       0.0000000       0.0000000       0.0000000       0.0000000       0.0000000       0.0000000       0.0000000       0.0000000       0.0000000       0.0000000       0.0000000       0.0000000       0.0000000       0.0000000       0.0000000       0.0000000       0.0000000       0.0000000       0.0000000       0.0000000       0.0000000       0.0000000       0.0000000       0.0000000       0.0000000       0.0000000       0.0000000       0.0000000       0.0000000       0.0000000       0.0000000       0.0000000       0.0000000       0.0000000       0.0000000       0.0000000       0.0000000       0.0000000       0.0000000
       0.0252039       0.0404158       0.0630335       0.0956153       0.1410651       0.2024176       0.2824965       0.3834547       0.5062342       0.6500175       0.8117737       0.9860095       1.1648326       1.3383885       1.4956747       1.6256549       1.7185249       1.7669309       1.7669309       1.7185249       1.6256550       1.4956748       1.3383886       1.1648327       0.9860096       0.8117737       0.6500176       0.5062342       0.3834548       0.2824965       0.2024176       0.1410651       0.0956153       0.0630335       0.0404158       0.0252039       0.0152870       0.0090180       0.0051741       0.0028873       0.0015671       0.0008272       0.0004247       0.0002121       0.0001030       0.0000487       0.0000224       0.0000100       0.0000043       0.0000018       0.0000008       0.0000003       0.0000001       0.0000000       0.0000000       0.0000000       0.0000000       0.0000000       0.0000000       0.0000000       0.0000000       0.0000000       0.0000000       0.0000000       0.0000000       0.0000000       0.0000000       0.0000000       0.0000000       0.0000000       0.0000000       0.0000000       0.0000000       0.0000000       0.0000000       0.0000000       0.0000000       0.0000000       0.0000000       0.0000000       0.0000000       0.0000000       0.0000000       0.0000000       0.0000000       0.0000000       0.0000000       0.0000000       0.0000000       0.0000000       0.0000000       0.0000000       0.0000000       0.0000000       0.0000000       0.0000000       0.0000000       0.0000000       0.0000000       0.0000000       0.0000000       0.0000000       0.0000000       0.0000000       0.0000000       0.0000000       0.0000000       0.0000000       0.0000000       0.0000000       0.0000000       0.0000000       0.0000000       0.0000000       0.0000000       0.0000000       0.0000000       0.0000000       0.0000000       0.0000000
       0.0225579       0.0361947       0.0565183       0.0858878       0.1270202       0.1828154       0.2560655       0.3490502       0.4630451       0.5978018       0.7510860       0.9183762       1.0928237       1.2655465       1.4262794       1.5643346       1.6697567       1.7345039       1.7534600       1.7251028       1.6517055       1.5390360       1.3956080       1.2316197       1.0577630       0.8840943       0.7191299       0.5692652       0.4385513       0.3287946       0.2398985       0.1703448       0.1177142       0.0791639       0.0518113       0.0330004       0.0204557       0.0123397       0.0072443       0.0041389       0.0023013       0.0012453       0.0006558       0.0003361       0.0001676       0.0000814       0.0000384       0.0000177       0.0000079       0.0000034       0.0000015       0.0000006       0.0000002       0.0000001       0.0000000       0.0000000       0.0000000       0.0000000       0.0000000       0.0000000       0.0000000       0.0000000       0.0000000       0.0000000       0.0000000       0.0000000       0.0000000       0.0000000       0.0000000       0.0000000       0.0000000       0.0000000       0.0000000       0.0000000       0.0000000       0.0000000       0.0000000       0.0000000       0.0000000       0.0000000       0.0000000       0.0000000       0.0000000       0.0000000       0.0000000       0.0000000       0.0000000       0.0000000       0.0000000       0.0000000       0.0000000       0.0000000       0.0000000       0.0000000       0.0000000       0.0000000       0.0000000       0.0000000       0.0000000       0.0000000       0.0000000       0.0000000       0.0000000       0.0000000       0.0000000       0.0000000       0.0000000       0.0000000       0.0000000       0.0000000       0.0000000       0.0000000       0.0000000       0.0000000       0.0000000       0.0000000       0.0000000       0.0000000       0.0000000       0.0000000
       0.0201944       0.0324211       0.0506844       0.0771561       0.1143709       0.1650863       0.2320363       0.3175781       0.4232478       0.5492732       0.6941156       0.8541317       1.0234519       1.1941522       1.3567553       1.5010426       1.6170896       1.6963864       1.7328665       1.7236736       1.6695313       1.5746489       1.4461805       1.2933345       1.1262865       0.9550728       0.7886308       0.6341041       0.4964746       0.3785150       0.2810081       0.2031441       0.1430010       0.0980220       0.0654271       0.0425247       0.0269138       0.0165866       0.0099538       0.0058166       0.0033098       0.0018339       0.0009895       0.0005199       0.0002660       0.0001325       0.0000643       0.0000304       0.0000140       0.0000063       0.0000027       0.0000012       0.0000005       0.0000002       0.0000001       0.0000000       0.0000000       0.0000000       0.0000000       0.0000000       0.0000000       0.0000000       0.0000000       0.0000000       0.0000000       0.0000000       0.0000000       0.0000000       0.0000000       0.0000000       0.0000000       0.0000000       0.0000000       0.0000000       0.0000000       0.0000000       0.0000000       0.0000000       0.0000000       0.0000000       0.0000000       0.0000000       0.0000000       0.0000000       0.0000000       0.0000000       0.0000000       0.0000000       0.0000000       0.0000000       0.0000000       0.0000000       0.0000000       0.0000000       0.0000000       0.0000000       0.0000000       0.0000000       0.0000000       0.0000000       0.0000000       0.0000000       0.0000000       0.0000000       0.0000000       0.0000000       0.0000000       0.0000000       0.0000000       0.0000000       0.0000000       0.0000000       0.0000000       0.0000000       0.0000000       0.0000000       0.0000000       0.0000000       0.0000000       0.0000000
       0.0180825       0.0290467       0.0454595       0.0693175       0.1029795       0.1490560       0.2102027       0.2888133       0.3866218       0.5042499       0.6407603       0.7932965       0.9568983       1.1245693       1.2876474       1.4364745       1.5613099       1.6533720       1.7058557       1.7147635       1.6794089       1.6025031       1.4898124       1.3494430       1.1908792       1.0239321       0.8577582       0.7000818       0.5567023       0.4313079       0.3255683       0.2394347       0.1715624       0.1197699       0.0814635       0.0539845       0.0348550       0.0219256       0.0134378       0.0080241       0.0046682       0.0026461       0.0014613       0.0007863       0.0004122       0.0002105       0.0001048       0.0000508       0.0000240       0.0000110       0.0000050       0.0000022       0.0000009       0.0000004       0.0000002       0.0000001       0.0000000       0.0000000       0.0000000       0.0000000       0.0000000       0.0000000       0.0000000       0.0000000       0.0000000       0.0000000       0.0000000       0.0000000       0.0000000       0.0000000       0.0000000       0.0000000       0.0000000       0.0000000       0.0000000       0.0000000       0.0000000       0.0000000       0.0000000       0.0000000       0.0000000       0.0000000       0.0000000       0.0000000       0.0000000       0.0000000       0.0000000       0.0000000       0.0000000       0.0000000       0.0000000       0.0000000       0.0000000       0.0000000       0.0000000       0.0000000       0.0000000       0.0000000       0.0000000       0.0000000       0.0000000       0.0000000       0.0000000       0.0000000       0.0000000       0.0000000       0.0000000       0.0000000       0.0000000       0.0000000       0.0000000       0.0000000       0.0000000       0.0000000       0.0000000       0.0000000       0.0000000       0.0000000       0.0000000       0.0000000
       0.0161950       0.0260285       0.0407792       0.0622801       0.0927216       0.1345655       0.1903738       0.2625439       0.3529536       0.4625454       0.5908975       0.7358530       0.8932870       1.0570902       1.2194222       1.3712519       1.5031469       1.6062261       1.6731427       1.6989491       1.6817010       1.6227001       1.5263313       1.3995242       1.2509302       1.0899506       0.9257668       0.7665093       0.6186633       0.4867571       0.3733286       0.2791203       0.2034288       0.1445289       0.1000963       0.0675775       0.0444742       0.0285321       0.0178436       0.0108780       0.0064646       0.0037450       0.0021149       0.0011642       0.0006248       0.0003268       0.0001667       0.0000828       0.0000401       0.0000190       0.0000087       0.0000039       0.0000017       0.0000007       0.0000003       0.0000001       0.0000000       0.0000000       0.0000000       0.0000000       0.0000000       0.0000000       0.0000000       0.0000000       0.0000000       0.0000000       0.0000000       0.0000000       0.0000000       0.0000000       0.0000000       0.0000000       0.0000000       0.0000000       0.0000000       0.0000000       0.0000000       0.0000000       0.0000000       0.0000000       0.0000000       0.0000000       0.0000000       0.0000000       0.0000000       0.0000000       0.0000000       0.0000000       0.0000000       0.0000000       0.0000000       0.0000000       0.0000000       0.0000000       0.0000000       0.0000000       0.0000000       0.0000000       0.0000000       0.0000000       0.0000000       0.0000000       0.0000000       0.0000000       0.0000000       0.0000000       0.0000000       0.0000000       0.0000000       0.0000000       0.0000000       0.0000000       0.0000000       0.0000000       0.0000000       0.0000000       0.0000000       0.0000000       0.0000000       0.0000000
       0.0145075       0.0233283       0.0365860       0.0559616       0.0834849       0.1214699       0.1723740       0.2385708       0.3220369       0.4239715       0.5443902       0.6817522       0.8326941       0.9919436       1.1524741       1.3059243       1.4432695       1.5556773       1.6354386       1.6768400       1.6768400       1.6354387       1.5556774       1.4432696       1.3059243       1.1524742       0.9919437       0.8326942       0.6817523       0.5443903       0.4239716       0.3220370       0.2385709       0.1723740       0.1214699       0.0834850       0.0559616       0.0365860       0.0233283       0.0145075       0.0087993       0.0052052       0.0030032       0.0016899       0.0009274       0.0004964       0.0002592       0.0001319       0.0000655       0.0000317       0.0000150       0.0000069       0.0000031       0.0000014       0.0000006       0.0000002       0.0000001       0.0000000       0.0000000       0.0000000       0.0000000       0.0000000       0.0000000       0.0000000       0.0000000       0.0000000       0.0000000       0.0000000       0.0000000       0.0000000       0.0000000       0.0000000       0.0000000       0.0000000       0.0000000       0.0000000       0.0000000       0.0000000       0.0000000       0.0000000       0.0000000       0.0000000       0.0000000       0.0000000       0.0000000       0.0000000       0.0000000       0.0000000       0.0000000       0.0000000       0.0000000       0.0000000       0.0000000       0.0000000       0.0000000       0.0000000       0.0000000       0.0000000       0.0000000       0.0000000       0.0000000       0.0000000       0.0000000       0.0000000       0.0000000       0.0000000       0.0000000       0.0000000       0.0000000       0.0000000       0.0000000       0.0000000       0.0000000       0.0000000       0.0000000       0.0000000       0.0000000       0.0000000       0.0000000       0.0000000
       0.0129984       0.0209119       0.0328285       0.0502880       0.0751682       0.1096375       0.1560412       0.2167082       0.2936749       0.3883415       0.5010907       0.6309201       0.7751539       0.9293023       1.0871304       1.2409715       1.3822846       1.5024108       1.5934389       1.6490647       1.6653115       1.6410008       1.5778934       1.4804782       1.3554451       1.2109253       1.0556217       0.8979555       0.7453441       0.6036905       0.4771198       0.3679561       0.2768982       0.2033292       0.1456918       0.1018652       0.0694979       0.0462672       0.0300560       0.0190521       0.0117845       0.0071127       0.0041890       0.0024074       0.0013500       0.0007387       0.0003944       0.0002055       0.0001045       0.0000518       0.0000251       0.0000119       0.0000055       0.0000025       0.0000011       0.0000005       0.0000002       0.0000001       0.0000000       0.0000000       0.0000000       0.0000000       0.0000000       0.0000000       0.0000000       0.0000000       0.0000000       0.0000000       0.0000000       0.0000000       0.0000000       0.0000000       0.0000000       0.0000000       0.0000000       0.0000000       0.0000000       0.0000000       0.0000000       0.0000000       0.0000000       0.0000000       0.0000000       0.0000000       0.0000000       0.0000000       0.0000000       0.0000000       0.0000000       0.0000000       0.0000000       0.0000000       0.0000000       0.0000000       0.0000000       0.0000000       0.0000000       0.0000000       0.0000000       0.0000000       0.0000000       0.0000000       0.0000000       0.0000000       0.0000000       0.0000000       0.0000000       0.0000000       0.0000000       0.0000000       0.0000000       0.0000000       0.0000000       0.0000000       0.0000000       0.0000000       0.0000000       0.0000000       0.0000000       0.0000000
       0.0116485       0.0187489       0.0294608       0.0451931       0.0676801       0.0989485       0.1412270       0.1967825       0.2676798       0.3554716       0.4608445       0.5832627       0.7206662       0.8692894       1.0236579       1.1768078       1.3207372       1.4470634       1.5478145       1.6162573       1.6476400       1.6397377       1.5931133       1.5110512       1.3991746       1.2648088       1.1161898       0.9616377       0.8088074       0.6641085       0.5323449       0.4165887       0.3182600       0.2373651       0.1728271       0.1228477       0.0852477       0.0577508       0.0381939       0.0246598       0.0155434       0.0095645       0.0057457       0.0033696       0.0019292       0.0010783       0.0005884       0.0003134       0.0001630       0.0000827       0.0000410       0.0000198       0.0000094       0.0000043       0.0000019       0.0000009       0.0000004       0.0000002       0.0000001       0.0000000       0.0000000       0.0000000       0.0000000       0.0000000       0.0000000       0.0000000       0.0000000       0.0000000       0.0000000       0.0000000       0.0000000       0.0000000       0.0000000       0.0000000       0.0000000       0.0000000       0.0000000       0.0000000       0.0000000       0.0000000       0.0000000       0.0000000       0.0000000       0.0000000       0.0000000       0.0000000       0.0000000       0.0000000       0.0000000       0.0000000       0.0000000       0.0000000       0.0000000       0.0000000       0.0000000       0.0000000       0.0000000       0.0000000       0.0000000       0.0000000       0.0000000       0.0000000       0.0000000       0.0000000       0.0000000       0.0000000       0.0000000       0.0000000       0.0000000       0.0000000       0.0000000       0.0000000       0.0000000       0.0000000       0.0000000       0.0000000       0.0000000       0.0000000       0.0000000       0.0000000
       0.0104407       0.0168125       0.0264420       0.0406175       0.0609382       0.0892941       0.1277948       0.1786326       0.2438741       0.3251830       0.4234938       0.5386710       0.6692021       0.8119854       0.9622686       1.1137857       1.2591115       1.3902212       1.4992045       1.5790469       1.6243753       1.6320555       1.6015507       1.5349834       1.4368911       1.3137152       1.1731022       1.0231225       0.8715185       0.7250748       0.5891776       0.4675918       0.3624472       0.2743972       0.2028953       0.1465283       0.1033542       0.0712020       0.0479085       0.0314841       0.0202082       0.0126683       0.0077566       0.0046385       0.0027092       0.0015455       0.0008611       0.0004686       0.0002490       0.0001293       0.0000655       0.0000325       0.0000157       0.0000074       0.0000034       0.0000015       0.0000007       0.0000003       0.0000001       0.0000001       0.0000000       0.0000000       0.0000000       0.0000000       0.0000000       0.0000000       0.0000000       0.0000000       0.0000000       0.0000000       0.0000000       0.0000000       0.0000000       0.0000000       0.0000000       0.0000000       0.0000000       0.0000000       0.0000000       0.0000000       0.0000000       0.0000000       0.0000000       0.0000000       0.0000000       0.0000000       0.0000000       0.0000000       0.0000000       0.0000000       0.0000000       0.0000000       0.0000000       0.0000000       0.0000000       0.0000000       0.0000000       0.0000000       0.0000000       0.0000000       0.0000000       0.0000000       0.0000000       0.0000000       0.0000000       0.0000000       0.0000000       0.0000000       0.0000000       0.0000000       0.0000000       0.0000000       0.0000000       0.0000000       0.0000000       0.0000000       0.0000000       0.0000000       0.0000000       0.0000000
       0.0093597       0.0150785       0.0237355       0.0365079       0.0548683       0.0805755       0.1156197       0.1621090       0.2220903       0.2973026       0.3888793       0.4970246       0.6207086       0.7574335       0.9031257       1.0522010       1.1978327       1.3324180       1.4482105       1.5380477       1.5960804       1.6184029       1.6034869       1.5523550       1.4684649       1.3573224       1.2258838       1.0818387       0.9328731       0.7860127       0.6471179       0.5205760       0.4091964       0.3142869       0.2358673       0.1729641       0.1239342       0.0867707       0.0593611       0.0396806       0.0259180       0.0165413       0.0103154       0.0062857       0.0037425       0.0021773       0.0012377       0.0006875       0.0003731       0.0001979       0.0001025       0.0000519       0.0000257       0.0000124       0.0000059       0.0000027       0.0000012       0.0000005       0.0000002       0.0000001       0.0000000       0.0000000       0.0000000       0.0000000       0.0000000       0.0000000       0.0000000       0.0000000       0.0000000       0.0000000       0.0000000       0.0000000       0.0000000       0.0000000       0.0000000       0.0000000       0.0000000       0.0000000       0.0000000       0.0000000       0.0000000       0.0000000       0.0000000       0.0000000       0.0000000       0.0000000       0.0000000       0.0000000       0.0000000       0.0000000       0.0000000       0.0000000       0.0000000       0.0000000       0.0000000       0.0000000       0.0000000       0.0000000       0.0000000       0.0000000       0.0000000       0.0000000       0.0000000       0.0000000       0.0000000       0.0000000       0.0000000       0.0000000       0.0000000       0.0000000       0.0000000       0.0000000       0.0000000       0.0000000       0.0000000       0.0000000       0.0000000       0.0000000       0.0000000       0.0000000
       0.0083921       0.0135254       0.0213087       0.0328165       0.0494036       0.0727033       0.1045873       0.1470734       0.2021709       0.2716645       0.3568428       0.4581952       0.5751138       0.7056458       0.8463489       0.9922971       1.1372703       1.2741347       1.3953934       1.4938523       1.5633216       1.5992585       1.5992585       1.5633216       1.4938524       1.3953935       1.2741348       1.1372704       0.9922972       0.8463490       0.7056459       0.5751139       0.4581953       0.3568428       0.2716646       0.2021710       0.1470734       0.1045874       0.0727033       0.0494036       0.0328165       0.0213087       0.0135254       0.0083921       0.0050901       0.0030179       0.0017491       0.0009910       0.0005488       0.0002971       0.0001572       0.0000813       0.0000411       0.0000203       0.0000098       0.0000046       0.0000021       0.0000010       0.0000004       0.0000002       0.0000001       0.0000000       0.0000000       0.0000000       0.0000000       0.0000000       0.0000000       0.0000000       0.0000000       0.0000000       0.0000000       0.0000000       0.0000000       0.0000000       0.0000000       0.0000000       0.0000000       0.0000000       0.0000000       0.0000000       0.0000000       0.0000000       0.0000000       0.0000000       0.0000000       0.0000000       0.0000000       0.0000000       0.0000000       0.0000000       0.0000000       0.0000000       0.0000000       0.0000000       0.0000000       0.0000000       0.0000000       0.0000000       0.0000000       0.0000000       0.0000000       0.0000000       0.0000000       0.0000000       0.0000000       0.0000000       0.0000000       0.0000000       0.0000000       0.0000000       0.0000000       0.0000000       0.0000000       0.0000000       0.0000000       0.0000000       0.0000000       0.0000000       0.0000000       0.0000000
       0.0075258       0.0121340       0.0191322       0.0295005       0.0444837       0.0655960       0.0945933       0.1333979       0.1839686       0.2481101       0.3272283       0.4220494       0.5323309       0.6566077       0.7920201       0.9342699       1.0777410       1.2158008       1.3412704       1.4470255       1.5266588       1.5751201       1.5892467       1.5681040       1.5130886       1.4277750       1.3175318       1.1889631       1.0492563       0.9055255       0.7642329       0.6307492       0.5090889       0.4018245       0.3101596       0.2341207       0.1728226       0.1247576       0.0880723       0.0608020       0.0410490       0.0271014       0.0174980       0.0110482       0.0068218       0.0041192       0.0024324       0.0014046       0.0007932       0.0004381       0.0002366       0.0001249       0.0000645       0.0000326       0.0000161       0.0000078       0.0000037       0.0000017       0.0000008       0.0000003       0.0000001       0.0000001       0.0000000       0.0000000       0.0000000       0.0000000       0.0000000       0.0000000       0.0000000       0.0000000       0.0000000       0.0000000       0.0000000       0.0000000       0.0000000       0.0000000       0.0000000       0.0000000       0.0000000       0.0000000       0.0000000       0.0000000       0.0000000       0.0000000       0.0000000       0.0000000       0.0000000       0.0000000       0.0000000       0.0000000       0.0000000       0.0000000       0.0000000       0.0000000       0.0000000       0.0000000       0.0000000       0.0000000       0.0000000       0.0000000       0.0000000       0.0000000       0.0000000       0.0000000       0.0000000       0.0000000       0.0000000       0.0000000       0.0000000       0.0000000       0.0000000       0.0000000       0.0000000       0.0000000       0.0000000       0.0000000       0.0000000       0.0000000       0.0000000       0.0000000
       0.0067500       0.0108874       0.0171800       0.0265215       0.0400544       0.0591803       0.0855422       0.1209649       0.1673458       0.2264884       0.2998839       0.3884512       0.4922613       0.6102825       0.7401881       0.8782726       1.0195124       1.1577952       1.2863139       1.3980998       1.4866385       1.5464952       1.5738661       1.5669783       1.5262799       1.4543917       1.3558280       1.2365275       1.1032628       0.9630086       0.8223513       0.6870060       0.5614870       0.4489468       0.3511770       0.2687406       0.2011947       0.1473587       0.1055871       0.0740154       0.0507585       0.0340543       0.0223517       0.0143525       0.0090161       0.0055410       0.0033314       0.0019595       0.0011276       0.0006348       0.0003496       0.0001884       0.0000993       0.0000512       0.0000258       0.0000127       0.0000062       0.0000029       0.0000013       0.0000006       0.0000003       0.0000001       0.0000000       0.0000000       0.0000000       0.0000000       0.0000000       0.0000000       0.0000000       0.0000000       0.0000000       0.0000000       0.0000000       0.0000000       0.0000000       0.0000000       0.0000000       0.0000000       0.0000000       0.0000000       0.0000000       0.0000000       0.0000000       0.0000000       0.0000000       0.0000000       0.0000000       0.0000000       0.0000000       0.0000000       0.0000000       0.0000000       0.0000000       0.0000000       0.0000000       0.0000000       0.0000000       0.0000000       0.0000000       0.0000000       0.0000000       0.0000000       0.0000000       0.0000000       0.0000000       0.0000000       0.0000000       0.0000000       0.0000000       0.0000000       0.0000000       0.0000000       0.0000000       0.0000000       0.0000000       0.0000000       0.0000000       0.0000000       0.0000000       0.0000000
       0.0060550       0.0097702       0.0154287       0.0238451       0.0360667       0.0533894       0.0773469       0.1096660       0.1521741       0.2066569       0.2746623       0.3572635       0.4547978       0.5666152       0.6908732       0.8244203       0.9628069       1.1004490       1.2309512       1.3475720       1.4437877       1.5138920       1.5535550       1.5602659       1.5335953       1.4752416       1.3888512       1.2796421       1.1538823       1.0182975       0.8794843       0.7433985       0.6149722       0.4978855       0.3944970       0.3059132       0.2321629       0.1724359       0.1253437       0.0891698       0.0620831       0.0423028       0.0282101       0.0184112       0.0117597       0.0073511       0.0044973       0.0026927       0.0015778       0.0009049       0.0005079       0.0002790       0.0001500       0.0000789       0.0000406       0.0000205       0.0000101       0.0000049       0.0000023       0.0000011       0.0000005       0.0000002       0.0000001       0.0000000       0.0000000       0.0000000       0.0000000       0.0000000       0.0000000       0.0000000       0.0000000       0.0000000       0.0000000       0.0000000       0.0000000       0.0000000       0.0000000       0.0000000       0.0000000       0.0000000       0.0000000       0.0000000       0.0000000       0.0000000       0.0000000       0.0000000       0.0000000       0.0000000       0.0000000       0.0000000       0.0000000       0.0000000       0.0000000       0.0000000       0.0000000       0.0000000       0.0000000       0.0000000       0.0000000       0.0000000       0.0000000       0.0000000       0.0000000       0.0000000       0.0000000       0.0000000       0.0000000       0.0000000       0.0000000       0.0000000       0.0000000       0.0000000       0.0000000       0.0000000       0.0000000       0.0000000       0.0000000       0.0000000       0.0000000       0.0000000
       0.0054324       0.0087688       0.0138575       0.0214402       0.0324766       0.0481629       0.0699283       0.0994013       0.1383344       0.1884808       0.2514217       0.3283502       0.4198273       0.5255365       0.6440713       0.7727943       0.9078052       1.0440476       1.1755653       1.2959017       1.3986087       1.4778122       1.5287663       1.5483238       1.5352578       1.4903893       1.4165012       1.3180535       1.2007372       1.0709316       0.9351351       0.7994399       0.6691078       0.5482836       0.4398588       0.3454778       0.2656598       0.2000002       0.1474123       0.1063741       0.0751514       0.0519801       0.0351994       0.0233364       0.0151471       0.0096255       0.0059885       0.0036476       0.0021752       0.0012700       0.0007259       0.0004062       0.0002226       0.0001194       0.0000627       0.0000322       0.0000162       0.0000080       0.0000039       0.0000018       0.0000008       0.0000004       0.0000002       0.0000001       0.0000000       0.0000000       0.0000000       0.0000000       0.0000000       0.0000000       0.0000000       0.0000000       0.0000000       0.0000000       0.0000000       0.0000000       0.0000000       0.0000000       0.0000000       0.0000000       0.0000000       0.0000000       0.0000000       0.0000000       0.0000000       0.0000000       0.0000000       0.0000000       0.0000000       0.0000000       0.0000000       0.0000000       0.0000000       0.0000000       0.0000000       0.0000000       0.0000000       0.0000000       0.0000000       0.0000000       0.0000000       0.0000000       0.0000000       0.0000000       0.0000000       0.0000000       0.0000000       0.0000000       0.0000000       0.0000000       0.0000000       0.0000000       0.0000000       0.0000000       0.0000000       0.0000000       0.0000000       0.0000000       0.0000000       0.0000000
       0.0048745       0.0078711       0.0124476       0.0192792       0.0292445       0.0434463       0.0632140       0.0900795       0.1257161       0.1718336       0.2300261       0.3015773       0.3872329       0.4869654       0.5997581       0.7234463       0.8546508       0.9888339       1.1204956       1.2435097       1.3515757       1.4387448       1.4999590       1.5315359       1.5315360       1.4999590       1.4387449       1.3515758       1.2435097       1.1204957       0.9888340       0.8546509       0.7234464       0.5997581       0.4869654       0.3872330       0.3015773       0.2300262       0.1718336       0.1257161       0.0900796       0.0632140       0.0434463       0.0292446       0.0192792       0.0124476       0.0078711       0.0048745       0.0029566       0.0017563       0.0010218       0.0005822       0.0003249       0.0001776       0.0000950       0.0000498       0.0000256       0.0000129       0.0000063       0.0000031       0.0000014       0.0000007       0.0000003       0.0000001       0.0000001       0.0000000       0.0000000       0.0000000       0.0000000       0.0000000       0.0000000       0.0000000       0.0000000       0.0000000       0.0000000       0.0000000       0.0000000       0.0000000       0.0000000       0.0000000       0.0000000       0.0000000       0.0000000       0.0000000       0.0000000       0.0000000       0.0000000       0.0000000       0.0000000       0.0000000       0.0000000       0.0000000       0.0000000       0.0000000       0.0000000       0.0000000       0.0000000       0.0000000       0.0000000       0.0000000       0.0000000       0.0000000       0.0000000       0.0000000       0.0000000       0.0000000       0.0000000       0.0000000       0.0000000       0.0000000       0.0000000       0.0000000       0.0000000       0.0000000       0.0000000       0.0000000       0.0000000       0.0000000       0.0000000       0.0000000
       0.0043746       0.0070661       0.0111823       0.0173372       0.0263347       0.0391902       0.0571384       0.0816167       0.1142169       0.1565966       0.2103463       0.2768139       0.3568957       0.4508119       0.5578918       0.6764023       0.8034534       0.9350112       1.0660399       1.1907776       1.3031318       1.3971614       1.4675919       1.5103047       1.5227352       1.5041277       1.4556117       1.3800884       1.2819432       1.1666248       1.0401456       0.9085683       0.7775379       0.6519076       0.5354897       0.4309398       0.3397682       0.2624516       0.1986170       0.1472597       0.1069676       0.0761239       0.0530750       0.0362543       0.0242622       0.0159075       0.0102181       0.0064305       0.0039648       0.0023949       0.0014173       0.0008217       0.0004668       0.0002598       0.0001416       0.0000757       0.0000396       0.0000203       0.0000102       0.0000050       0.0000024       0.0000011       0.0000005       0.0000002       0.0000001       0.0000000       0.0000000       0.0000000       0.0000000       0.0000000       0.0000000       0.0000000       0.0000000       0.0000000       0.0000000       0.0000000       0.0000000       0.0000000       0.0000000       0.0000000       0.0000000       0.0000000       0.0000000       0.0000000       0.0000000       0.0000000       0.0000000       0.0000000       0.0000000       0.0000000       0.0000000       0.0000000       0.0000000       0.0000000       0.0000000       0.0000000       0.0000000       0.0000000       0.0000000       0.0000000       0.0000000       0.0000000       0.0000000       0.0000000       0.0000000       0.0000000       0.0000000       0.0000000       0.0000000       0.0000000       0.0000000       0.0000000       0.0000000       0.0000000       0.0000000       0.0000000       0.0000000       0.0000000       0.0000000       0.0000000
       0.0039264       0.0063443       0.0100466       0.0155918       0.0237149       0.0353499       0.0516416       0.0739360       0.1037422       0.1426590       0.1922592       0.2539330       0.3286965       0.4169799       0.5184170       0.6316659       0.7542923       0.8827465       1.0124565       1.1380486       1.2536875       1.3535112       1.4321170       1.4850435       1.5091900       1.5031169       1.4671875       1.4035328       1.3158415       1.2090065       1.0886738       0.9607513       0.8309372       0.7043192       0.5850796       0.4763261       0.3800475       0.2971772       0.2277388       0.1710420       0.1258962       0.0908168       0.0642043       0.0444842       0.0302059       0.0201012       0.0131098       0.0083794       0.0052490       0.0032224       0.0019388       0.0011432       0.0006606       0.0003742       0.0002077       0.0001130       0.0000602       0.0000315       0.0000161       0.0000081       0.0000040       0.0000019       0.0000009       0.0000004       0.0000002       0.0000001       0.0000000       0.0000000       0.0000000       0.0000000       0.0000000       0.0000000       0.0000000       0.0000000       0.0000000       0.0000000       0.0000000       0.0000000       0.0000000       0.0000000       0.0000000       0.0000000       0.0000000       0.0000000       0.0000000       0.0000000       0.0000000       0.0000000       0.0000000       0.0000000       0.0000000       0.0000000       0.0000000       0.0000000       0.0000000       0.0000000       0.0000000       0.0000000       0.0000000       0.0000000       0.0000000       0.0000000       0.0000000       0.0000000       0.0000000       0.0000000       0.0000000       0.0000000       0.0000000       0.0000000       0.0000000       0.0000000       0.0000000       0.0000000       0.0000000       0.0000000       0.0000000       0.0000000       0.0000000       0.0000000
       0.0035246       0.0056969       0.0090271       0.0140231       0.0213562       0.0318850       0.0466694       0.0669670       0.0942046       0.1299173       0.1756486       0.2328120       0.3025166       0.3853684       0.4812669       0.5892219       0.7072206       0.8321735       0.9599663       1.0856281       1.2036196       1.3082190       1.3939741       1.4561698       1.4912565       1.4971860       1.4736088       1.4219086       1.3450679       1.2473829       1.1340662       1.0107880       0.8832117       0.7565760       0.6353651       0.5230910       0.4221960       0.3340674       0.2591416       0.1970712       0.1469238       0.1073852       0.0769448       0.0540503       0.0372219       0.0251295       0.0166322       0.0107920       0.0068649       0.0042811       0.0026173       0.0015687       0.0009217       0.0005309       0.0002998       0.0001660       0.0000901       0.0000479       0.0000250       0.0000128       0.0000064       0.0000032       0.0000015       0.0000007       0.0000003       0.0000002       0.0000001       0.0000000       0.0000000       0.0000000       0.0000000       0.0000000       0.0000000       0.0000000       0.0000000       0.0000000       0.0000000       0.0000000       0.0000000       0.0000000       0.0000000       0.0000000       0.0000000       0.0000000       0.0000000       0.0000000       0.0000000       0.0000000       0.0000000       0.0000000       0.0000000       0.0000000       0.0000000       0.0000000       0.0000000       0.0000000       0.0000000       0.0000000       0.0000000       0.0000000       0.0000000       0.0000000       0.0000000       0.0000000       0.0000000       0.0000000       0.0000000       0.0000000       0.0000000       0.0000000       0.0000000       0.0000000       0.0000000       0.0000000       0.0000000       0.0000000       0.0000000       0.0000000       0.0000000       0.0000000
       0.0031643       0.0051161       0.0081119       0.0126131       0.0192326       0.0287590       0.0421723       0.0606455       0.0855238       0.1182751       0.1604049       0.2133336       0.2782395       0.3558738       0.4463657       0.5490392       0.6622677       0.7833962       0.9087555       1.0337853       1.1532708       1.2616821       1.3535873       1.4240994       1.4693052       1.4866249       1.4750559       1.4352688       1.3695430       1.2815508       1.1760171       1.0583009       0.9339472       0.8082640       0.6859647       0.5709105       0.4659636       0.3729526       0.2927338       0.2253253       0.1700844       0.1259033       0.0913960       0.0650631       0.0454214       0.0310959       0.0208768       0.0137449       0.0088744       0.0056189       0.0034889       0.0021244       0.0012685       0.0007428       0.0004266       0.0002402       0.0001327       0.0000718       0.0000382       0.0000199       0.0000102       0.0000051       0.0000025       0.0000012       0.0000006       0.0000003       0.0000001       0.0000001       0.0000000       0.0000000       0.0000000       0.0000000       0.0000000       0.0000000       0.0000000       0.0000000       0.0000000       0.0000000       0.0000000       0.0000000       0.0000000       0.0000000       0.0000000       0.0000000       0.0000000       0.0000000       0.0000000       0.0000000       0.0000000       0.0000000       0.0000000       0.0000000       0.0000000       0.0000000       0.0000000       0.0000000       0.0000000       0.0000000       0.0000000       0.0000000       0.0000000       0.0000000       0.0000000       0.0000000       0.0000000       0.0000000       0.0000000       0.0000000       0.0000000       0.0000000       0.0000000       0.0000000       0.0000000       0.0000000       0.0000000       0.0000000       0.0000000       0.0000000       0.0000000       0.0000000
       0.0028411       0.0045950       0.0072901       0.0113455       0.0173206       0.0259389       0.0381055       0.0549126       0.0776256       0.1076431       0.1464249       0.1953855       0.2557512       0.3283911       0.4136311       0.5110733       0.6194430       0.7364914       0.8589784       0.9827543       1.1029501       1.2142691       1.3113609       1.3892413       1.4437145       1.4717469       1.4717469       1.4437145       1.3892413       1.3113610       1.2142692       1.1029502       0.9827544       0.8589785       0.7364915       0.6194431       0.5110734       0.4136312       0.3283912       0.2557513       0.1953855       0.1464250       0.1076431       0.0776256       0.0549127       0.0381055       0.0259389       0.0173206       0.0113455       0.0072901       0.0045950       0.0028411       0.0017232       0.0010253       0.0005984       0.0003426       0.0001924       0.0001060       0.0000573       0.0000304       0.0000158       0.0000081       0.0000040       0.0000020       0.0000010       0.0000005       0.0000002       0.0000001       0.0000000       0.0000000       0.0000000       0.0000000       0.0000000       0.0000000       0.0000000       0.0000000       0.0000000       0.0000000       0.0000000       0.0000000       0.0000000       0.0000000       0.0000000       0.0000000       0.0000000       0.0000000       0.0000000       0.0000000       0.0000000       0.0000000       0.0000000       0.0000000       0.0000000       0.0000000       0.0000000       0.0000000       0.0000000       0.0000000       0.0000000       0.0000000       0.0000000       0.0000000       0.0000000       0.0000000       0.0000000       0.0000000       0.0000000       0.0000000       0.0000000       0.0000000       0.0000000       0.0000000       0.0000000       0.0000000       0.0000000       0.0000000       0.0000000       0.0000000       0.0000000       0.0000000
       0.0025513       0.0041275       0.0065521       0.0102060       0.0155991       0.0233949       0.0344284       0.0497149       0.0704420       0.0979381       0.1336122       0.1788608       0.2349412       0.3028153       0.3829757       0.4752689       0.5787383       0.6915121       0.8107596       0.9327369       1.0529334       1.1663191       1.2676770       1.3519933       1.4148656       1.4528828       1.4639313       1.4473899       1.4041875       1.3367168       1.2486146       1.1444377       1.0292731       0.9083303       0.7865598       0.6683353       0.5572265       0.4558730       0.3659575       0.2882652       0.2228068       0.1689816       0.1257550       0.0918302       0.0657992       0.0462627       0.0319165       0.0216060       0.0143519       0.0093544       0.0059828       0.0037546       0.0023120       0.0013970       0.0008283       0.0004819       0.0002751       0.0001541       0.0000847       0.0000457       0.0000242       0.0000126       0.0000064       0.0000032       0.0000016       0.0000008       0.0000004       0.0000002       0.0000001       0.0000000       0.0000000       0.0000000       0.0000000       0.0000000       0.0000000       0.0000000       0.0000000       0.0000000       0.0000000       0.0000000       0.0000000       0.0000000       0.0000000       0.0000000       0.0000000       0.0000000       0.0000000       0.0000000       0.0000000       0.0000000       0.0000000       0.0000000       0.0000000       0.0000000       0.0000000       0.0000000       0.0000000       0.0000000       0.0000000       0.0000000       0.0000000       0.0000000       0.0000000       0.0000000       0.0000000       0.0000000       0.0000000       0.0000000       0.0000000       0.0000000       0.0000000       0.0000000       0.0000000       0.0000000       0.0000000       0.0000000       0.0000000       0.0000000       0.0000000       0.0000000
       0.0022913       0.0037079       0.0058894       0.0091814       0.0140491       0.0211000       0.0311039       0.0450033       0.0639104       0.0890833       0.1218761       0.1636584       0.2157026       0.2790422       0.3543089       0.4415620       0.5401306       0.6484901       0.7641972       0.8839038       1.0034647       1.1181412       1.2228936       1.3127385       1.3831372       1.4303745       1.4518835       1.4464762       1.4144522       1.3575716       1.2788945       1.1825083       1.0731765       0.9559509       0.8357907       0.7172276       0.6041070       0.4994227       0.4052474       0.3227525       0.2522996       0.1935802       0.1457816       0.1077562       0.0781770       0.0556690       0.0389086       0.0266916       0.0179722       0.0118775       0.0077046       0.0049053       0.0030654       0.0018802       0.0011319       0.0006688       0.0003879       0.0002208       0.0001234       0.0000677       0.0000364       0.0000192       0.0000100       0.0000051       0.0000025       0.0000012       0.0000006       0.0000003       0.0000001       0.0000001       0.0000000       0.0000000       0.0000000       0.0000000       0.0000000       0.0000000       0.0000000       0.0000000       0.0000000       0.0000000       0.0000000       0.0000000       0.0000000       0.0000000       0.0000000       0.0000000       0.0000000       0.0000000       0.0000000       0.0000000       0.0000000       0.0000000       0.0000000       0.0000000       0.0000000       0.0000000       0.0000000       0.0000000       0.0000000       0.0000000       0.0000000       0.0000000       0.0000000       0.0000000       0.0000000       0.0000000       0.0000000       0.0000000       0.0000000       0.0000000       0.0000000       0.0000000       0.0000000       0.0000000       0.0000000       0.0000000       0.0000000       0.0000000       0.0000000       0.0000000
       0.0020580       0.0033313       0.0052942       0.0082603       0.0126534       0.0190300       0.0280987       0.0407333       0.0579735       0.0810078       0.1111323       0.1496824       0.1979328       0.2569694       0.3275380       0.4098818       0.5035843       0.6074386       0.7193649       0.8363976       0.9547572       1.0700147       1.1773435       1.2718423       1.3489008       1.4045700       1.4358974       1.4411862       1.4201474       1.3739261       1.3049984       1.2169514       1.1141743       1.0014971       0.8838181       0.7657601       0.6513872       0.5440043       0.4460485       0.3590695       0.2837864       0.2202020       0.1677520       0.1254673       0.0921320       0.0664212       0.0470132       0.0326700       0.0222892       0.0149299       0.0098183       0.0063392       0.0040183       0.0025008       0.0015280       0.0009166       0.0005398       0.0003121       0.0001772       0.0000988       0.0000540       0.0000290       0.0000153       0.0000079       0.0000040       0.0000020       0.0000010       0.0000005       0.0000002       0.0000001       0.0000000       0.0000000       0.0000000       0.0000000       0.0000000       0.0000000       0.0000000       0.0000000       0.0000000       0.0000000       0.0000000       0.0000000       0.0000000       0.0000000       0.0000000       0.0000000       0.0000000       0.0000000       0.0000000       0.0000000       0.0000000       0.0000000       0.0000000       0.0000000       0.0000000       0.0000000       0.0000000       0.0000000       0.0000000       0.0000000       0.0000000       0.0000000       0.0000000       0.0000000       0.0000000       0.0000000       0.0000000       0.0000000       0.0000000       0.0000000       0.0000000       0.0000000       0.0000000       0.0000000       0.0000000       0.0000000       0.0000000       0.0000000       0.0000000       0.0000000
       0.0018487       0.0029933       0.0047595       0.0074320       0.0113967       0.0171628       0.0253823       0.0368641       0.0525787       0.0736458       0.1013022       0.1368428       0.1815337       0.2364967       0.3025695       0.3801523       0.4690535       0.5683548       0.6763150       0.7903343       0.9069953       1.0221898       1.1313329       1.2296503       1.3125177       1.3758183       1.4162806       1.4317590       1.4214214       1.3858242       1.3268621       1.2476011       1.1520149       1.0446547       0.9302931       0.8135779       0.6987324       0.5893251       0.4881253       0.3970453       0.3171620       0.2488024       0.1916728       0.1450102       0.1077380       0.0786089       0.0563258       0.0396346       0.0273889       0.0185869       0.0123871       0.0081071       0.0052107       0.0032890       0.0020387       0.0012410       0.0007419       0.0004355       0.0002511       0.0001422       0.0000790       0.0000432       0.0000231       0.0000122       0.0000063       0.0000032       0.0000016       0.0000008       0.0000004       0.0000002       0.0000001       0.0000000       0.0000000       0.0000000       0.0000000       0.0000000       0.0000000       0.0000000       0.0000000       0.0000000       0.0000000       0.0000000       0.0000000       0.0000000       0.0000000       0.0000000       0.0000000       0.0000000       0.0000000       0.0000000       0.0000000       0.0000000       0.0000000       0.0000000       0.0000000       0.0000000       0.0000000       0.0000000       0.0000000       0.0000000       0.0000000       0.0000000       0.0000000       0.0000000       0.0000000       0.0000000       0.0000000       0.0000000       0.0000000       0.0000000       0.0000000       0.0000000       0.0000000       0.0000000       0.0000000       0.0000000       0.0000000       0.0000000       0.0000000       0.0000000
       0.0016608       0.0026898       0.0042791       0.0066871       0.0102651       0.0154787       0.0229272       0.0333588       0.0476778       0.0669370       0.0923126       0.1250547       0.1664119       0.2175270       0.2793102       0.3522939       0.4364839       0.5312221       0.6350804       0.7458063       0.8603360       0.9748884       1.0851417       1.1864864       1.2743356       1.3444653       1.3933496       1.4184544       1.4184544       1.3933497       1.3444653       1.2743356       1.1864865       1.0851418       0.9748885       0.8603361       0.7458064       0.6350805       0.5312222       0.4364840       0.3522940       0.2793103       0.2175271       0.1664119       0.1250548       0.0923126       0.0669370       0.0476778       0.0333589       0.0229272       0.0154787       0.0102651       0.0066871       0.0042791       0.0026898       0.0016608       0.0010074       0.0006002       0.0003513       0.0002019       0.0001140       0.0000633       0.0000345       0.0000185       0.0000097       0.0000050       0.0000025       0.0000013       0.0000006       0.0000003       0.0000001       0.0000001       0.0000000       0.0000000       0.0000000       0.0000000       0.0000000       0.0000000       0.0000000       0.0000000       0.0000000       0.0000000       0.0000000       0.0000000       0.0000000       0.0000000       0.0000000       0.0000000       0.0000000       0.0000000       0.0000000       0.0000000       0.0000000       0.0000000       0.0000000       0.0000000       0.0000000       0.0000000       0.0000000       0.0000000       0.0000000       0.0000000       0.0000000       0.0000000       0.0000000       0.0000000       0.0000000       0.0000000       0.0000000       0.0000000       0.0000000       0.0000000       0.0000000       0.0000000       0.0000000       0.0000000       0.0000000       0.0000000       0.0000000       0.0000000
       0.0014922       0.0024173       0.0038476       0.0060172       0.0092461       0.0139597       0.0207085       0.0301838       0.0432267       0.0608255       0.0840954       0.1142387       0.1524784       0.1999664       0.2576676       0.3262246       0.4058144       0.4960120       0.5956771       0.7028839       0.8149111       0.9283054       1.0390237       1.1426521       1.2346861       1.3108502       1.3674250       1.4015480       1.4114529       1.3966217       1.3578292       1.2970761       1.2174181       1.1227111       1.0173028       0.9057044       0.7922763       0.6809587       0.5750676       0.4771677       0.3890246       0.3116285       0.2452738       0.1896789       0.1441256       0.1076012       0.0789309       0.0568893       0.0402873       0.0280324       0.0191649       0.0128738       0.0084969       0.0055102       0.0035110       0.0021981       0.0013521       0.0008172       0.0004853       0.0002832       0.0001623       0.0000914       0.0000506       0.0000275       0.0000147       0.0000077       0.0000040       0.0000020       0.0000010       0.0000005       0.0000002       0.0000001       0.0000001       0.0000000       0.0000000       0.0000000       0.0000000       0.0000000       0.0000000       0.0000000       0.0000000       0.0000000       0.0000000       0.0000000       0.0000000       0.0000000       0.0000000       0.0000000       0.0000000       0.0000000       0.0000000       0.0000000       0.0000000       0.0000000       0.0000000       0.0000000       0.0000000       0.0000000       0.0000000       0.0000000       0.0000000       0.0000000       0.0000000       0.0000000       0.0000000       0.0000000       0.0000000       0.0000000       0.0000000       0.0000000       0.0000000       0.0000000       0.0000000       0.0000000       0.0000000       0.0000000       0.0000000       0.0000000       0.0000000       0.0000000
       0.0013408       0.0021726       0.0034598       0.0054148       0.0083285       0.0125897       0.0187036       0.0273082       0.0391852       0.0552600       0.0765878       0.1043203       0.1396491       0.1837247       0.2375511       0.3018609       0.3769786       0.4626864       0.5581064       0.6616181       0.7708288       0.8826096       0.9932064       1.0984254       1.1938830       1.2753023       1.3388277       1.3813266       1.4006456       1.3957907       1.3670125       1.3157848       1.2446791       1.1571511       1.0572628       0.9493710       0.8378170       0.7266454       0.6193784       0.5188595       0.4271728       0.3456349       0.2748475       0.2147960       0.1649760       0.1245304       0.0923826       0.0673543       0.0482615       0.0339857       0.0235208       0.0159980       0.0106941       0.0070255       0.0045360       0.0028783       0.0017949       0.0011001       0.0006626       0.0003922       0.0002282       0.0001305       0.0000733       0.0000405       0.0000220       0.0000117       0.0000061       0.0000032       0.0000016       0.0000008       0.0000004       0.0000002       0.0000001       0.0000000       0.0000000       0.0000000       0.0000000       0.0000000       0.0000000       0.0000000       0.0000000       0.0000000       0.0000000       0.0000000       0.0000000       0.0000000       0.0000000       0.0000000       0.0000000       0.0000000       0.0000000       0.0000000       0.0000000       0.0000000       0.0000000       0.0000000       0.0000000       0.0000000       0.0000000       0.0000000       0.0000000       0.0000000       0.0000000       0.0000000       0.0000000       0.0000000       0.0000000       0.0000000       0.0000000       0.0000000       0.0000000       0.0000000       0.0000000       0.0000000       0.0000000       0.0000000       0.0000000       0.0000000       0.0000000       0.0000000
       0.0012049       0.0019529       0.0031114       0.0048729       0.0075022       0.0113541       0.0168921       0.0247044       0.0355164       0.0501935       0.0697315       0.0952301       0.1278447       0.1687154       0.2188721       0.2791190       0.3499063       0.4311990       0.5223566       0.6220422       0.7281756       0.8379456       0.9478923       1.0540607       1.1522207       1.2381383       1.3078747       1.3580837       1.3862782       1.3910339       1.3721086       1.3304627       1.2681784       1.1882874       1.0945259       0.9910466       0.8821157       0.7718279       0.6638635       0.5613072       0.4665368       0.3811840       0.3061588       0.2417255       0.1876124       0.1431410       0.1073569       0.0791516       0.0573657       0.0408704       0.0286239       0.0197066       0.0133370       0.0088730       0.0058029       0.0037306       0.0023577       0.0014647       0.0008945       0.0005370       0.0003169       0.0001838       0.0001048       0.0000588       0.0000324       0.0000175       0.0000093       0.0000049       0.0000025       0.0000013       0.0000006       0.0000003       0.0000001       0.0000001       0.0000000       0.0000000       0.0000000       0.0000000       0.0000000       0.0000000       0.0000000       0.0000000       0.0000000       0.0000000       0.0000000       0.0000000       0.0000000       0.0000000       0.0000000       0.0000000       0.0000000       0.0000000       0.0000000       0.0000000       0.0000000       0.0000000       0.0000000       0.0000000       0.0000000       0.0000000       0.0000000       0.0000000       0.0000000       0.0000000       0.0000000       0.0000000       0.0000000       0.0000000       0.0000000       0.0000000       0.0000000       0.0000000       0.0000000       0.0000000       0.0000000       0.0000000       0.0000000       0.0000000       0.0000000       0.0000000
       0.0010829       0.0017555       0.0027982       0.0043855       0.0067581       0.0102398       0.0152553       0.0223469       0.0321866       0.0455825       0.0634724       0.0869031       0.1169903       0.1548561       0.2015445       0.2579154       0.3245246       0.4014967       0.4884051       0.5841742       0.6870187       0.7944354       0.9032597       1.0097889       1.1099733       1.1996605       1.2748767       1.3321156       1.3686097       1.3825513       1.3732412       1.3411469       1.2878635       1.2159823       1.1288822       1.0304666       0.9248753       0.8161996       0.7082287       0.6042471       0.5068969       0.4181081       0.3390951       0.2704073       0.2120211       0.1634571       0.1239061       0.0923518       0.0676802       0.0487688       0.0345531       0.0240711       0.0164880       0.0111046       0.0073537       0.0047882       0.0030655       0.0019297       0.0011944       0.0007269       0.0004350       0.0002559       0.0001480       0.0000842       0.0000471       0.0000259       0.0000140       0.0000074       0.0000039       0.0000020       0.0000010       0.0000005       0.0000002       0.0000001       0.0000001       0.0000000       0.0000000       0.0000000       0.0000000       0.0000000       0.0000000       0.0000000       0.0000000       0.0000000       0.0000000       0.0000000       0.0000000       0.0000000       0.0000000       0.0000000       0.0000000       0.0000000       0.0000000       0.0000000       0.0000000       0.0000000       0.0000000       0.0000000       0.0000000       0.0000000       0.0000000       0.0000000       0.0000000       0.0000000       0.0000000       0.0000000       0.0000000       0.0000000       0.0000000       0.0000000       0.0000000       0.0000000       0.0000000       0.0000000       0.0000000       0.0000000       0.0000000       0.0000000       0.0000000       0.0000000
       0.0009733       0.0015782       0.0025168       0.0039471       0.0060879       0.0092348       0.0137767       0.0202127       0.0291652       0.0413874       0.0577607       0.0792792       0.1070157       0.1420684       0.1854853       0.2381678       0.3007588       0.3735214       0.4562201       0.5480183       0.6474072       0.7521798       0.8594638       0.9658180       1.0673940       1.1601548       1.2401349       1.3037180       1.3479076       1.3705610       1.3705610       1.3479077       1.3037180       1.2401349       1.1601549       1.0673941       0.9658181       0.8594639       0.7521799       0.6474072       0.5480184       0.4562202       0.3735215       0.3007589       0.2381678       0.1854853       0.1420684       0.1070157       0.0792792       0.0577607       0.0413874       0.0291652       0.0202127       0.0137767       0.0092348       0.0060879       0.0039471       0.0025168       0.0015782       0.0009733       0.0005904       0.0003522       0.0002066       0.0001192       0.0000676       0.0000377       0.0000207       0.0000112       0.0000059       0.0000031       0.0000016       0.0000008       0.0000004       0.0000002       0.0000001       0.0000000       0.0000000       0.0000000       0.0000000       0.0000000       0.0000000       0.0000000       0.0000000       0.0000000       0.0000000       0.0000000       0.0000000       0.0000000       0.0000000       0.0000000       0.0000000       0.0000000       0.0000000       0.0000000       0.0000000       0.0000000       0.0000000       0.0000000       0.0000000       0.0000000       0.0000000       0.0000000       0.0000000       0.0000000       0.0000000       0.0000000       0.0000000       0.0000000       0.0000000       0.0000000       0.0000000       0.0000000       0.0000000       0.0000000       0.0000000       0.0000000       0.0000000       0.0000000       0.0000000       0.0000000
       0.0008749       0.0014190       0.0022638       0.0035527       0.0054844       0.0083284       0.0124408       0.0182808       0.0264241       0.0375716       0.0525505       0.0723021       0.0978549       0.1302779       0.1706145       0.2197951       0.2785334       0.3472111       0.4257619       0.5135668       0.6093744       0.7112600       0.8166381       0.9223332       1.0247149       1.1198897       1.2039389       1.2731825       1.3244448       1.3552958       1.3642416       1.3508449       1.3157600       1.2606801       1.1882015       1.1016212       1.0046886       0.9013380       0.7954280       0.6905117       0.5896554       0.4953161       0.4092829       0.3326763       0.2659972       0.2092133       0.1618670       0.1231926       0.0922291       0.0679216       0.0492045       0.0350638       0.0245794       0.0169488       0.0114965       0.0076709       0.0050348       0.0032507       0.0020646       0.0012899       0.0007927       0.0004792       0.0002850       0.0001667       0.0000959       0.0000543       0.0000302       0.0000166       0.0000089       0.0000047       0.0000025       0.0000013       0.0000006       0.0000003       0.0000002       0.0000001       0.0000000       0.0000000       0.0000000       0.0000000       0.0000000       0.0000000       0.0000000       0.0000000       0.0000000       0.0000000       0.0000000       0.0000000       0.0000000       0.0000000       0.0000000       0.0000000       0.0000000       0.0000000       0.0000000       0.0000000       0.0000000       0.0000000       0.0000000       0.0000000       0.0000000       0.0000000       0.0000000       0.0000000       0.0000000       0.0000000       0.0000000       0.0000000       0.0000000       0.0000000       0.0000000       0.0000000       0.0000000       0.0000000       0.0000000       0.0000000       0.0000000       0.0000000       0.0000000       0.0000000
       0.0007865       0.0012759       0.0020364       0.0031978       0.0049408       0.0075110       0.0112342       0.0165325       0.0239377       0.0341018       0.0477994       0.0659200       0.0894462       0.1194142       0.1568556       0.2027186       0.2577728       0.3225005       0.3969843       0.4808019       0.5729394       0.6717397       0.7748954       0.8794981       0.9821470       1.0791153       1.1665651       1.2407946       1.2984958       1.3369987       1.3544756       1.3500850       1.3240392       1.2775866       1.2129128       1.1329705       1.0412557       0.9415555       0.8376918       0.7332842       0.6315535       0.5351774       0.4462057       0.3660347       0.2954331       0.2346096       0.1833084       0.1409186       0.1065870       0.0793214       0.0580799       0.0418419       0.0296583       0.0206838       0.0141927       0.0095819       0.0063648       0.0041598       0.0026749       0.0016923       0.0010535       0.0006452       0.0003888       0.0002305       0.0001345       0.0000772       0.0000436       0.0000242       0.0000132       0.0000071       0.0000038       0.0000020       0.0000010       0.0000005       0.0000003       0.0000001       0.0000001       0.0000000       0.0000000       0.0000000       0.0000000       0.0000000       0.0000000       0.0000000       0.0000000       0.0000000       0.0000000       0.0000000       0.0000000       0.0000000       0.0000000       0.0000000       0.0000000       0.0000000       0.0000000       0.0000000       0.0000000       0.0000000       0.0000000       0.0000000       0.0000000       0.0000000       0.0000000       0.0000000       0.0000000       0.0000000       0.0000000       0.0000000       0.0000000       0.0000000       0.0000000       0.0000000       0.0000000       0.0000000       0.0000000       0.0000000       0.0000000       0.0000000       0.0000000       0.0000000
       0.0007071       0.0011473       0.0018319       0.0028786       0.0044513       0.0067738       0.0101442       0.0149502       0.0216829       0.0309475       0.0434684       0.0600846       0.0817320       0.1094110       0.1441354       0.1868616       0.2384019       0.2993226       0.3698363       0.4496967       0.5381087       0.6336661       0.7343296       0.8374556       0.9398806       1.0380631       1.1282750       1.2068306       1.2703338       1.3159201       1.3414711       1.3457776       1.3286342       1.2908557       1.2342131       1.1612954       1.0753144       0.9798697       0.8787015       0.7754514       0.6734540       0.5755743       0.4841000       0.4006903       0.3263795       0.2616236       0.2063817       0.1602159       0.1223997       0.0920227       0.0680847       0.0495730       0.0355206       0.0250470       0.0173808       0.0118693       0.0079767       0.0052754       0.0034335       0.0021991       0.0013861       0.0008598       0.0005249       0.0003153       0.0001864       0.0001084       0.0000621       0.0000350       0.0000194       0.0000106       0.0000057       0.0000030       0.0000016       0.0000008       0.0000004       0.0000002       0.0000001       0.0000000       0.0000000       0.0000000       0.0000000       0.0000000       0.0000000       0.0000000       0.0000000       0.0000000       0.0000000       0.0000000       0.0000000       0.0000000       0.0000000       0.0000000       0.0000000       0.0000000       0.0000000       0.0000000       0.0000000       0.0000000       0.0000000       0.0000000       0.0000000       0.0000000       0.0000000       0.0000000       0.0000000       0.0000000       0.0000000       0.0000000       0.0000000       0.0000000       0.0000000       0.0000000       0.0000000       0.0000000       0.0000000       0.0000000       0.0000000       0.0000000       0.0000000       0.0000000
       0.0006358       0.0010318       0.0016481       0.0025913       0.0040103       0.0061090       0.0091598       0.0135186       0.0196383       0.0280805       0.0395216       0.0547511       0.0746585       0.1002059       0.1323842       0.1721501       0.2203467       0.2776094       0.3442626       0.4202173       0.5048777       0.5970720       0.6950171       0.7963290       0.8980858       0.9969454       1.0893142       1.1715564       1.2402279       1.2923140       1.3254484       1.3380917       1.3296496       1.3005191       1.2520583       1.1864805       1.1066873       1.0160556       0.9182022       0.8167467       0.7150966       0.6162689       0.5227621       0.4364818       0.3587207       0.2901851       0.2310585       0.1810911       0.1397013       0.1060796       0.0792851       0.0583284       0.0422373       0.0301051       0.0211210       0.0145853       0.0099139       0.0066329       0.0043680       0.0028314       0.0018065       0.0011345       0.0007013       0.0004267       0.0002556       0.0001507       0.0000874       0.0000499       0.0000281       0.0000155       0.0000085       0.0000045       0.0000024       0.0000012       0.0000006       0.0000003       0.0000002       0.0000001       0.0000000       0.0000000       0.0000000       0.0000000       0.0000000       0.0000000       0.0000000       0.0000000       0.0000000       0.0000000       0.0000000       0.0000000       0.0000000       0.0000000       0.0000000       0.0000000       0.0000000       0.0000000       0.0000000       0.0000000       0.0000000       0.0000000       0.0000000       0.0000000       0.0000000       0.0000000       0.0000000       0.0000000       0.0000000       0.0000000       0.0000000       0.0000000       0.0000000       0.0000000       0.0000000       0.0000000       0.0000000       0.0000000       0.0000000       0.0000000       0.0000000       0.0000000
       0.0005717       0.0009279       0.0014828       0.0023328       0.0036132       0.0055094       0.0082706       0.0122232       0.0177847       0.0254753       0.0359260       0.0498783       0.0681756       0.0917403       0.1215361       0.1585130       0.2035347       0.2572919       0.3202050       0.3923233       0.4732323       0.5619772       0.6570180       0.7562230       0.8569130       0.9559555       1.0499117       1.1352253       1.2084410       1.2664353       1.3066363       1.3272128       1.3272128       1.3066363       1.2664353       1.2084411       1.1352253       1.0499118       0.9559556       0.8569131       0.7562231       0.6570180       0.5619773       0.4732324       0.3923234       0.3202050       0.2572920       0.2035347       0.1585130       0.1215361       0.0917403       0.0681756       0.0498783       0.0359260       0.0254754       0.0177847       0.0122232       0.0082706       0.0055094       0.0036132       0.0023328       0.0014828       0.0009279       0.0005717       0.0003467       0.0002071       0.0001217       0.0000704       0.0000401       0.0000225       0.0000124       0.0000068       0.0000036       0.0000019       0.0000010       0.0000005       0.0000003       0.0000001       0.0000001       0.0000000       0.0000000       0.0000000       0.0000000       0.0000000       0.0000000       0.0000000       0.0000000       0.0000000       0.0000000       0.0000000       0.0000000       0.0000000       0.0000000       0.0000000       0.0000000       0.0000000       0.0000000       0.0000000       0.0000000       0.0000000       0.0000000       0.0000000       0.0000000       0.0000000       0.0000000       0.0000000       0.0000000       0.0000000       0.0000000       0.0000000       0.0000000       0.0000000       0.0000000       0.0000000       0.0000000       0.0000000       0.0000000       0.0000000       0.0000000       0.0000000
       0.0005141       0.0008346       0.0013342       0.0021003       0.0032554       0.0049687       0.0074676       0.0110513       0.0161044       0.0231086       0.0326513       0.0454281       0.0622367       0.0839590       0.1115283       0.1458819       0.1878951       0.2383018       0.2976030       0.3659697       0.4431501       0.5283899       0.6203775       0.7172252       0.8164940       0.9152682       1.0102797       1.0980772       1.1752276       1.2385372       1.2852690       1.3133393       1.3214714       1.3092921       1.2773597       1.2271222       1.1608079       1.0812617       0.9917431       0.8957060       0.7965806       0.6975766       0.6015226       0.5107519       0.4270374       0.3515764       0.2850175       0.2275209       0.1788417       0.1384250       0.1055013       0.0791770       0.0585112       0.0425771       0.0305078       0.0215251       0.0149546       0.0102307       0.0068918       0.0045715       0.0029859       0.0019204       0.0012162       0.0007585       0.0004657       0.0002816       0.0001677       0.0000983       0.0000568       0.0000323       0.0000181       0.0000100       0.0000054       0.0000029       0.0000015       0.0000008       0.0000004       0.0000002       0.0000001       0.0000000       0.0000000       0.0000000       0.0000000       0.0000000       0.0000000       0.0000000       0.0000000       0.0000000       0.0000000       0.0000000       0.0000000       0.0000000       0.0000000       0.0000000       0.0000000       0.0000000       0.0000000       0.0000000       0.0000000       0.0000000       0.0000000       0.0000000       0.0000000       0.0000000       0.0000000       0.0000000       0.0000000       0.0000000       0.0000000       0.0000000       0.0000000       0.0000000       0.0000000       0.0000000       0.0000000       0.0000000       0.0000000       0.0000000       0.0000000       0.0000000
       0.0004623       0.0007507       0.0012006       0.0018909       0.0029332       0.0044811       0.0067424       0.0099912       0.0145816       0.0209589       0.0296696       0.0413652       0.0567987       0.0768106       0.1023019       0.1341917       0.1733594       0.2205712       0.2763948       0.3411070       0.4146016       0.4963078       0.5851278       0.6794072       0.7769430       0.8750398       0.9706131       1.0603375       1.1408322       1.2088686       1.2615837       1.2966796       1.3125896       1.3085939       1.2848738       1.2424981       1.1833430       1.1099546       1.0253672       0.9328961       0.8359241       0.7377004       0.6411695       0.5488395       0.4626979       0.3841752       0.3141527       0.2530067       0.2006794       0.1567665       0.1206100       0.0913888       0.0681997       0.0501247       0.0362828       0.0258660       0.0181609       0.0125581       0.0085525       0.0057364       0.0037894       0.0024653       0.0015796       0.0009968       0.0006195       0.0003792       0.0002286       0.0001357       0.0000794       0.0000457       0.0000259       0.0000145       0.0000080       0.0000043       0.0000023       0.0000012       0.0000006       0.0000003       0.0000002       0.0000001       0.0000000       0.0000000       0.0000000       0.0000000       0.0000000       0.0000000       0.0000000       0.0000000       0.0000000       0.0000000       0.0000000       0.0000000       0.0000000       0.0000000       0.0000000       0.0000000       0.0000000       0.0000000       0.0000000       0.0000000       0.0000000       0.0000000       0.0000000       0.0000000       0.0000000       0.0000000       0.0000000       0.0000000       0.0000000       0.0000000       0.0000000       0.0000000       0.0000000       0.0000000       0.0000000       0.0000000       0.0000000       0.0000000       0.0000000       0.0000000
       0.0004158       0.0006753       0.0010804       0.0017026       0.0026430       0.0040414       0.0060875       0.0090324       0.0132015       0.0190067       0.0269555       0.0376572       0.0518213       0.0702470       0.0938009       0.1233802       0.1598614       0.2040333       0.2565180       0.3176830       0.3875517       0.4657199       0.5512889       0.6428256       0.7383572       0.8354092       0.9310895       1.0222168       1.1054880       1.1776723       1.2358175       1.2774491       1.3007454       1.3046692       1.2890447       1.2545701       1.2027664       1.1358660       1.0566528       0.9682711       0.8740193       0.7771494       0.6806869       0.5872861       0.4991275       0.4178618       0.3445984       0.2799325       0.2240024       0.1765678       0.1370976       0.1048594       0.0790032       0.0586329       0.0428644       0.0308683       0.0218971       0.0153011       0.0105321       0.0071411       0.0047696       0.0031380       0.0020337       0.0012983       0.0008164       0.0005057       0.0003086       0.0001855       0.0001098       0.0000641       0.0000368       0.0000208       0.0000116       0.0000064       0.0000034       0.0000018       0.0000010       0.0000005       0.0000003       0.0000001       0.0000001       0.0000000       0.0000000       0.0000000       0.0000000       0.0000000       0.0000000       0.0000000       0.0000000       0.0000000       0.0000000       0.0000000       0.0000000       0.0000000       0.0000000       0.0000000       0.0000000       0.0000000       0.0000000       0.0000000       0.0000000       0.0000000       0.0000000       0.0000000       0.0000000       0.0000000       0.0000000       0.0000000       0.0000000       0.0000000       0.0000000       0.0000000       0.0000000       0.0000000       0.0000000       0.0000000       0.0000000       0.0000000       0.0000000       0.0000000
       0.0003740       0.0006075       0.0009723       0.0015330       0.0023815       0.0036449       0.0054961       0.0081651       0.0119511       0.0172341       0.0244855       0.0342741       0.0472674       0.0642234       0.0859731       0.1133885       0.1473373       0.1886227       0.2379097       0.2956432       0.3619602       0.4366073       0.5188700       0.6075238       0.7008182       0.7964981       0.8918697       0.9839099       1.0694156       1.1451833       1.2082055       1.2558676       1.2861280       1.2976627       1.2899615       1.2633653       1.2190414       1.1588980       1.0854486       1.0016376       0.9106453       0.8156900       0.7198439       0.6258767       0.5361380       0.4524823       0.3762391       0.3082220       0.2487714       0.1978220       0.1549837       0.1196286       0.0909748       0.0681623       0.0503159       0.0365934       0.0262203       0.0185102       0.0128742       0.0088220       0.0059560       0.0039616       0.0025962       0.0016762       0.0010663       0.0006682       0.0004126       0.0002510       0.0001504       0.0000888       0.0000517       0.0000296       0.0000167       0.0000093       0.0000051       0.0000028       0.0000015       0.0000008       0.0000004       0.0000002       0.0000001       0.0000001       0.0000000       0.0000000       0.0000000       0.0000000       0.0000000       0.0000000       0.0000000       0.0000000       0.0000000       0.0000000       0.0000000       0.0000000       0.0000000       0.0000000       0.0000000       0.0000000       0.0000000       0.0000000       0.0000000       0.0000000       0.0000000       0.0000000       0.0000000       0.0000000       0.0000000       0.0000000       0.0000000       0.0000000       0.0000000       0.0000000       0.0000000       0.0000000       0.0000000       0.0000000       0.0000000       0.0000000       0.0000000       0.0000000
       0.0003364       0.0005466       0.0008750       0.0013804       0.0021459       0.0032872       0.0049620       0.0073807       0.0108182       0.0156250       0.0222383       0.0311885       0.0431025       0.0586979       0.0787691       0.1041605       0.1357261       0.1742758       0.2205078       0.2749313       0.3377830       0.4089448       0.4878708       0.5735329       0.6643932       0.7584123       0.8530978       0.9455960       1.0328226       1.1116272       1.1789785       1.2321567       1.2689348       1.2877335       1.2877335       1.2689348       1.2321567       1.1789786       1.1116272       1.0328227       0.9455961       0.8530979       0.7584124       0.6643933       0.5735330       0.4878709       0.4089448       0.3377830       0.2749314       0.2205078       0.1742758       0.1357261       0.1041605       0.0787692       0.0586979       0.0431025       0.0311885       0.0222383       0.0156250       0.0108182       0.0073807       0.0049620       0.0032872       0.0021459       0.0013804       0.0008750       0.0005466       0.0003364       0.0002041       0.0001220       0.0000718       0.0000417       0.0000238       0.0000134       0.0000075       0.0000041       0.0000022       0.0000012       0.0000006       0.0000003       0.0000002       0.0000001       0.0000000       0.0000000       0.0000000       0.0000000       0.0000000       0.0000000       0.0000000       0.0000000       0.0000000       0.0000000       0.0000000       0.0000000       0.0000000       0.0000000       0.0000000       0.0000000       0.0000000       0.0000000       0.0000000       0.0000000       0.0000000       0.0000000       0.0000000       0.0000000       0.0000000       0.0000000       0.0000000       0.0000000       0.0000000       0.0000000       0.0000000       0.0000000       0.0000000       0.0000000       0.0000000       0.0000000       0.0000000       0.0000000
       0.0003026       0.0004918       0.0007876       0.0012431       0.0019338       0.0029647       0.0044798       0.0066714       0.0097919       0.0141646       0.0201942       0.0283750       0.0392948       0.0536316       0.0721429       0.0956434       0.1249693       0.1609309       0.2042505       0.2554903       0.3149729       0.3827010       0.4582829       0.5408729       0.6291358       0.7212422       0.8149022       0.9074389       0.9959026       1.0772189       1.1483614       1.2065375       1.2493688       1.2750524       1.2824871       1.2713513       1.2421261       1.1960612       1.1350858       1.0616749       0.9786829       0.8891603       0.7961697       0.7026173       0.6111103       0.5238513       0.4425720       0.3685084       0.3024117       0.2445892       0.1949681       0.1531713       0.1185984       0.0905040       0.0680682       0.0504555       0.0368604       0.0265399       0.0188333       0.0131717       0.0090791       0.0061678       0.0041296       0.0027251       0.0017723       0.0011360       0.0007176       0.0004468       0.0002742       0.0001658       0.0000988       0.0000581       0.0000336       0.0000192       0.0000108       0.0000060       0.0000033       0.0000018       0.0000009       0.0000005       0.0000003       0.0000001       0.0000001       0.0000000       0.0000000       0.0000000       0.0000000       0.0000000       0.0000000       0.0000000       0.0000000       0.0000000       0.0000000       0.0000000       0.0000000       0.0000000       0.0000000       0.0000000       0.0000000       0.0000000       0.0000000       0.0000000       0.0000000       0.0000000       0.0000000       0.0000000       0.0000000       0.0000000       0.0000000       0.0000000       0.0000000       0.0000000       0.0000000       0.0000000       0.0000000       0.0000000       0.0000000       0.0000000       0.0000000       0.0000000
       0.0002723       0.0004425       0.0007089       0.0011195       0.0017426       0.0026739       0.0040444       0.0060300       0.0088623       0.0128392       0.0183352       0.0258104       0.0358149       0.0489883       0.0660513       0.0877871       0.1150112       0.1485285       0.1890773       0.2372626       0.2934805       0.3578404       0.4300903       0.5095538       0.5950872       0.6850642       0.7773956       0.8695869       0.9588354       1.0421621       1.1165717       1.1792289       1.2276363       1.2597996       1.2743636       1.2707069       1.2489860       1.2101240       1.1557458       1.0880651       1.0097355       0.9236777       0.8329011       0.7403321       0.6486641       0.5602389       0.4769653       0.4002768       0.3311267       0.2700152       0.2170413       0.1719715       0.1343170       0.1034107       0.0784802       0.0587104       0.0432942       0.0314706       0.0225497       0.0159270       0.0110890       0.0076104       0.0051485       0.0034333       0.0022569       0.0014624       0.0009341       0.0005881       0.0003650       0.0002233       0.0001347       0.0000801       0.0000469       0.0000271       0.0000154       0.0000087       0.0000048       0.0000026       0.0000014       0.0000007       0.0000004       0.0000002       0.0000001       0.0000001       0.0000000       0.0000000       0.0000000       0.0000000       0.0000000       0.0000000       0.0000000       0.0000000       0.0000000       0.0000000       0.0000000       0.0000000       0.0000000       0.0000000       0.0000000       0.0000000       0.0000000       0.0000000       0.0000000       0.0000000       0.0000000       0.0000000       0.0000000       0.0000000       0.0000000       0.0000000       0.0000000       0.0000000       0.0000000       0.0000000       0.0000000       0.0000000       0.0000000       0.0000000       0.0000000       0.0000000
       0.0002450       0.0003982       0.0006381       0.0010082       0.0015704       0.0024116       0.0036512       0.0054501       0.0080205       0.0116366       0.0166450       0.0234732       0.0326356       0.0447345       0.0604539       0.0805448       0.1057989       0.1370113       0.1749292       0.2201910       0.2732547       0.3343234       0.4032710       0.4795769       0.5622773       0.6499410       0.7406761       0.8321732       0.9217863       1.0066483       1.0838179       1.1504452       1.2039449       1.2421622       1.2635169       1.2671116       1.2527941       1.2211685       1.1735525       1.1118866       1.0386028       0.9564660       0.8684017       0.7773253       0.6859872       0.5968432       0.5119594       0.4329541       0.3609767       0.2967206       0.2404624       0.1921222       0.1513349       0.1175254       0.0899819       0.0679219       0.0505470       0.0370862       0.0268263       0.0191311       0.0134508       0.0093237       0.0063718       0.0042930       0.0028517       0.0018675       0.0012058       0.0007675       0.0004817       0.0002980       0.0001818       0.0001093       0.0000648       0.0000379       0.0000218       0.0000124       0.0000069       0.0000038       0.0000021       0.0000011       0.0000006       0.0000003       0.0000002       0.0000001       0.0000000       0.0000000       0.0000000       0.0000000       0.0000000       0.0000000       0.0000000       0.0000000       0.0000000       0.0000000       0.0000000       0.0000000       0.0000000       0.0000000       0.0000000       0.0000000       0.0000000       0.0000000       0.0000000       0.0000000       0.0000000       0.0000000       0.0000000       0.0000000       0.0000000       0.0000000       0.0000000       0.0000000       0.0000000       0.0000000       0.0000000       0.0000000       0.0000000       0.0000000       0.0000000       0.0000000
       0.0002204       0.0003583       0.0005744       0.0009080       0.0014152       0.0021751       0.0032962       0.0049257       0.0072580       0.0105456       0.0151085       0.0213438       0.0297320       0.0408391       0.0553131       0.0738721       0.0972823       0.1263243       0.1617486       0.2042183       0.2542431       0.3121073       0.3777974       0.4509356       0.5307260       0.6159232       0.7048279       0.7953166       0.8849063       0.9708563       1.0502990       1.1203953       1.1785011       1.2223317       1.2501108       1.2606900       1.2536273       1.2292181       1.1884743       1.1330551       1.0651545       0.9873578       0.9024785       0.8133913       0.7228739       0.6334698       0.5473809       0.4663948       0.3918485       0.3246258       0.2651845       0.2136061       0.1696600       0.1328758       0.1026154       0.0781411       0.0586741       0.0434425       0.0317163       0.0228324       0.0162076       0.0113446       0.0078299       0.0053288       0.0035760       0.0023663       0.0015440       0.0009934       0.0006302       0.0003942       0.0002432       0.0001479       0.0000887       0.0000525       0.0000306       0.0000176       0.0000100       0.0000056       0.0000031       0.0000017       0.0000009       0.0000005       0.0000002       0.0000001       0.0000001       0.0000000       0.0000000       0.0000000       0.0000000       0.0000000       0.0000000       0.0000000       0.0000000       0.0000000       0.0000000       0.0000000       0.0000000       0.0000000       0.0000000       0.0000000       0.0000000       0.0000000       0.0000000       0.0000000       0.0000000       0.0000000       0.0000000       0.0000000       0.0000000       0.0000000       0.0000000       0.0000000       0.0000000       0.0000000       0.0000000       0.0000000       0.0000000       0.0000000       0.0000000       0.0000000
       0.0001983       0.0003225       0.0005171       0.0008178       0.0012754       0.0019617       0.0029757       0.0044516       0.0065677       0.0095559       0.0137120       0.0194043       0.0270809       0.0372731       0.0505938       0.0677277       0.0894136       0.1164150       0.1494799       0.1892886       0.2363929       0.2911471       0.3536377       0.4236165       0.5004437       0.5830500       0.6699224       0.7591215       0.8483328       0.9349520       1.0162031       1.0892808       1.1515090       1.2005022       1.2343169       1.2515798       1.2515798       1.2343170       1.2005022       1.1515091       1.0892809       1.0162032       0.9349521       0.8483329       0.7591216       0.6699225       0.5830501       0.5004438       0.4236165       0.3536378       0.2911471       0.2363929       0.1892887       0.1494799       0.1164151       0.0894136       0.0677277       0.0505938       0.0372732       0.0270809       0.0194043       0.0137120       0.0095559       0.0065677       0.0044516       0.0029757       0.0019617       0.0012754       0.0008178       0.0005171       0.0003225       0.0001983       0.0001203       0.0000720       0.0000424       0.0000247       0.0000142       0.0000080       0.0000045       0.0000025       0.0000013       0.0000007       0.0000004       0.0000002       0.0000001       0.0000001       0.0000000       0.0000000       0.0000000       0.0000000       0.0000000       0.0000000       0.0000000       0.0000000       0.0000000       0.0000000       0.0000000       0.0000000       0.0000000       0.0000000       0.0000000       0.0000000       0.0000000       0.0000000       0.0000000       0.0000000       0.0000000       0.0000000       0.0000000       0.0000000       0.0000000       0.0000000       0.0000000       0.0000000       0.0000000       0.0000000       0.0000000       0.0000000       0.0000000       0.0000000
       0.0001785       0.0002902       0.0004655       0.0007366       0.0011495       0.0017693       0.0026864       0.0040231       0.0059426       0.0086583       0.0124430       0.0176381       0.0246611       0.0340100       0.0462633       0.0620726       0.0821481       0.1072334       0.1380692       0.1753468       0.2196511       0.2713960       0.3307561       0.3976003       0.4714329       0.5513503       0.6360184       0.7236793       0.8121889       0.8990883       0.9817075       1.0572952       1.1231683       1.1768682       1.2163126       1.2399296       1.2467612       1.2365279       1.2096479       1.1672086       1.1108934       1.0428713       0.9656582       0.8819635       0.7945334       0.7060056       0.6187832       0.5349379       0.4561447       0.3836509       0.3182763       0.2604395       0.2102053       0.1673459       0.1314077       0.1017796       0.0777563       0.0585928       0.0435500       0.0319276       0.0230876       0.0164674       0.0115853       0.0080394       0.0055026       0.0037150       0.0024739       0.0016249       0.0010527       0.0006727       0.0004240       0.0002636       0.0001617       0.0000978       0.0000583       0.0000343       0.0000199       0.0000114       0.0000064       0.0000036       0.0000020       0.0000011       0.0000006       0.0000003       0.0000002       0.0000001       0.0000000       0.0000000       0.0000000       0.0000000       0.0000000       0.0000000       0.0000000       0.0000000       0.0000000       0.0000000       0.0000000       0.0000000       0.0000000       0.0000000       0.0000000       0.0000000       0.0000000       0.0000000       0.0000000       0.0000000       0.0000000       0.0000000       0.0000000       0.0000000       0.0000000       0.0000000       0.0000000       0.0000000       0.0000000       0.0000000       0.0000000       0.0000000       0.0000000       0.0000000
       0.0001606       0.0002612       0.0004191       0.0006634       0.0010360       0.0015958       0.0024251       0.0036356       0.0053767       0.0078444       0.0112901       0.0160301       0.0224531       0.0310251       0.0422912       0.0568704       0.0754435       0.0987317       0.1274648       0.1623393       0.2039652       0.2528062       0.3091140       0.3728626       0.4436887       0.5208433       0.6031635       0.6890684       0.7765848       0.8634052       0.9469775       1.0246227       1.0936731       1.1516230       1.1962788       1.2258963       1.2392940       1.2359309       1.2159433       1.1801350       1.1299242       1.0672501       0.9944487       0.9141086       0.8289197       0.7415260       0.6543944       0.5697076       0.4892871       0.4145479       0.3464854       0.2856896       0.2323824       0.1864710       0.1476109       0.1152723       0.0888037       0.0674894       0.0505988       0.0374234       0.0273053       0.0196539       0.0139556       0.0097758       0.0067554       0.0046052       0.0030970       0.0020547       0.0013448       0.0008682       0.0005530       0.0003475       0.0002154       0.0001317       0.0000795       0.0000473       0.0000278       0.0000161       0.0000092       0.0000052       0.0000029       0.0000016       0.0000009       0.0000005       0.0000002       0.0000001       0.0000001       0.0000000       0.0000000       0.0000000       0.0000000       0.0000000       0.0000000       0.0000000       0.0000000       0.0000000       0.0000000       0.0000000       0.0000000       0.0000000       0.0000000       0.0000000       0.0000000       0.0000000       0.0000000       0.0000000       0.0000000       0.0000000       0.0000000       0.0000000       0.0000000       0.0000000       0.0000000       0.0000000       0.0000000       0.0000000       0.0000000       0.0000000       0.0000000       0.0000000
       0.0001445       0.0002351       0.0003774       0.0005976       0.0009337       0.0014394       0.0021893       0.0032854       0.0048644       0.0071063       0.0102428       0.0145665       0.0204388       0.0282956       0.0386495       0.0520872       0.0692599       0.0908647       0.1176173       0.1502138       0.1892828       0.2353289       0.2886703       0.3493749       0.4171996       0.4915400       0.5713951       0.6553555       0.7416176       0.8280295       0.9121669       0.9914379       1.0632109       1.1249573       1.1743982       1.2096436       1.2293122       1.2326212       1.2194382       1.1902897       1.1463264       1.0892475       1.0211924       0.9446073       0.8621001       0.7762951       0.6896976       0.6045792       0.5228902       0.4462009       0.3756757       0.3120747       0.2557800       0.2068414       0.1650330       0.1299173       0.1009081       0.0773299       0.0584699       0.0436193       0.0321062       0.0233164       0.0167069       0.0118112       0.0082386       0.0056699       0.0038500       0.0025794       0.0017050       0.0011120       0.0007155       0.0004543       0.0002846       0.0001759       0.0001073       0.0000645       0.0000383       0.0000224       0.0000130       0.0000074       0.0000042       0.0000023       0.0000013       0.0000007       0.0000004       0.0000002       0.0000001       0.0000001       0.0000000       0.0000000       0.0000000       0.0000000       0.0000000       0.0000000       0.0000000       0.0000000       0.0000000       0.0000000       0.0000000       0.0000000       0.0000000       0.0000000       0.0000000       0.0000000       0.0000000       0.0000000       0.0000000       0.0000000       0.0000000       0.0000000       0.0000000       0.0000000       0.0000000       0.0000000       0.0000000       0.0000000       0.0000000       0.0000000       0.0000000       0.0000000
       0.0001301       0.0002117       0.0003398       0.0005383       0.0008416       0.0012983       0.0019763       0.0029688       0.0044007       0.0064372       0.0092916       0.0132346       0.0186018       0.0258003       0.0353118       0.0476913       0.0635599       0.0835896       0.1084790       0.1389199       0.1755528       0.2189152       0.2693823       0.3271047       0.3919489       0.4634436       0.5407407       0.6225957       0.7073722       0.7930757       0.8774171       0.9579049       1.0319614       1.0970574       1.1508535       1.1913396       1.2169588       1.2267074       1.2201997       1.1976934       1.1600727       1.1087906       1.0457761       0.9733133       0.8939051       0.8101306       0.7245084       0.6393764       0.5567941       0.4784730       0.4057374       0.3395138       0.2803462       0.2284319       0.1836723       0.1457321       0.1141016       0.0881562       0.0672108       0.0505650       0.0375393       0.0275008       0.0198807       0.0141821       0.0099834       0.0069348       0.0047536       0.0032154       0.0021462       0.0014136       0.0009188       0.0005893       0.0003729       0.0002329       0.0001435       0.0000873       0.0000524       0.0000310       0.0000181       0.0000105       0.0000059       0.0000033       0.0000019       0.0000010       0.0000005       0.0000003       0.0000002       0.0000001       0.0000000       0.0000000       0.0000000       0.0000000       0.0000000       0.0000000       0.0000000       0.0000000       0.0000000       0.0000000       0.0000000       0.0000000       0.0000000       0.0000000       0.0000000       0.0000000       0.0000000       0.0000000       0.0000000       0.0000000       0.0000000       0.0000000       0.0000000       0.0000000       0.0000000       0.0000000       0.0000000       0.0000000       0.0000000       0.0000000       0.0000000       0.0000000
       0.0001171       0.0001905       0.0003060       0.0004849       0.0007585       0.0011710       0.0017841       0.0026826       0.0039810       0.0058306       0.0084278       0.0120227       0.0169269       0.0235200       0.0322540       0.0436530       0.0583084       0.0768658       0.1000049       0.1284089       0.1627250       0.2035163       0.2512057       0.3060170       0.3679147       0.4365504       0.5112192       0.5908342       0.6739220       0.7586461       0.8428581       0.9241772       1.0000959       1.0681043       1.1258260       1.1711553       1.2023843       1.2183097       1.2183097       1.2023843       1.1711553       1.1258261       1.0681044       1.0000960       0.9241773       0.8428581       0.7586462       0.6739221       0.5908343       0.5112193       0.4365505       0.3679148       0.3060171       0.2512058       0.2035163       0.1627250       0.1284089       0.1000050       0.0768659       0.0583084       0.0436530       0.0322540       0.0235200       0.0169269       0.0120227       0.0084278       0.0058306       0.0039810       0.0026826       0.0017841       0.0011710       0.0007585       0.0004849       0.0003060       0.0001905       0.0001171       0.0000710       0.0000425       0.0000251       0.0000146       0.0000084       0.0000048       0.0000027       0.0000015       0.0000008       0.0000004       0.0000002       0.0000001       0.0000001       0.0000000       0.0000000       0.0000000       0.0000000       0.0000000       0.0000000       0.0000000       0.0000000       0.0000000       0.0000000       0.0000000       0.0000000       0.0000000       0.0000000       0.0000000       0.0000000       0.0000000       0.0000000       0.0000000       0.0000000       0.0000000       0.0000000       0.0000000       0.0000000       0.0000000       0.0000000       0.0000000       0.0000000       0.0000000       0.0000000       0.0000000
       0.0001054       0.0001715       0.0002755       0.0004369       0.0006837       0.0010562       0.0016105       0.0024240       0.0036011       0.0052807       0.0076435       0.0109203       0.0154001       0.0214367       0.0294535       0.0399449       0.0534725       0.0706553       0.0921519       0.1186340       0.1507505       0.1890835       0.2340957       0.2860742       0.3450713       0.4108508       0.4828416       0.5601060       0.6413291       0.7248310       0.8086075       0.8903973       0.9677764       1.0382726       1.0994939       1.1492630       1.1857445       1.2075579       1.2138636       1.2044173       1.1795848       1.1403194       1.0881004       1.0248411       0.9527725       0.8743132       0.7919358       0.7080404       0.6248435       0.5442890       0.4679862       0.3971747       0.3327172       0.2751149       0.2245422       0.1808952       0.1438472       0.1129069       0.0874752       0.0668951       0.0504951       0.0376226       0.0276690       0.0200856       0.0143919       0.0101789       0.0071060       0.0048966       0.0033305       0.0022360       0.0014818       0.0009692       0.0006258       0.0003988       0.0002509       0.0001558       0.0000955       0.0000578       0.0000345       0.0000203       0.0000118       0.0000068       0.0000038       0.0000022       0.0000012       0.0000006       0.0000003       0.0000002       0.0000001       0.0000001       0.0000000       0.0000000       0.0000000       0.0000000       0.0000000       0.0000000       0.0000000       0.0000000       0.0000000       0.0000000       0.0000000       0.0000000       0.0000000       0.0000000       0.0000000       0.0000000       0.0000000       0.0000000       0.0000000       0.0000000       0.0000000       0.0000000       0.0000000       0.0000000       0.0000000       0.0000000       0.0000000       0.0000000       0.0000000       0.0000000
       0.0000949       0.0001544       0.0002481       0.0003936       0.0006163       0.0009527       0.0014539       0.0021902       0.0032574       0.0047824       0.0069315       0.0099177       0.0140087       0.0195340       0.0268897       0.0365414       0.0490215       0.0649220       0.0848791       0.1095502       0.1395818       0.1755690       0.2180070       0.2672369       0.3233894       0.3863301       0.4556115       0.5304377       0.6096455       0.6917097       0.7747717       0.8566967       0.9351555       1.0077295       1.0720315       1.1258345       1.1671992       1.1945898       1.2069689       1.2038622       1.1853890       1.1522545       1.1057052       1.0474510       0.9795611       0.9043421       0.8242091       0.7415586       0.6586534       0.5775264       0.4999081       0.4271810       0.3603604       0.3000998       0.2467162       0.2002318       0.1604250       0.1268862       0.0990741       0.0763676       0.0581114       0.0436534       0.0323726       0.0236995       0.0171280       0.0122201       0.0086069       0.0059845       0.0041078       0.0027835       0.0018620       0.0012296       0.0008016       0.0005159       0.0003278       0.0002056       0.0001273       0.0000778       0.0000469       0.0000280       0.0000164       0.0000095       0.0000055       0.0000031       0.0000017       0.0000010       0.0000005       0.0000003       0.0000001       0.0000001       0.0000000       0.0000000       0.0000000       0.0000000       0.0000000       0.0000000       0.0000000       0.0000000       0.0000000       0.0000000       0.0000000       0.0000000       0.0000000       0.0000000       0.0000000       0.0000000       0.0000000       0.0000000       0.0000000       0.0000000       0.0000000       0.0000000       0.0000000       0.0000000       0.0000000       0.0000000       0.0000000       0.0000000       0.0000000       0.0000000
       0.0000854       0.0001390       0.0002235       0.0003546       0.0005555       0.0008593       0.0013124       0.0019790       0.0029463       0.0043308       0.0062852       0.0090060       0.0127410       0.0177967       0.0245433       0.0334186       0.0449266       0.0596321       0.0781478       0.1011147       0.1291731       0.1629260       0.2028940       0.2494645       0.3028368       0.3629687       0.4295267       0.5018474       0.5789136       0.6593505       0.7414459       0.8231958       0.9023756       0.9766345       1.0436077       1.1010399       1.1469101       1.1795496       1.1977428       1.2008022       1.1886114       1.1616328       1.1208780       1.0678454       1.0044282       0.9328031       0.8553061       0.7743080       0.6920961       0.6107727       0.5321736       0.4578124       0.3888502       0.3260901       0.2699936       0.2207140       0.1781422       0.1419594       0.1116920       0.0867642       0.0665457       0.0503917       0.0376755       0.0278112       0.0202694       0.0145855       0.0103625       0.0072689       0.0050342       0.0034423       0.0023240       0.0015491       0.0010195       0.0006625       0.0004250       0.0002692       0.0001684       0.0001039       0.0000634       0.0000381       0.0000227       0.0000133       0.0000077       0.0000044       0.0000025       0.0000014       0.0000008       0.0000004       0.0000002       0.0000001       0.0000001       0.0000000       0.0000000       0.0000000       0.0000000       0.0000000       0.0000000       0.0000000       0.0000000       0.0000000       0.0000000       0.0000000       0.0000000       0.0000000       0.0000000       0.0000000       0.0000000       0.0000000       0.0000000       0.0000000       0.0000000       0.0000000       0.0000000       0.0000000       0.0000000       0.0000000       0.0000000       0.0000000       0.0000000       0.0000000
       0.0000769       0.0001252       0.0002012       0.0003195       0.0005008       0.0007751       0.0011847       0.0017881       0.0026648       0.0039215       0.0056986       0.0081770       0.0115862       0.0162108       0.0223966       0.0305545       0.0411611       0.0547538       0.0719214       0.0932864       0.1194800       0.1511085       0.1887116       0.2327154       0.2833792       0.3407432       0.4045787       0.4743461       0.5491666       0.6278117       0.7087143       0.7900042       0.8695692       0.9451383       1.0143855       1.0750465       1.1250398       1.1625859       1.1863113       1.1953326       1.1893108       1.1684724       1.1335953       1.0859606       1.0272747       0.9595677       0.8850771       0.8061263       0.7250059       0.6438675       0.5646352       0.4889403       0.4180809       0.3530053       0.2943192       0.2423106       0.1969893       0.1581356       0.1253525       0.0981189       0.0758384       0.0578818       0.0436225       0.0324636       0.0238561       0.0173108       0.0124037       0.0087762       0.0061316       0.0042302       0.0028818       0.0019385       0.0012877       0.0008446       0.0005471       0.0003499       0.0002210       0.0001378       0.0000849       0.0000516       0.0000310       0.0000184       0.0000108       0.0000062       0.0000035       0.0000020       0.0000011       0.0000006       0.0000003       0.0000002       0.0000001       0.0000000       0.0000000       0.0000000       0.0000000       0.0000000       0.0000000       0.0000000       0.0000000       0.0000000       0.0000000       0.0000000       0.0000000       0.0000000       0.0000000       0.0000000       0.0000000       0.0000000       0.0000000       0.0000000       0.0000000       0.0000000       0.0000000       0.0000000       0.0000000       0.0000000       0.0000000       0.0000000       0.0000000       0.0000000
       0.0000692       0.0001127       0.0001813       0.0002878       0.0004514       0.0006992       0.0010695       0.0016155       0.0024101       0.0035507       0.0051663       0.0074235       0.0105345       0.0147635       0.0204331       0.0279287       0.0376998       0.0502573       0.0661652       0.0860265       0.1104602       0.1400718       0.1754151       0.2169474       0.2649802       0.3196272       0.3807546       0.4479382       0.5204299       0.5971421       0.6766507       0.7572210       0.8368587       0.9133829       0.9845210       1.0480171       1.1017501       1.1438502       1.1728069       1.1875590       1.1875590       1.1728070       1.1438503       1.1017502       1.0480172       0.9845211       0.9133830       0.8368588       0.7572211       0.6766508       0.5971422       0.5204300       0.4479382       0.3807547       0.3196272       0.2649803       0.2169475       0.1754151       0.1400718       0.1104602       0.0860265       0.0661653       0.0502573       0.0376998       0.0279287       0.0204331       0.0147635       0.0105345       0.0074235       0.0051663       0.0035507       0.0024101       0.0016155       0.0010695       0.0006992       0.0004514       0.0002878       0.0001813       0.0001127       0.0000692       0.0000420       0.0000252       0.0000149       0.0000087       0.0000050       0.0000029       0.0000016       0.0000009       0.0000005       0.0000003       0.0000001       0.0000001       0.0000000       0.0000000       0.0000000       0.0000000       0.0000000       0.0000000       0.0000000       0.0000000       0.0000000       0.0000000       0.0000000       0.0000000       0.0000000       0.0000000       0.0000000       0.0000000       0.0000000       0.0000000       0.0000000       0.0000000       0.0000000       0.0000000       0.0000000       0.0000000       0.0000000       0.0000000       0.0000000       0.0000000
       0.0000623       0.0001015       0.0001633       0.0002594       0.0004069       0.0006307       0.0009654       0.0014596       0.0021796       0.0032148       0.0046833       0.0067387       0.0095769       0.0134430       0.0186378       0.0255222       0.0345196       0.0461147       0.0608468       0.0792978       0.1020727       0.1297727       0.1629604       0.2021184       0.2476024       0.2995910       0.3580369       0.4226218       0.4927210       0.5673816       0.6453191       0.7249347       0.8043561       0.8815011       0.9541626       1.0201101       1.0772010       1.1234959       1.1573677       1.1775958       1.1834400       1.1746846       1.1516523       1.1151841       1.0665883       1.0075628       0.9400967       0.8663592       0.7885850       0.7089639       0.6295421       0.5521416       0.4783010       0.4092391       0.3458423       0.2886716       0.2379880       0.1937900       0.1558592       0.1238109       0.0971427       0.0752812       0.0576220       0.0435627       0.0325287       0.0239907       0.0174761       0.0125739       0.0089356       0.0062719       0.0043481       0.0029773       0.0020136       0.0013451       0.0008875       0.0005783       0.0003723       0.0002367       0.0001486       0.0000922       0.0000565       0.0000342       0.0000204       0.0000120       0.0000070       0.0000040       0.0000023       0.0000013       0.0000007       0.0000004       0.0000002       0.0000001       0.0000001       0.0000000       0.0000000       0.0000000       0.0000000       0.0000000       0.0000000       0.0000000       0.0000000       0.0000000       0.0000000       0.0000000       0.0000000       0.0000000       0.0000000       0.0000000       0.0000000       0.0000000       0.0000000       0.0000000       0.0000000       0.0000000       0.0000000       0.0000000       0.0000000       0.0000000       0.0000000       0.0000000
       0.0000561       0.0000914       0.0001471       0.0002337       0.0003669       0.0005689       0.0008715       0.0013187       0.0019711       0.0029105       0.0042451       0.0061163       0.0087050       0.0122385       0.0169967       0.0233173       0.0315988       0.0422999       0.0559353       0.0730653       0.0942787       0.1201694       0.1513045       0.1881861       0.2312071       0.2806031       0.3364044       0.3983901       0.4660506       0.5385617       0.6147742       0.6932240       0.7721635       0.8496160       0.9234511       0.9914775       1.0515493       1.1016766       1.1401353       1.1655648       1.1770481       1.1741667       1.1570259       1.1262483       1.0829366       1.0286074       0.9651037       0.8944913       0.8189475       0.7406512       0.6616817       0.5839321       0.5090416       0.4383510       0.3728795       0.3133233       0.2600727       0.2132429       0.1727158       0.1381871       0.1092145       0.0852651       0.0657567       0.0500941       0.0376973       0.0280228       0.0205775       0.0149262       0.0106951       0.0075700       0.0052928       0.0036556       0.0024940       0.0016808       0.0011190       0.0007359       0.0004780       0.0003068       0.0001945       0.0001218       0.0000753       0.0000460       0.0000278       0.0000166       0.0000098       0.0000057       0.0000033       0.0000019       0.0000010       0.0000006       0.0000003       0.0000002       0.0000001       0.0000000       0.0000000       0.0000000       0.0000000       0.0000000       0.0000000       0.0000000       0.0000000       0.0000000       0.0000000       0.0000000       0.0000000       0.0000000       0.0000000       0.0000000       0.0000000       0.0000000       0.0000000       0.0000000       0.0000000       0.0000000       0.0000000       0.0000000       0.0000000       0.0000000       0.0000000       0.0000000
       0.0000505       0.0000823       0.0001325       0.0002106       0.0003307       0.0005132       0.0007867       0.0011914       0.0017825       0.0026348       0.0038476       0.0055508       0.0079115       0.0111401       0.0154970       0.0212979       0.0289172       0.0387886       0.0514021       0.0672957       0.0870409       0.1112214       0.1404053       0.1751087       0.2157552       0.2626301       0.3158327       0.3752313       0.4404235       0.5107065       0.5850618       0.6621577       0.7403731       0.8178418       0.8925188       0.9622654       1.0249479       1.0785447       1.1212539       1.1515935       1.1684870       1.1713266       1.1600095       1.1349443       1.0970261       1.0475839       0.9883030       0.9211299       0.8481663       0.7715616       0.6934093       0.6156560       0.5400277       0.4679758       0.4006454       0.3388648       0.2831536       0.2337476       0.1906346       0.1535980       0.1222641       0.0961484       0.0746989       0.0573345       0.0434757       0.0325692       0.0241045       0.0176245       0.0127311       0.0090854       0.0064055       0.0044616       0.0030701       0.0020871       0.0014018       0.0009301       0.0006097       0.0003948       0.0002526       0.0001597       0.0000997       0.0000615       0.0000375       0.0000226       0.0000134       0.0000079       0.0000046       0.0000026       0.0000015       0.0000008       0.0000005       0.0000003       0.0000001       0.0000001       0.0000000       0.0000000       0.0000000       0.0000000       0.0000000       0.0000000       0.0000000       0.0000000       0.0000000       0.0000000       0.0000000       0.0000000       0.0000000       0.0000000       0.0000000       0.0000000       0.0000000       0.0000000       0.0000000       0.0000000       0.0000000       0.0000000       0.0000000       0.0000000       0.0000000       0.0000000
       0.0000455       0.0000741       0.0001193       0.0001898       0.0002982       0.0004629       0.0007101       0.0010763       0.0016119       0.0023851       0.0034870       0.0050371       0.0071894       0.0101386       0.0141270       0.0194490       0.0264562       0.0355579       0.0472199       0.0619576       0.0803238       0.1028902       0.1302218       0.1628447       0.2012073       0.2456370       0.2962948       0.3531298       0.4158386       0.4838329       0.5562193       0.6317959       0.7090678       0.7862828       0.8614893       0.9326123       0.9975450       1.0542509       1.1008688       1.1358141       1.1578681       1.1662483       1.1606548       1.1412880       1.1088365       1.0644369       1.0096071       0.9461610       0.8761083       0.8015500       0.7245754       0.6471675       0.5711233       0.4979929       0.4290388       0.3652163       0.3071735       0.2552687       0.2096001       0.1700456       0.1363074       0.1079577       0.0844828       0.0653225       0.0499042       0.0376697       0.0280948       0.0207034       0.0150743       0.0108446       0.0077084       0.0054138       0.0037568       0.0025758       0.0017450       0.0011680       0.0007725       0.0005048       0.0003259       0.0002079       0.0001310       0.0000816       0.0000502       0.0000305       0.0000183       0.0000109       0.0000064       0.0000037       0.0000021       0.0000012       0.0000007       0.0000004       0.0000002       0.0000001       0.0000001       0.0000000       0.0000000       0.0000000       0.0000000       0.0000000       0.0000000       0.0000000       0.0000000       0.0000000       0.0000000       0.0000000       0.0000000       0.0000000       0.0000000       0.0000000       0.0000000       0.0000000       0.0000000       0.0000000       0.0000000       0.0000000       0.0000000       0.0000000       0.0000000       0.0000000
       0.0000410       0.0000668       0.0001075       0.0001710       0.0002688       0.0004176       0.0006410       0.0009724       0.0014576       0.0021589       0.0031600       0.0045705       0.0065323       0.0092258       0.0128756       0.0177567       0.0241984       0.0325868       0.0433636       0.0570216       0.0740940       0.0951386       0.1207147       0.1513538       0.1875238       0.2295881       0.2777616       0.3320662       0.3922899       0.4579514       0.5282767       0.6021898       0.6783207       0.7550342       0.8304778       0.9026497       0.9694832       1.0289426       1.0791252       1.1183619       1.1453091       1.1590252       1.1590252       1.1453091       1.1183619       1.0791252       1.0289426       0.9694832       0.9026498       0.8304779       0.7550343       0.6783208       0.6021898       0.5282768       0.4579515       0.3922900       0.3320663       0.2777616       0.2295882       0.1875239       0.1513538       0.1207147       0.0951386       0.0740940       0.0570216       0.0433636       0.0325868       0.0241984       0.0177567       0.0128756       0.0092258       0.0065323       0.0045705       0.0031600       0.0021589       0.0014576       0.0009724       0.0006410       0.0004176       0.0002688       0.0001710       0.0001075       0.0000668       0.0000410       0.0000249       0.0000149       0.0000088       0.0000052       0.0000030       0.0000017       0.0000010       0.0000005       0.0000003       0.0000002       0.0000001       0.0000000       0.0000000       0.0000000       0.0000000       0.0000000       0.0000000       0.0000000       0.0000000       0.0000000       0.0000000       0.0000000       0.0000000       0.0000000       0.0000000       0.0000000       0.0000000       0.0000000       0.0000000       0.0000000       0.0000000       0.0000000       0.0000000       0.0000000       0.0000000       0.0000000
       0.0000369       0.0000601       0.0000968       0.0001541       0.0002424       0.0003767       0.0005787       0.0008785       0.0013180       0.0019541       0.0028634       0.0041467       0.0059346       0.0083938       0.0117330       0.0162082       0.0221278       0.0298553       0.0398093       0.0524596       0.0683194       0.0879310       0.1118455       0.1405962       0.1746656       0.2144469       0.2602020       0.3120183       0.3697671       0.4330669       0.5012568       0.5733822       0.6481966       0.7241823       0.7995905       0.8725011       0.9408988       1.0027634       1.0561671       1.0993738       1.1309326       1.1497587       1.1551949       1.1470502       1.1256106       1.0916227       1.0462501       0.9910079       0.9276781       0.8582149       0.7846454       0.7089726       0.6330879       0.5586981       0.4872693       0.4199905       0.3577572       0.3011730       0.2505661       0.2060189       0.1674058       0.1344350       0.1066923       0.0836821       0.0648650       0.0496897       0.0376185       0.0281459       0.0208117       0.0152082       0.0109832       0.0078389       0.0055292       0.0038543       0.0026553       0.0018078       0.0012164       0.0008089       0.0005316       0.0003452       0.0002216       0.0001406       0.0000881       0.0000546       0.0000334       0.0000202       0.0000121       0.0000071       0.0000042       0.0000024       0.0000014       0.0000008       0.0000004       0.0000002       0.0000001       0.0000001       0.0000000       0.0000000       0.0000000       0.0000000       0.0000000       0.0000000       0.0000000       0.0000000       0.0000000       0.0000000       0.0000000       0.0000000       0.0000000       0.0000000       0.0000000       0.0000000       0.0000000       0.0000000       0.0000000       0.0000000       0.0000000       0.0000000       0.0000000       0.0000000
       0.0000332       0.0000542       0.0000872       0.0001389       0.0002185       0.0003398       0.0005224       0.0007936       0.0011917       0.0017687       0.0025945       0.0037618       0.0053909       0.0076358       0.0106898       0.0147916       0.0202295       0.0273453       0.0365348       0.0482455       0.0629699       0.0812337       0.1035775       0.1305334       0.1625938       0.2001764       0.2435837       0.2929612       0.3482558       0.4091789       0.4751759       0.5454088       0.6187515       0.6938042       0.7689251       0.8422821       0.9119218       0.9758523       1.0321364       1.0789877       1.1148653       1.1385570       1.1492476       1.1465656       1.1306044       1.1019170       1.0614843       1.0106592       0.9510917       0.8846398       0.8132743       0.7389823       0.6636782       0.5891251       0.5168731       0.4482155       0.3841636       0.3254408       0.2724923       0.2255086       0.1844583       0.1491283       0.1191648       0.0941158       0.0734690       0.0566854       0.0432280       0.0325826       0.0242735       0.0178734       0.0130079       0.0093569       0.0066525       0.0046748       0.0032469       0.0022290       0.0015124       0.0010143       0.0006723       0.0004404       0.0002852       0.0001825       0.0001155       0.0000722       0.0000446       0.0000273       0.0000165       0.0000098       0.0000058       0.0000034       0.0000019       0.0000011       0.0000006       0.0000003       0.0000002       0.0000001       0.0000001       0.0000000       0.0000000       0.0000000       0.0000000       0.0000000       0.0000000       0.0000000       0.0000000       0.0000000       0.0000000       0.0000000       0.0000000       0.0000000       0.0000000       0.0000000       0.0000000       0.0000000       0.0000000       0.0000000       0.0000000       0.0000000       0.0000000       0.0000000
       0.0000299       0.0000488       0.0000786       0.0001252       0.0001970       0.0003066       0.0004715       0.0007169       0.0010775       0.0016007       0.0023507       0.0034124       0.0048965       0.0069452       0.0097378       0.0134961       0.0184897       0.0250396       0.0335194       0.0443546       0.0580169       0.0750143       0.0958754       0.1211278       0.1512703       0.1867398       0.2278734       0.2748678       0.3277386       0.3862822       0.4500443       0.5182976       0.5900335       0.6639686       0.7385703       0.8121002       0.8826750       0.9483431       1.0071719       1.0573411       1.0972362       1.1255338       1.1412753       1.1439202       1.1333772       1.1100095       1.0746136       1.0283748       0.9728009       0.9096408       0.8407935       0.7682140       0.6938227       0.6194243       0.5466401       0.4768569       0.4111953       0.3504949       0.2953172       0.2459626       0.2024990       0.1647974       0.1325717       0.1054205       0.0828653       0.0643864       0.0494525       0.0375454       0.0281772       0.0209032       0.0153285       0.0111112       0.0079616       0.0056391       0.0039481       0.0027324       0.0018693       0.0012641       0.0008450       0.0005583       0.0003647       0.0002355       0.0001503       0.0000948       0.0000591       0.0000364       0.0000222       0.0000134       0.0000080       0.0000047       0.0000027       0.0000016       0.0000009       0.0000005       0.0000003       0.0000002       0.0000001       0.0000000       0.0000000       0.0000000       0.0000000       0.0000000       0.0000000       0.0000000       0.0000000       0.0000000       0.0000000       0.0000000       0.0000000       0.0000000       0.0000000       0.0000000       0.0000000       0.0000000       0.0000000       0.0000000       0.0000000       0.0000000       0.0000000       0.0000000
       0.0000270       0.0000439       0.0000708       0.0001128       0.0001776       0.0002766       0.0004257       0.0006476       0.0009742       0.0014487       0.0021297       0.0030951       0.0044469       0.0063162       0.0088690       0.0123117       0.0168958       0.0229223       0.0307437       0.0407639       0.0534335       0.0692424       0.0887053       0.1123431       0.1406576       0.1741002       0.2130370       0.2577095       0.3081948       0.3643676       0.4258668       0.4920705       0.5620830       0.6347360       0.7086069       0.7820547       0.8532740       0.9203636       0.9814087       1.0345701       1.0781756       1.1108071       1.1313771       1.1391886       1.1339750       1.1159143       1.0856199       1.0441053       0.9927282       0.9331167       0.8670840       0.7965369       0.7233862       0.6494625       0.5764445       0.5058019       0.4387559       0.3762574       0.3189824       0.2673424       0.2215076       0.1814383       0.1469227       0.1176165       0.0930824       0.0728259       0.0563280       0.0430707       0.0325581       0.0243308       0.0179751       0.0131283       0.0094790       0.0067661       0.0047746       0.0033308       0.0022971       0.0015662       0.0010556       0.0007034       0.0004634       0.0003017       0.0001943       0.0001236       0.0000778       0.0000484       0.0000298       0.0000181       0.0000109       0.0000065       0.0000038       0.0000022       0.0000013       0.0000007       0.0000004       0.0000002       0.0000001       0.0000001       0.0000000       0.0000000       0.0000000       0.0000000       0.0000000       0.0000000       0.0000000       0.0000000       0.0000000       0.0000000       0.0000000       0.0000000       0.0000000       0.0000000       0.0000000       0.0000000       0.0000000       0.0000000       0.0000000       0.0000000       0.0000000       0.0000000
       0.0000243       0.0000396       0.0000638       0.0001017       0.0001602       0.0002495       0.0003842       0.0005851       0.0008808       0.0013110       0.0019293       0.0028071       0.0040381       0.0057434       0.0080765       0.0112291       0.0154358       0.0209787       0.0281898       0.0374517       0.0491943       0.0638887       0.0820347       0.1041444       0.1307192       0.1622211       0.1990400       0.2414561       0.2896015       0.3434221       0.4026434       0.4667429       0.5349333       0.6061589       0.6791069       0.7522369       0.8238268       0.8920354       0.9549774       1.0108085       1.0578146       1.0944982       1.1196580       1.1324540       1.1324540       1.1196580       1.0944982       1.0578147       1.0108086       0.9549774       0.8920355       0.8238269       0.7522369       0.6791070       0.6061590       0.5349334       0.4667429       0.4026434       0.3434222       0.2896015       0.2414561       0.1990400       0.1622212       0.1307192       0.1041444       0.0820347       0.0638887       0.0491944       0.0374517       0.0281898       0.0209787       0.0154358       0.0112291       0.0080765       0.0057434       0.0040381       0.0028071       0.0019293       0.0013110       0.0008808       0.0005851       0.0003842       0.0002495       0.0001602       0.0001017       0.0000638       0.0000396       0.0000243       0.0000147       0.0000088       0.0000052       0.0000031       0.0000018       0.0000010       0.0000006       0.0000003       0.0000002       0.0000001       0.0000001       0.0000000       0.0000000       0.0000000       0.0000000       0.0000000       0.0000000       0.0000000       0.0000000       0.0000000       0.0000000       0.0000000       0.0000000       0.0000000       0.0000000       0.0000000       0.0000000       0.0000000       0.0000000       0.0000000       0.0000000       0.0000000
       0.0000219       0.0000357       0.0000575       0.0000916       0.0001444       0.0002251       0.0003469       0.0005285       0.0007963       0.0011863       0.0017476       0.0025457       0.0036666       0.0052219       0.0073537       0.0102398       0.0140989       0.0191951       0.0258408       0.0343977       0.0452755       0.0589258       0.0758328       0.0964980       0.1214195       0.1510665       0.1858477       0.2260765       0.2719336       0.3234296       0.3803696       0.4423248       0.5086113       0.5782825       0.6501347       0.7227298       0.7944341       0.8634736       0.9280034       0.9861873       1.0362833       1.0767302       1.1062278       1.1238066       1.1288802       1.1212783       1.1012561       1.0694795       1.0269894       0.9751439       0.9155473       0.8499672       0.7802482       0.7082274       0.6356558       0.5641318       0.4950492       0.4295617       0.3685632       0.3126855       0.2623087       0.2175840       0.1784640       0.1447383       0.1160716       0.0920401       0.0721669       0.0559510       0.0428931       0.0325144       0.0243711       0.0180627       0.0132373       0.0095923       0.0068732       0.0048697       0.0034116       0.0023633       0.0016188       0.0010964       0.0007343       0.0004863       0.0003184       0.0002062       0.0001320       0.0000836       0.0000523       0.0000324       0.0000198       0.0000120       0.0000072       0.0000042       0.0000025       0.0000014       0.0000008       0.0000005       0.0000003       0.0000001       0.0000001       0.0000000       0.0000000       0.0000000       0.0000000       0.0000000       0.0000000       0.0000000       0.0000000       0.0000000       0.0000000       0.0000000       0.0000000       0.0000000       0.0000000       0.0000000       0.0000000       0.0000000       0.0000000       0.0000000       0.0000000       0.0000000
       0.0000197       0.0000321       0.0000518       0.0000826       0.0001302       0.0002031       0.0003131       0.0004774       0.0007199       0.0010735       0.0015830       0.0023084       0.0033288       0.0047471       0.0066945       0.0093359       0.0128752       0.0175590       0.0236811       0.0315831       0.0416544       0.0543276       0.0700702       0.0893714       0.1127242       0.1406010       0.1734254       0.2115388       0.2551644       0.3043710       0.3590372       0.4188211       0.4831374       0.5511448       0.6217470       0.6936089       0.7651888       0.8347866       0.9006070       0.9608335       1.0137104       1.0576273       1.0912000       1.1133431       1.1233282       1.1208236       1.1059126       1.0790892       1.0412304       0.9935490       0.9375290       0.8748489       0.8072990       0.7366967       0.6648076       0.5932752       0.5235636       0.4569152       0.3943253       0.3365323       0.2840219       0.2370445       0.1956414       0.1596779       0.1288788       0.1028659       0.0811922       0.0633739       0.0489169       0.0373388       0.0281848       0.0210389       0.0155304       0.0113370       0.0081840       0.0058423       0.0041244       0.0028793       0.0019877       0.0013570       0.0009162       0.0006117       0.0004038       0.0002637       0.0001702       0.0001087       0.0000686       0.0000428       0.0000265       0.0000162       0.0000098       0.0000058       0.0000034       0.0000020       0.0000012       0.0000007       0.0000004       0.0000002       0.0000001       0.0000001       0.0000000       0.0000000       0.0000000       0.0000000       0.0000000       0.0000000       0.0000000       0.0000000       0.0000000       0.0000000       0.0000000       0.0000000       0.0000000       0.0000000       0.0000000       0.0000000       0.0000000       0.0000000       0.0000000       0.0000000
       0.0000178       0.0000289       0.0000467       0.0000744       0.0001174       0.0001832       0.0002826       0.0004313       0.0006508       0.0009714       0.0014338       0.0020931       0.0030219       0.0043150       0.0060935       0.0085104       0.0117553       0.0160587       0.0216961       0.0289902       0.0383102       0.0500697       0.0647189       0.0827338       0.1045998       0.1307900       0.1617388       0.1978106       0.2392659       0.2862253       0.3386343       0.3962322       0.4585265       0.5247773       0.5939931       0.6649418       0.7361762       0.8060755       0.8729022       0.9348701       0.9902225       1.0373139       1.0746906       1.1011655       1.1158802       1.1183517       1.1084984       1.0866448       1.0535036       1.0101370       0.9579005       0.8983724       0.8332747       0.7643916       0.6934888       0.6222414       0.5521717       0.4846021       0.4206222       0.3610731       0.3065447       0.2573880       0.2137365       0.1755355       0.1425762       0.1145315       0.0909911       0.0714938       0.0555564       0.0426968       0.0324529       0.0243953       0.0181366       0.0133352       0.0096971       0.0069739       0.0049603       0.0034893       0.0024275       0.0016703       0.0011366       0.0007649       0.0005091       0.0003351       0.0002182       0.0001405       0.0000895       0.0000563       0.0000351       0.0000216       0.0000132       0.0000079       0.0000047       0.0000028       0.0000016       0.0000009       0.0000005       0.0000003       0.0000002       0.0000001       0.0000001       0.0000000       0.0000000       0.0000000       0.0000000       0.0000000       0.0000000       0.0000000       0.0000000       0.0000000       0.0000000       0.0000000       0.0000000       0.0000000       0.0000000       0.0000000       0.0000000       0.0000000       0.0000000       0.0000000
       0.0000160       0.0000261       0.0000421       0.0000671       0.0001059       0.0001653       0.0002551       0.0003896       0.0005884       0.0008789       0.0012986       0.0018977       0.0027430       0.0039217       0.0055457       0.0077566       0.0107307       0.0146832       0.0198724       0.0266023       0.0352231       0.0461288       0.0597524       0.0765556       0.0970144       0.1215999       0.1507539       0.1848595       0.2242090       0.2689690       0.3191460       0.3745542       0.4347883       0.4992052       0.5669154       0.6367889       0.7074743       0.7774347       0.8449969       0.9084151       0.9659431       1.0159135       1.0568174       1.0873795       1.1066247       1.1139291       1.1090542       1.0921592       1.0637931       1.0248643       0.9765929       0.9204470       0.8580685       0.7911943       0.7215765       0.6509079       0.5807574       0.5125166       0.4473620       0.3862321       0.3298189       0.2785741       0.2327255       0.1923026       0.1571681       0.1270520       0.1015867       0.0803396       0.0628436       0.0486217       0.0372081       0.0281632       0.0210846       0.0156130       0.0114353       0.0082841       0.0059358       0.0042068       0.0029489       0.0020446       0.0014022       0.0009511       0.0006381       0.0004234       0.0002779       0.0001804       0.0001159       0.0000736       0.0000462       0.0000287       0.0000177       0.0000107       0.0000065       0.0000038       0.0000023       0.0000013       0.0000008       0.0000004       0.0000002       0.0000001       0.0000001       0.0000000       0.0000000       0.0000000       0.0000000       0.0000000       0.0000000       0.0000000       0.0000000       0.0000000       0.0000000       0.0000000       0.0000000       0.0000000       0.0000000       0.0000000       0.0000000       0.0000000       0.0000000       0.0000000
       0.0000144       0.0000235       0.0000379       0.0000605       0.0000955       0.0001491       0.0002303       0.0003519       0.0005319       0.0007952       0.0011760       0.0017205       0.0024897       0.0035639       0.0050464       0.0070684       0.0097935       0.0134225       0.0181975       0.0244043       0.0323744       0.0424832       0.0551457       0.0708084       0.0899369       0.1129979       0.1404372       0.1726527       0.2099637       0.2525772       0.3005548       0.3537794       0.4119276       0.4744479       0.5405498       0.6092032       0.6791538       0.7489511       0.8169927       0.8815812       0.9409919       0.9935480       1.0376986       1.0720944       1.0956560       1.1076302       1.1076302       1.0956560       1.0720944       1.0376987       0.9935481       0.9409920       0.8815813       0.8169928       0.7489512       0.6791539       0.6092033       0.5405499       0.4744480       0.4119277       0.3537795       0.3005549       0.2525773       0.2099637       0.1726528       0.1404373       0.1129979       0.0899369       0.0708084       0.0551457       0.0424832       0.0323745       0.0244043       0.0181975       0.0134225       0.0097935       0.0070684       0.0050464       0.0035639       0.0024897       0.0017205       0.0011760       0.0007952       0.0005319       0.0003519       0.0002303       0.0001491       0.0000955       0.0000605       0.0000379       0.0000235       0.0000144       0.0000087       0.0000052       0.0000031       0.0000018       0.0000011       0.0000006       0.0000003       0.0000002       0.0000001       0.0000001       0.0000000       0.0000000       0.0000000       0.0000000       0.0000000       0.0000000       0.0000000       0.0000000       0.0000000       0.0000000       0.0000000       0.0000000       0.0000000       0.0000000       0.0000000       0.0000000       0.0000000       0.0000000
       0.0000130       0.0000212       0.0000342       0.0000545       0.0000861       0.0001345       0.0002079       0.0003179       0.0004808       0.0007195       0.0010650       0.0015596       0.0022595       0.0032383       0.0045914       0.0064402       0.0089365       0.0122675       0.0166596       0.0223818       0.0297470       0.0391123       0.0508748       0.0654655       0.0833378       0.1049522       0.1307560       0.1611579       0.1964997       0.2370238       0.2828410       0.3338972       0.3899449       0.4505198       0.5149258       0.5822312       0.6512780       0.7207048       0.7889847       0.8544759       0.9154849       0.9703371       1.0174526       1.0554212       1.0830726       1.0995360       1.1042856       1.0971688       1.0784143       1.0486194       1.0087192       0.9599370       0.9037230       0.8416819       0.7754982       0.7068604       0.6373921       0.5685907       0.5017795       0.4380728       0.3783551       0.3232758       0.2732541       0.2284970       0.1890228       0.1546921       0.1252398       0.1003082       0.0794787       0.0622995       0.0483102       0.0370607       0.0281260       0.0211166       0.0156840       0.0115243       0.0083770       0.0060240       0.0042855       0.0030160       0.0020999       0.0014463       0.0009855       0.0006643       0.0004430       0.0002923       0.0001907       0.0001232       0.0000787       0.0000497       0.0000311       0.0000192       0.0000118       0.0000071       0.0000043       0.0000025       0.0000015       0.0000009       0.0000005       0.0000003       0.0000002       0.0000001       0.0000000       0.0000000       0.0000000       0.0000000       0.0000000       0.0000000       0.0000000       0.0000000       0.0000000       0.0000000       0.0000000       0.0000000       0.0000000       0.0000000       0.0000000       0.0000000       0.0000000       0.0000000
       0.0000117       0.0000191       0.0000308       0.0000492       0.0000777       0.0001214       0.0001877       0.0002871       0.0004346       0.0006509       0.0009644       0.0014138       0.0020504       0.0029422       0.0041770       0.0058669       0.0081530       0.0112095       0.0152481       0.0205213       0.0273247       0.0359969       0.0469174       0.0605011       0.0771886       0.0974323       0.1216783       0.1503429       0.1837863       0.2222815       0.2659828       0.3148937       0.3688369       0.4274300       0.4900673       0.5559126       0.6239035       0.6927690       0.7610611       0.8272004       0.8895330       0.9463973       0.9961965       1.0374725       1.0689769       1.0897331       1.0990870       1.0967410       1.0827700       1.0576170       1.0220703       0.9772219       0.9244123       0.8651639       0.8011081       0.7339119       0.6652071       0.5965267       0.5292527       0.4645755       0.4034685       0.3466755       0.2947112       0.2478736       0.2062643       0.1698157       0.1383222       0.1114720       0.0888792       0.0701123       0.0547203       0.0422535       0.0322803       0.0243990       0.0182460       0.0134996       0.0098818       0.0071567       0.0051280       0.0036353       0.0025498       0.0017693       0.0012148       0.0008251       0.0005545       0.0003687       0.0002425       0.0001579       0.0001016       0.0000648       0.0000408       0.0000255       0.0000157       0.0000096       0.0000058       0.0000035       0.0000020       0.0000012       0.0000007       0.0000004       0.0000002       0.0000001       0.0000001       0.0000000       0.0000000       0.0000000       0.0000000       0.0000000       0.0000000       0.0000000       0.0000000       0.0000000       0.0000000       0.0000000       0.0000000       0.0000000       0.0000000       0.0000000       0.0000000       0.0000000
       0.0000105       0.0000172       0.0000277       0.0000443       0.0000700       0.0001095       0.0001694       0.0002594       0.0003929       0.0005889       0.0008733       0.0012814       0.0018605       0.0026729       0.0037994       0.0053439       0.0074369       0.0102407       0.0139530       0.0188107       0.0250923       0.0331188       0.0432523       0.0558912       0.0714623       0.0904086       0.1131728       0.1401760       0.1717928       0.2083221       0.2499570       0.2967527       0.3485968       0.4051834       0.4659928       0.5302812       0.5970803       0.6652098       0.7333038       0.7998502       0.8632425       0.9218418       0.9740459       1.0183612       1.0534737       1.0783133       1.0921081       1.0944244       1.0851888       1.0646927       1.0335766       0.9927970       0.9435778       0.8873488       0.8256775       0.7601966       0.6925336       0.6242452       0.5567612       0.4913401       0.4290370       0.3706866       0.3168971       0.2680583       0.2243569       0.1858015       0.1522504       0.1234431       0.0990319       0.0786108       0.0617432       0.0479839       0.0368979       0.0280741       0.0211354       0.0157440       0.0116043       0.0084629       0.0061069       0.0043604       0.0030805       0.0021534       0.0014895       0.0010194       0.0006903       0.0004625       0.0003066       0.0002011       0.0001306       0.0000839       0.0000533       0.0000335       0.0000208       0.0000128       0.0000078       0.0000047       0.0000028       0.0000017       0.0000010       0.0000006       0.0000003       0.0000002       0.0000001       0.0000001       0.0000000       0.0000000       0.0000000       0.0000000       0.0000000       0.0000000       0.0000000       0.0000000       0.0000000       0.0000000       0.0000000       0.0000000       0.0000000       0.0000000       0.0000000       0.0000000
       0.0000095       0.0000155       0.0000250       0.0000400       0.0000632       0.0000988       0.0001529       0.0002343       0.0003551       0.0005327       0.0007907       0.0011614       0.0016881       0.0024279       0.0034556       0.0048667       0.0067826       0.0093538       0.0127650       0.0172382       0.0230357       0.0304613       0.0398597       0.0516127       0.0661330       0.0838528       0.1052095       0.1306262       0.1604885       0.1951172       0.2347390       0.2794557       0.3292145       0.3837805       0.4427158       0.5053650       0.5708518       0.6380867       0.7057878       0.7725144       0.8367143       0.8967798       0.9511140       0.9981996       1.0366694       1.0653720       1.0834287       1.0902786       1.0857073       1.0698578       1.0432237       1.0066232       0.9611574       0.9081554       0.8491099       0.7856077       0.7192595       0.6516338       0.5841975       0.5182673       0.4549735       0.3952359       0.3397542       0.2890089       0.2432741       0.2026369       0.1670241       0.1362317       0.1099550       0.0878193       0.0694070       0.0542818       0.0420091       0.0321715       0.0243801       0.0182827       0.0135669       0.0099623       0.0072390       0.0052052       0.0037036       0.0026077       0.0018169       0.0012527       0.0008546       0.0005770       0.0003855       0.0002548       0.0001667       0.0001079       0.0000691       0.0000438       0.0000275       0.0000171       0.0000105       0.0000064       0.0000038       0.0000023       0.0000013       0.0000008       0.0000005       0.0000003       0.0000001       0.0000001       0.0000000       0.0000000       0.0000000       0.0000000       0.0000000       0.0000000       0.0000000       0.0000000       0.0000000       0.0000000       0.0000000       0.0000000       0.0000000       0.0000000       0.0000000       0.0000000
       0.0000086       0.0000140       0.0000225       0.0000360       0.0000570       0.0000891       0.0001381       0.0002116       0.0003210       0.0004819       0.0007159       0.0010526       0.0015315       0.0022052       0.0031425       0.0044316       0.0061848       0.0085421       0.0116756       0.0157933       0.0211419       0.0280084       0.0367206       0.0476439       0.0611760       0.0777375       0.0977590       0.1216630       0.1498430       0.1826378       0.2203032       0.2629827       0.3106773       0.3632186       0.4202451       0.4811864       0.5452557       0.6114530       0.6785817       0.7452762       0.8100437       0.8713161       0.9275112       0.9770992       1.0186718       1.0510079       1.0731336       1.0843705       1.0843705       1.0731336       1.0510079       1.0186718       0.9770993       0.9275113       0.8713162       0.8100438       0.7452763       0.6785818       0.6114531       0.5452558       0.4811865       0.4202452       0.3632187       0.3106774       0.2629827       0.2203033       0.1826378       0.1498430       0.1216630       0.0977590       0.0777376       0.0611760       0.0476439       0.0367206       0.0280084       0.0211419       0.0157933       0.0116756       0.0085421       0.0061848       0.0044316       0.0031425       0.0022052       0.0015315       0.0010526       0.0007159       0.0004819       0.0003210       0.0002116       0.0001381       0.0000891       0.0000570       0.0000360       0.0000225       0.0000140       0.0000086       0.0000052       0.0000031       0.0000019       0.0000011       0.0000006       0.0000004       0.0000002       0.0000001       0.0000001       0.0000000       0.0000000       0.0000000       0.0000000       0.0000000       0.0000000       0.0000000       0.0000000       0.0000000       0.0000000       0.0000000       0.0000000       0.0000000       0.0000000       0.0000000
       0.0000077       0.0000126       0.0000203       0.0000325       0.0000514       0.0000804       0.0001246       0.0001912       0.0002902       0.0004359       0.0006482       0.0009539       0.0013893       0.0020028       0.0028574       0.0040348       0.0056387       0.0077993       0.0106769       0.0144661       0.0193985       0.0257453       0.0338175       0.0439642       0.0565679       0.0720369       0.0907931       0.1132568       0.1398263       0.1708549       0.2066233       0.2473116       0.2929701       0.3434912       0.3985855       0.4577631       0.5203236       0.5853556       0.6517477       0.7182121       0.7833204       0.8455507       0.9033443       0.9551696       0.9995883       1.0353217       1.0613117       1.0767728       1.0812315       1.0745504       1.0569352       1.0289243       0.9913613       0.9453530       0.8922151       0.8334097       0.7704795       0.7049804       0.6384201       0.5722022       0.5075817       0.4456315       0.3872214       0.3330092       0.2834436       0.2387759       0.1990801       0.1642777       0.1341662       0.1084478       0.0867585       0.0686937       0.0538314       0.0417510       0.0320488       0.0243484       0.0183081       0.0136248       0.0100353       0.0073154       0.0052780       0.0037688       0.0026635       0.0018631       0.0012898       0.0008837       0.0005992       0.0004022       0.0002672       0.0001756       0.0001143       0.0000736       0.0000469       0.0000296       0.0000185       0.0000114       0.0000070       0.0000042       0.0000025       0.0000015       0.0000009       0.0000005       0.0000003       0.0000002       0.0000001       0.0000001       0.0000000       0.0000000       0.0000000       0.0000000       0.0000000       0.0000000       0.0000000       0.0000000       0.0000000       0.0000000       0.0000000       0.0000000       0.0000000       0.0000000
       0.0000069       0.0000113       0.0000183       0.0000293       0.0000463       0.0000726       0.0001125       0.0001727       0.0002623       0.0003943       0.0005868       0.0008644       0.0012603       0.0018187       0.0025979       0.0036730       0.0051401       0.0071199       0.0097617       0.0132473       0.0177942       0.0236582       0.0311339       0.0405543       0.0522866       0.0667259       0.0842847       0.1053787       0.1304090       0.1597395       0.1936722       0.2324196       0.2760758       0.3245893       0.3777377       0.4351076       0.4960819       0.5598353       0.6253418       0.6913929       0.7566284       0.8195785       0.8787165       0.9325181       0.9795261       1.0184156       1.0480556       1.0675638       1.0763503       1.0741469       1.0610211       1.0373722       1.0039115       0.9616267       0.9117335       0.8556172       0.7947699       0.7307243       0.6649913       0.5990025       0.5340619       0.4713079       0.4116880       0.3559442       0.3046112       0.2580240       0.2163339       0.1795310       0.1474703       0.1199001       0.0964907       0.0768601       0.0605992       0.0472915       0.0365300       0.0279297       0.0211365       0.0158326       0.0117387       0.0086146       0.0062576       0.0044991       0.0032018       0.0022553       0.0015725       0.0010852       0.0007413       0.0005012       0.0003354       0.0002222       0.0001457       0.0000945       0.0000607       0.0000386       0.0000243       0.0000151       0.0000093       0.0000057       0.0000034       0.0000021       0.0000012       0.0000007       0.0000004       0.0000002       0.0000001       0.0000001       0.0000000       0.0000000       0.0000000       0.0000000       0.0000000       0.0000000       0.0000000       0.0000000       0.0000000       0.0000000       0.0000000       0.0000000       0.0000000       0.0000000
       0.0000063       0.0000102       0.0000165       0.0000264       0.0000418       0.0000655       0.0001016       0.0001560       0.0002371       0.0003567       0.0005313       0.0007833       0.0011431       0.0016514       0.0023617       0.0033432       0.0046848       0.0064984       0.0089230       0.0121284       0.0163184       0.0217340       0.0286543       0.0373959       0.0483110       0.0617809       0.0782076       0.0980009       0.1215619       0.1492628       0.1814228       0.2182824       0.2599753       0.3065009       0.3576992       0.4132287       0.4725519       0.5349276       0.5994140       0.6648829       0.7300456       0.7934895       0.8537266       0.9092492       0.9585912       1.0003924       1.0334603       1.0568264       1.0697934       1.0719700       1.0632901       1.0440165       1.0147274       0.9762878       0.9298069       0.8765852       0.8180539       0.7557117       0.6910616       0.6255527       0.5605281       0.4971843       0.4365398       0.3794169       0.3264344       0.2780108       0.2343764       0.1955926       0.1615762       0.1321262       0.1069515       0.0856981       0.0679739       0.0533703       0.0414804       0.0319134       0.0243047       0.0183228       0.0136736       0.0101008       0.0073862       0.0053465       0.0038309       0.0027172       0.0019078       0.0013260       0.0009122       0.0006213       0.0004188       0.0002795       0.0001846       0.0001207       0.0000781       0.0000501       0.0000318       0.0000199       0.0000124       0.0000076       0.0000046       0.0000028       0.0000017       0.0000010       0.0000006       0.0000003       0.0000002       0.0000001       0.0000001       0.0000000       0.0000000       0.0000000       0.0000000       0.0000000       0.0000000       0.0000000       0.0000000       0.0000000       0.0000000       0.0000000       0.0000000       0.0000000
       0.0000056       0.0000092       0.0000149       0.0000238       0.0000377       0.0000591       0.0000917       0.0001409       0.0002143       0.0003226       0.0004809       0.0007097       0.0010368       0.0014994       0.0021467       0.0030426       0.0042692       0.0059302       0.0081548       0.0111015       0.0149613       0.0199608       0.0263640       0.0344719       0.0446212       0.0571793       0.0725369       0.0910964       0.1132570       0.1393963       0.1698477       0.2048754       0.2446482       0.2892120       0.3384641       0.3921308       0.4497502       0.5106622       0.5740083       0.6387408       0.7036442       0.7673680       0.8284689       0.8854638       0.9368875       0.9813549       1.0176227       1.0446469       1.0616327       1.0680733       1.0637752       1.0488677       1.0237964       0.9893012       0.9463798       0.8962402       0.8402440       0.7798453       0.7165286       0.6517494       0.5868806       0.5231677       0.4616939       0.4033568       0.3488563       0.2986936       0.2531787       0.2124470       0.1764802       0.1451321       0.1181552       0.0952279       0.0759797       0.0600141       0.0469279       0.0363271       0.0278389       0.0211201       0.0158621       0.0117937       0.0086808       0.0063254       0.0045629       0.0032585       0.0023037       0.0016123       0.0011171       0.0007662       0.0005203       0.0003497       0.0002327       0.0001533       0.0001000       0.0000646       0.0000413       0.0000261       0.0000164       0.0000101       0.0000062       0.0000038       0.0000023       0.0000014       0.0000008       0.0000005       0.0000003       0.0000002       0.0000001       0.0000000       0.0000000       0.0000000       0.0000000       0.0000000       0.0000000       0.0000000       0.0000000       0.0000000       0.0000000       0.0000000       0.0000000       0.0000000
       0.0000051       0.0000083       0.0000134       0.0000215       0.0000340       0.0000533       0.0000828       0.0001272       0.0001937       0.0002918       0.0004354       0.0006430       0.0009403       0.0013612       0.0019511       0.0027687       0.0038899       0.0054108       0.0074514       0.0101594       0.0137137       0.0183274       0.0242495       0.0317660       0.0411983       0.0528996       0.0672486       0.0846391       0.1054668       0.1301120       0.1589192       0.1921730       0.2300728       0.2727064       0.3200240       0.3718148       0.4276888       0.4870642       0.5491633       0.6130190       0.6774908       0.7412930       0.8030331       0.8612596       0.9145169       0.9614052       1.0006409       1.0311149       1.0519448       1.0625171       1.0625171       1.0519449       1.0311150       1.0006409       0.9614052       0.9145170       0.8612597       0.8030332       0.7412931       0.6774909       0.6130191       0.5491634       0.4870643       0.4276889       0.3718149       0.3200240       0.2727065       0.2300729       0.1921730       0.1589192       0.1301121       0.1054668       0.0846391       0.0672486       0.0528996       0.0411983       0.0317660       0.0242495       0.0183274       0.0137137       0.0101594       0.0074514       0.0054108       0.0038900       0.0027688       0.0019511       0.0013612       0.0009403       0.0006430       0.0004354       0.0002918       0.0001937       0.0001272       0.0000828       0.0000533       0.0000340       0.0000215       0.0000134       0.0000083       0.0000051       0.0000031       0.0000019       0.0000011       0.0000006       0.0000004       0.0000002       0.0000001       0.0000001       0.0000000       0.0000000       0.0000000       0.0000000       0.0000000       0.0000000       0.0000000       0.0000000       0.0000000       0.0000000       0.0000000       0.0000000
       0.0000046       0.0000075       0.0000121       0.0000193       0.0000307       0.0000481       0.0000747       0.0001149       0.0001750       0.0002639       0.0003941       0.0005825       0.0008527       0.0012357       0.0017731       0.0025192       0.0035439       0.0049360       0.0068073       0.0092952       0.0125672       0.0168231       0.0222981       0.0292631       0.0380245       0.0489214       0.0623198       0.0786039       0.0981644       0.1213824       0.1486102       0.1801494       0.2162265       0.2569664       0.3023677       0.3522784       0.4063760       0.4641535       0.5249123       0.5877646       0.6516458       0.7153379       0.7775037       0.8367297       0.8915782       0.9406439       0.9826131       1.0163221       1.0408106       1.0553672       1.0595635       1.0532753       1.0366886       1.0102906       0.9748455       0.9313583       0.8810272       0.8251889       0.7652599       0.7026775       0.6388438       0.5750755       0.5125621       0.4523345       0.3952432       0.3419485       0.2929196       0.2484435       0.2086405       0.1734846       0.1428284       0.1164287       0.0939717       0.0750975       0.0594217       0.0465540       0.0361127       0.0277367       0.0210931       0.0158825       0.0118410       0.0087407       0.0063885       0.0046232       0.0033127       0.0023502       0.0016509       0.0011482       0.0007907       0.0005392       0.0003640       0.0002433       0.0001610       0.0001055       0.0000685       0.0000440       0.0000280       0.0000176       0.0000110       0.0000068       0.0000041       0.0000025       0.0000015       0.0000009       0.0000005       0.0000003       0.0000002       0.0000001       0.0000001       0.0000000       0.0000000       0.0000000       0.0000000       0.0000000       0.0000000       0.0000000       0.0000000       0.0000000       0.0000000       0.0000000
       0.0000041       0.0000067       0.0000109       0.0000174       0.0000277       0.0000434       0.0000675       0.0001038       0.0001582       0.0002387       0.0003567       0.0005278       0.0007732       0.0011217       0.0016113       0.0022919       0.0032281       0.0045022       0.0062177       0.0085028       0.0115138       0.0154384       0.0204979       0.0269489       0.0350832       0.0452254       0.0577287       0.0729669       0.0913242       0.1131804       0.1388935       0.1687788       0.2030858       0.2419728       0.2854822       0.3335162       0.3858161       0.4419459       0.5012835       0.5630191       0.6261643       0.6895709       0.7519604       0.8119634       0.8681673       0.9191700       0.9636375       1.0003615       1.0283140       1.0466945       1.0549687       1.0528940       1.0405315       1.0182425       0.9866716       0.9467156       0.8994807       0.8462324       0.7883387       0.7272129       0.6642563       0.6008074       0.5380966       0.4772113       0.4190701       0.3644081       0.3137725       0.2675267       0.2258629       0.1888200       0.1563063       0.1281240       0.1039944       0.0835824       0.0665190       0.0524205       0.0409056       0.0316074       0.0241836       0.0183223       0.0137456       0.0102111       0.0075111       0.0054710       0.0039459       0.0028181       0.0019929       0.0013956       0.0009677       0.0006644       0.0004517       0.0003041       0.0002027       0.0001338       0.0000875       0.0000566       0.0000363       0.0000230       0.0000145       0.0000090       0.0000055       0.0000034       0.0000020       0.0000012       0.0000007       0.0000004       0.0000002       0.0000001       0.0000001       0.0000000       0.0000000       0.0000000       0.0000000       0.0000000       0.0000000       0.0000000       0.0000000       0.0000000       0.0000000       0.0000000
       0.0000037       0.0000061       0.0000098       0.0000157       0.0000249       0.0000392       0.0000609       0.0000938       0.0001430       0.0002159       0.0003229       0.0004781       0.0007011       0.0010181       0.0014640       0.0020848       0.0029401       0.0041059       0.0056783       0.0077764       0.0105464       0.0141641       0.0188378       0.0248102       0.0323586       0.0417934       0.0534546       0.0677050       0.0849211       0.1054799       0.1297424       0.1580351       0.1906267       0.2277051       0.2693523       0.3155203       0.3660100       0.4204529       0.4783003       0.5388189       0.6010959       0.6640542       0.7264775       0.7870452       0.8443763       0.8970800       0.9438114       0.9833273       1.0145414       1.0365741       1.0487929       1.0508433       1.0426656       1.0244976       0.9968636       0.9605486       0.9165619       0.8660901       0.8104444       0.7510039       0.6891599       0.6262629       0.5635756       0.5022345       0.4432204       0.3873395       0.3352144       0.2872846       0.2438153       0.2049124       0.1705433       0.1405593       0.1147212       0.0927228       0.0742144       0.0588232       0.0461708       0.0358877       0.0276238       0.0210561       0.0158940       0.0118808       0.0087947       0.0064469       0.0046799       0.0033643       0.0023950       0.0016884       0.0011787       0.0008148       0.0005578       0.0003782       0.0002539       0.0001688       0.0001111       0.0000725       0.0000468       0.0000299       0.0000189       0.0000119       0.0000074       0.0000045       0.0000028       0.0000017       0.0000010       0.0000006       0.0000003       0.0000002       0.0000001       0.0000001       0.0000000       0.0000000       0.0000000       0.0000000       0.0000000       0.0000000       0.0000000       0.0000000       0.0000000       0.0000000
       0.0000034       0.0000055       0.0000089       0.0000142       0.0000225       0.0000353       0.0000550       0.0000847       0.0001292       0.0001953       0.0002922       0.0004331       0.0006356       0.0009239       0.0013301       0.0018963       0.0026774       0.0037439       0.0051847       0.0071107       0.0096581       0.0129917       0.0173074       0.0228344       0.0298358       0.0386080       0.0494777       0.0627962       0.0789312       0.0982553       0.1211308       0.1478922       0.1788247       0.2141419       0.2539612       0.2982804       0.3469556       0.3996822       0.4559817       0.5151952       0.5764848       0.6388451       0.7011244       0.7620550       0.8202934       0.8744679       0.9232307       0.9653134       0.9995814       1.0250845       1.0411012       1.0471717       1.0431208       1.0290655       1.0054098       0.9728256       0.9322203       0.8846956       0.8314973       0.7739619       0.7134607       0.6513467       0.5889062       0.5273169       0.4676157       0.4106749       0.3571897       0.3076744       0.2624675       0.2217438       0.1855322       0.1537371       0.1261623       0.1025351       0.0825291       0.0657860       0.0519339       0.0406033       0.0314385       0.0241077       0.0183080       0.0137695       0.0102562       0.0075656       0.0055271       0.0039989       0.0028653       0.0020333       0.0014290       0.0009946       0.0006855       0.0004680       0.0003164       0.0002118       0.0001405       0.0000922       0.0000600       0.0000386       0.0000246       0.0000156       0.0000097       0.0000060       0.0000037       0.0000023       0.0000014       0.0000008       0.0000005       0.0000003       0.0000002       0.0000001       0.0000001       0.0000000       0.0000000       0.0000000       0.0000000       0.0000000       0.0000000       0.0000000       0.0000000       0.0000000
       0.0000030       0.0000049       0.0000080       0.0000128       0.0000203       0.0000319       0.0000496       0.0000765       0.0001168       0.0001766       0.0002645       0.0003923       0.0005763       0.0008385       0.0012083       0.0017246       0.0024379       0.0034133       0.0047332       0.0065007       0.0088428       0.0119136       0.0158972       0.0210098       0.0275009       0.0356530       0.0457794       0.0582194       0.0733313       0.0914819       0.1130330       0.1383246       0.1676554       0.2012610       0.2392908       0.2817841       0.3286481       0.3796380       0.4343426       0.4921746       0.5523701       0.6139954       0.6759650       0.7370677       0.7960029       0.8514243       0.9019895       0.9464137       0.9835233       1.0123074       1.0319632       1.0419338       1.0419338       1.0319632       1.0123074       0.9835234       0.9464138       0.9019896       0.8514244       0.7960030       0.7370678       0.6759651       0.6139955       0.5523702       0.4921747       0.4343427       0.3796381       0.3286481       0.2817842       0.2392909       0.2012611       0.1676554       0.1383246       0.1130330       0.0914819       0.0733313       0.0582194       0.0457794       0.0356530       0.0275009       0.0210098       0.0158972       0.0119136       0.0088428       0.0065007       0.0047332       0.0034133       0.0024379       0.0017246       0.0012083       0.0008385       0.0005763       0.0003923       0.0002645       0.0001766       0.0001168       0.0000765       0.0000496       0.0000319       0.0000203       0.0000128       0.0000080       0.0000049       0.0000030       0.0000018       0.0000011       0.0000007       0.0000004       0.0000002       0.0000001       0.0000001       0.0000000       0.0000000       0.0000000       0.0000000       0.0000000       0.0000000       0.0000000       0.0000000       0.0000000
       0.0000027       0.0000045       0.0000072       0.0000115       0.0000183       0.0000288       0.0000448       0.0000691       0.0001056       0.0001597       0.0002394       0.0003553       0.0005224       0.0007609       0.0010976       0.0015683       0.0022195       0.0031114       0.0043203       0.0059419       0.0080946       0.0109224       0.0145981       0.0193255       0.0253408       0.0329130       0.0423418       0.0539545       0.0680992       0.0851358       0.1054238       0.1293067       0.1570938       0.1890399       0.2253220       0.2660172       0.3110798       0.3603213       0.4133938       0.4697794       0.5287860       0.5895518       0.6510583       0.7121537       0.7715847       0.8280365       0.8801795       0.9267211       0.9664575       0.9983262       1.0214525       1.0351894       1.0391480       1.0332157       1.0175613       0.9926270       0.9591081       0.9179204       0.8701587       0.8170485       0.7598944       0.7000266       0.6387514       0.5773048       0.5168141       0.4582681       0.4024953       0.3501530       0.3017248       0.2575254       0.2177134       0.1823082       0.1512109       0.1242270       0.1010893       0.0814798       0.0650505       0.0514408       0.0402922       0.0312600       0.0240223       0.0182850       0.0137858       0.0102949       0.0076150       0.0055793       0.0040489       0.0029104       0.0020722       0.0014614       0.0010208       0.0007063       0.0004840       0.0003286       0.0002209       0.0001471       0.0000971       0.0000634       0.0000410       0.0000263       0.0000167       0.0000105       0.0000065       0.0000040       0.0000025       0.0000015       0.0000009       0.0000005       0.0000003       0.0000002       0.0000001       0.0000001       0.0000000       0.0000000       0.0000000       0.0000000       0.0000000       0.0000000       0.0000000       0.0000000
       0.0000025       0.0000040       0.0000065       0.0000104       0.0000165       0.0000260       0.0000405       0.0000624       0.0000954       0.0001444       0.0002166       0.0003218       0.0004736       0.0006904       0.0009969       0.0014260       0.0020205       0.0028359       0.0039428       0.0054302       0.0074082       0.0100113       0.0134017       0.0177712       0.0233433       0.0303734       0.0391482       0.0499825       0.0632137       0.0791939       0.0982789       0.1208135       0.1471155       0.1774552       0.2120344       0.2509639       0.2942412       0.3417301       0.3931427       0.4480274       0.5057622       0.5655558       0.6264580       0.6873783       0.7471142       0.8043880       0.8578898       0.9063268       0.9484741       0.9832264       1.0096455       1.0270028       1.0348127       1.0328547       1.0211842       1.0001296       0.9702772       0.9324440       0.8876404       0.8370255       0.7818577       0.7234426       0.6630829       0.6020311       0.5414488       0.4823733       0.4256929       0.3721320       0.3222441       0.2764141       0.2348675       0.1976846       0.1648201       0.1361241       0.1113646       0.0902499       0.0724492       0.0576113       0.0453805       0.0354094       0.0273687       0.0209545       0.0158924       0.0119395       0.0088853       0.0065501       0.0047831       0.0034598       0.0024791       0.0017596       0.0012371       0.0008616       0.0005944       0.0004062       0.0002750       0.0001844       0.0001225       0.0000806       0.0000525       0.0000339       0.0000217       0.0000137       0.0000086       0.0000054       0.0000033       0.0000020       0.0000012       0.0000007       0.0000004       0.0000003       0.0000001       0.0000001       0.0000000       0.0000000       0.0000000       0.0000000       0.0000000       0.0000000       0.0000000       0.0000000
       0.0000022       0.0000036       0.0000059       0.0000094       0.0000149       0.0000234       0.0000365       0.0000564       0.0000862       0.0001306       0.0001960       0.0002915       0.0004293       0.0006264       0.0009054       0.0012965       0.0018391       0.0025844       0.0035978       0.0049617       0.0067786       0.0091743       0.0123004       0.0163376       0.0214968       0.0280207       0.0361827       0.0462852       0.0586545       0.0736340       0.0915745       0.1128206       0.1376959       0.1664836       0.1994070       0.2366070       0.2781206       0.3238597       0.3735933       0.4269327       0.4833236       0.5420445       0.6022131       0.6628018       0.7226624       0.7805586       0.8352065       0.8853204       0.9296627       0.9670939       0.9966212       1.0174425       1.0289824       1.0309184       1.0231962       1.0060321       0.9799029       0.9455239       0.9038166       0.8558672       0.8028801       0.7461280       0.6869011       0.6264601       0.5659928       0.5065784       0.4491596       0.3945237       0.3432920       0.2959188       0.2526968       0.2137693       0.1791468       0.1487274       0.1223183       0.0996575       0.0804353       0.0643135       0.0509420       0.0399731       0.0310726       0.0239280       0.0182538       0.0137949       0.0103276       0.0076595       0.0056276       0.0040960       0.0029534       0.0021096       0.0014927       0.0010464       0.0007266       0.0004999       0.0003407       0.0002300       0.0001538       0.0001019       0.0000669       0.0000435       0.0000280       0.0000179       0.0000113       0.0000071       0.0000044       0.0000027       0.0000016       0.0000010       0.0000006       0.0000004       0.0000002       0.0000001       0.0000001       0.0000000       0.0000000       0.0000000       0.0000000       0.0000000       0.0000000       0.0000000
       0.0000020       0.0000033       0.0000053       0.0000085       0.0000134       0.0000211       0.0000330       0.0000509       0.0000779       0.0001181       0.0001774       0.0002640       0.0003891       0.0005683       0.0008222       0.0011786       0.0016737       0.0023549       0.0032824       0.0045327       0.0062013       0.0084053       0.0112869       0.0150156       0.0197906       0.0258420       0.0334303       0.0428454       0.0544021       0.0684348       0.0852877       0.1053040       0.1288107       0.1561017       0.1874184       0.2229285       0.2627046       0.3067033       0.3547465       0.4065055       0.4614912       0.5190501       0.5783674       0.6384798       0.6982954       0.7566237       0.8122122       0.8637892       0.9101119       0.9500153       0.9824605       1.0065802       1.0217164       1.0274510       1.0236244       1.0103431       0.9879748       0.9571315       0.9186416       0.8735129       0.8228891       0.7680014       0.7101196       0.6505036       0.5903596       0.5308018       0.4728211       0.4172631       0.3648144       0.3159968       0.2711703       0.2305421       0.1941812       0.1620365       0.1339576       0.1097161       0.0890271       0.0715687       0.0569997       0.0449749       0.0351575       0.0272278       0.0208909       0.0158800       0.0119589       0.0089224       0.0065951       0.0048296       0.0035039       0.0025184       0.0017934       0.0012652       0.0008843       0.0006123       0.0004200       0.0002855       0.0001922       0.0001282       0.0000847       0.0000555       0.0000360       0.0000231       0.0000147       0.0000093       0.0000058       0.0000036       0.0000022       0.0000013       0.0000008       0.0000005       0.0000003       0.0000002       0.0000001       0.0000001       0.0000000       0.0000000       0.0000000       0.0000000       0.0000000       0.0000000
       0.0000018       0.0000029       0.0000048       0.0000076       0.0000121       0.0000191       0.0000298       0.0000460       0.0000704       0.0001068       0.0001605       0.0002390       0.0003527       0.0005155       0.0007466       0.0010713       0.0015231       0.0021454       0.0029942       0.0041402       0.0056721       0.0076992       0.0103544       0.0137970       0.0182147       0.0238253       0.0308769       0.0396467       0.0504382       0.0635756       0.0793963       0.0982402       0.1204361       0.1462860       0.1760466       0.2099091       0.2479783       0.2902518       0.3366005       0.3867528       0.4402820       0.4966004       0.5549605       0.6144630       0.6740750       0.7326548       0.7889861       0.8418178       0.8899089       0.9320770       0.9672456       0.9944902       1.0130783       1.0225022       1.0225022       1.0130783       0.9944902       0.9672457       0.9320771       0.8899090       0.8418178       0.7889862       0.7326549       0.6740751       0.6144631       0.5549606       0.4966005       0.4402821       0.3867529       0.3366006       0.2902518       0.2479784       0.2099092       0.1760466       0.1462860       0.1204361       0.0982402       0.0793964       0.0635756       0.0504382       0.0396467       0.0308769       0.0238253       0.0182147       0.0137970       0.0103544       0.0076992       0.0056721       0.0041402       0.0029942       0.0021454       0.0015231       0.0010713       0.0007466       0.0005155       0.0003527       0.0002390       0.0001605       0.0001068       0.0000704       0.0000460       0.0000298       0.0000191       0.0000121       0.0000076       0.0000048       0.0000029       0.0000018       0.0000011       0.0000007       0.0000004       0.0000002       0.0000001       0.0000001       0.0000000       0.0000000       0.0000000       0.0000000       0.0000000       0.0000000
       0.0000016       0.0000027       0.0000043       0.0000069       0.0000109       0.0000172       0.0000269       0.0000415       0.0000636       0.0000966       0.0001453       0.0002165       0.0003196       0.0004676       0.0006779       0.0009737       0.0013859       0.0019544       0.0027309       0.0037811       0.0051871       0.0070510       0.0094968       0.0126741       0.0167596       0.0219594       0.0285091       0.0366738       0.0467451       0.0590370       0.0738791       0.0916066       0.1125486       0.1370131       0.1652693       0.1975290       0.2339255       0.2744940       0.3191511       0.3676784       0.4197090       0.4747192       0.5320269       0.5907976       0.6500581       0.7087188       0.7656037       0.8194877       0.8691389       0.9133647       0.9510594       0.9812492       1.0031349       1.0161263       1.0198690       1.0142602       0.9994537       0.9758529       0.9440920       0.9050084       0.8596055       0.8090105       0.7544273       0.6970902       0.6382178       0.5789714       0.5204196       0.4635094       0.4090456       0.3576788       0.3099011       0.2660488       0.2263121       0.1907491       0.1593036       0.1318248       0.1080879       0.0878142       0.0706906       0.0563853       0.0445635       0.0348980       0.0270789       0.0208194       0.0158604       0.0119721       0.0089543       0.0066360       0.0048729       0.0035454       0.0025560       0.0018259       0.0012924       0.0009064       0.0006298       0.0004337       0.0002959       0.0002000       0.0001340       0.0000889       0.0000585       0.0000381       0.0000246       0.0000157       0.0000100       0.0000063       0.0000039       0.0000024       0.0000015       0.0000009       0.0000005       0.0000003       0.0000002       0.0000001       0.0000001       0.0000000       0.0000000       0.0000000       0.0000000       0.0000000
       0.0000015       0.0000024       0.0000039       0.0000062       0.0000099       0.0000155       0.0000243       0.0000375       0.0000575       0.0000873       0.0001314       0.0001960       0.0002897       0.0004242       0.0006155       0.0008850       0.0012609       0.0017801       0.0024904       0.0034525       0.0047427       0.0064560       0.0087083       0.0116397       0.0154166       0.0202336       0.0263144       0.0339119       0.0433060       0.0548002       0.0687152       0.0853811       0.1051254       0.1282599       0.1550643       0.1857676       0.2205290       0.2594174       0.3023916       0.3492833       0.3997822       0.4534261       0.5095972       0.5675251       0.6262972       0.6848783       0.7421365       0.7968775       0.8478848       0.8939631       0.9339848       0.9669354       0.9919564       1.0083822       1.0157696       1.0139177       1.0028769       0.9829469       0.9546626       0.9187710       0.8761976       0.8280076       0.7753611       0.7194675       0.6615395       0.6027509       0.5441986       0.4868716       0.4316273       0.3791760       0.3300732       0.2847194       0.2433668       0.2061309       0.1730065       0.1438862       0.1185805       0.0968378       0.0783635       0.0628377       0.0499303       0.0393139       0.0306736       0.0237149       0.0181683       0.0137926       0.0103756       0.0077343       0.0057130       0.0041816       0.0030329       0.0021798       0.0015524       0.0010956       0.0007661       0.0005309       0.0003646       0.0002481       0.0001672       0.0001117       0.0000740       0.0000485       0.0000316       0.0000203       0.0000130       0.0000082       0.0000051       0.0000032       0.0000020       0.0000012       0.0000007       0.0000004       0.0000003       0.0000002       0.0000001       0.0000001       0.0000000       0.0000000       0.0000000       0.0000000
       0.0000013       0.0000022       0.0000035       0.0000056       0.0000089       0.0000140       0.0000219       0.0000339       0.0000520       0.0000790       0.0001189       0.0001775       0.0002625       0.0003847       0.0005588       0.0008042       0.0011470       0.0016212       0.0022708       0.0031520       0.0043356       0.0059100       0.0079835       0.0106872       0.0141774       0.0186380       0.0242810       0.0313474       0.0401053       0.0508473       0.0638852       0.0795424       0.0981439       0.1200036       0.1454091       0.1746042       0.2077707       0.2450078       0.2863134       0.3315658       0.3805081       0.4327372       0.4876977       0.5446825       0.6028403       0.6611916       0.7186519       0.7740623       0.8262272       0.8739553       0.9161047       0.9516280       0.9796150       0.9993322       1.0102537       1.0120856       1.0047781       0.9885287       0.9637726       0.9311637       0.8915458       0.8459165       0.7953851       0.7411287       0.6843463       0.6262164       0.5678572       0.5102934       0.4544300       0.4010331       0.3507192       0.3039521       0.2610459       0.2221747       0.1873867       0.1566206       0.1297255       0.1064800       0.0866117       0.0698155       0.0557690       0.0441469       0.0346317       0.0269224       0.0207405       0.0158340       0.0119792       0.0089812       0.0066727       0.0049129       0.0035846       0.0025919       0.0018572       0.0013187       0.0009279       0.0006471       0.0004471       0.0003062       0.0002078       0.0001397       0.0000931       0.0000615       0.0000403       0.0000261       0.0000168       0.0000107       0.0000067       0.0000042       0.0000026       0.0000016       0.0000010       0.0000006       0.0000004       0.0000002       0.0000001       0.0000001       0.0000000       0.0000000       0.0000000       0.0000000
       0.0000012       0.0000019       0.0000031       0.0000050       0.0000080       0.0000127       0.0000198       0.0000306       0.0000470       0.0000714       0.0001076       0.0001607       0.0002379       0.0003489       0.0005072       0.0007307       0.0010433       0.0014763       0.0020703       0.0028772       0.0039628       0.0054092       0.0073174       0.0098102       0.0130345       0.0171634       0.0223979       0.0289671       0.0371277       0.0471612       0.0593699       0.0740700       0.0915825       0.1122218       0.1362814       0.1640176       0.1956315       0.2312500       0.2709062       0.3145217       0.3618902       0.4126649       0.4663508       0.5223028       0.5797309       0.6377126       0.6952133       0.7511135       0.8042436       0.8534225       0.8975012       0.9354066       0.9661851       0.9890419       1.0033756       1.0088042       1.0051819       0.9926061       0.9714125       0.9421605       0.9056087       0.8626820       0.8144330       0.7619991       0.7065584       0.6492861       0.5913147       0.5336981       0.4773832       0.4231878       0.3717864       0.3237043       0.2793173       0.2388590       0.2024324       0.1700250       0.1415273       0.1167513       0.0954505       0.0773373       0.0621003       0.0494190       0.0389751       0.0304633       0.0235971       0.0181149       0.0137819       0.0103914       0.0077649       0.0057503       0.0042203       0.0030696       0.0022127       0.0015807       0.0011191       0.0007853       0.0005460       0.0003763       0.0002570       0.0001740       0.0001167       0.0000776       0.0000511       0.0000334       0.0000216       0.0000138       0.0000088       0.0000055       0.0000035       0.0000021       0.0000013       0.0000008       0.0000005       0.0000003       0.0000002       0.0000001       0.0000001       0.0000000       0.0000000       0.0000000
       0.0000011       0.0000018       0.0000028       0.0000046       0.0000072       0.0000114       0.0000179       0.0000276       0.0000424       0.0000646       0.0000974       0.0001455       0.0002155       0.0003164       0.0004604       0.0006639       0.0009489       0.0013442       0.0018872       0.0026259       0.0036214       0.0049499       0.0067056       0.0090032       0.0119807       0.0158011       0.0206546       0.0267589       0.0343590       0.0437257       0.0551513       0.0689440       0.0854200       0.1048926       0.1276594       0.1539866       0.1840922       0.2181275       0.2561579       0.2981449       0.3439296       0.3932185       0.4455750       0.5004146       0.5570081       0.6144909       0.6718800       0.7280989       0.7820084       0.8324436       0.8782550       0.9183511       0.9517421       0.9775797       0.9951933       1.0041187       1.0041187       0.9951933       0.9775797       0.9517422       0.9183512       0.8782550       0.8324437       0.7820085       0.7280990       0.6718801       0.6144910       0.5570082       0.5004147       0.4455750       0.3932186       0.3439296       0.2981450       0.2561580       0.2181276       0.1840923       0.1539866       0.1276594       0.1048926       0.0854200       0.0689440       0.0551513       0.0437258       0.0343591       0.0267589       0.0206546       0.0158011       0.0119807       0.0090032       0.0067056       0.0049499       0.0036214       0.0026259       0.0018872       0.0013442       0.0009489       0.0006639       0.0004604       0.0003164       0.0002155       0.0001455       0.0000974       0.0000646       0.0000424       0.0000276       0.0000179       0.0000114       0.0000072       0.0000046       0.0000028       0.0000018       0.0000011       0.0000007       0.0000004       0.0000002       0.0000001       0.0000001       0.0000000       0.0000000       0.0000000
       0.0000010       0.0000016       0.0000026       0.0000041       0.0000065       0.0000103       0.0000161       0.0000250       0.0000384       0.0000584       0.0000881       0.0001318       0.0001953       0.0002870       0.0004179       0.0006032       0.0008630       0.0012238       0.0017201       0.0023963       0.0033089       0.0045287       0.0061436       0.0082607       0.0110093       0.0145430       0.0190413       0.0247111       0.0317859       0.0405255       0.0512120       0.0641453       0.0796358       0.0979944       0.1195210       0.1444897       0.1731329       0.2056231       0.2420552       0.2824273       0.3266245       0.3744042       0.4253854       0.4790427       0.5347070       0.5915716       0.6487071       0.7050824       0.7595930       0.8110953       0.8584455       0.9005409       0.9363625       0.9650158       0.9857681       0.9980790       1.0016246       0.9963110       0.9822787       0.9598964       0.9297452       0.8925927       0.8493616       0.8010909       0.7488948       0.6939205       0.6373067       0.5801458       0.5234505       0.4681274       0.4149562       0.3645780       0.3174888       0.2740415       0.2344520       0.1988116       0.1671010       0.1392087       0.1149486       0.0940786       0.0763181       0.0613641       0.0489048       0.0386312       0.0302465       0.0234726       0.0180550       0.0137652       0.0104021       0.0077912       0.0057842       0.0042562       0.0031043       0.0022441       0.0016080       0.0011420       0.0008039       0.0005609       0.0003879       0.0002659       0.0001807       0.0001217       0.0000812       0.0000537       0.0000352       0.0000229       0.0000148       0.0000094       0.0000060       0.0000037       0.0000023       0.0000014       0.0000009       0.0000005       0.0000003       0.0000002       0.0000001       0.0000001       0.0000000       0.0000000
       0.0000009       0.0000014       0.0000023       0.0000037       0.0000059       0.0000093       0.0000146       0.0000226       0.0000347       0.0000528       0.0000797       0.0001193       0.0001770       0.0002602       0.0003793       0.0005480       0.0007847       0.0011140       0.0015675       0.0021864       0.0030228       0.0041427       0.0056276       0.0075777       0.0101142       0.0133815       0.0175491       0.0228129       0.0293956       0.0375459       0.0475356       0.0596558       0.0742102       0.0915064       0.1118449       0.1355058       0.1627333       0.1937190       0.2285835       0.2673588       0.3099711       0.3562253       0.4057938       0.4582084       0.5128586       0.5689960       0.6257456       0.6821240       0.7370651       0.7894513       0.8381502       0.8820544       0.9201229       0.9514222       0.9751642       0.9907388       0.9977405       0.9959854       0.9855198       0.9666177       0.9397690       0.9056584       0.8651368       0.8191852       0.7688761       0.7153320       0.6596840       0.6030331       0.5464160       0.4907752       0.4369370       0.3855956       0.3373046       0.2924754       0.2513816       0.2141680       0.1808643       0.1514007       0.1256261       0.1033259       0.0842394       0.0680766       0.0545329       0.0433007       0.0340808       0.0265889       0.0205621       0.0157621       0.0119766       0.0090206       0.0067346       0.0049838       0.0036559       0.0026583       0.0019159       0.0013688       0.0009694       0.0006805       0.0004735       0.0003266       0.0002233       0.0001513       0.0001016       0.0000677       0.0000447       0.0000292       0.0000189       0.0000122       0.0000078       0.0000049       0.0000031       0.0000019       0.0000012       0.0000007       0.0000004       0.0000003       0.0000002       0.0000001       0.0000001       0.0000000
       0.0000008       0.0000013       0.0000021       0.0000033       0.0000053       0.0000084       0.0000131       0.0000204       0.0000313       0.0000477       0.0000721       0.0001080       0.0001603       0.0002359       0.0003442       0.0004977       0.0007135       0.0010140       0.0014284       0.0019946       0.0027611       0.0037888       0.0051539       0.0069497       0.0092897       0.0123096       0.0161692       0.0210540       0.0271761       0.0347730       0.0441063       0.0554579       0.0691241       0.0854082       0.1046100       0.1270137       0.1528733       0.1823965       0.2157273       0.2529283       0.2939635       0.3386828       0.3868090       0.4379291       0.4914900       0.5468010       0.6030422       0.6592797       0.7144890       0.7675824       0.8174444       0.8629690       0.9031000       0.9368719       0.9634481       0.9821553       0.9925118       0.9942485       0.9873200       0.9719068       0.9484076       0.9174221       0.8797252       0.8362355       0.7879777       0.7360426       0.6815468       0.6255933       0.5692359       0.5134477       0.4590963       0.4069257       0.3575446       0.3114218       0.2688880       0.2301429       0.1952664       0.1642333       0.1369300       0.1131722       0.0927224       0.0753066       0.0606297       0.0483884       0.0382826       0.0300237       0.0233416       0.0179888       0.0137429       0.0104077       0.0078133       0.0058146       0.0042896       0.0031369       0.0022741       0.0016342       0.0011641       0.0008221       0.0005755       0.0003993       0.0002747       0.0001873       0.0001266       0.0000848       0.0000564       0.0000371       0.0000242       0.0000157       0.0000101       0.0000064       0.0000040       0.0000025       0.0000016       0.0000010       0.0000006       0.0000004       0.0000002       0.0000001       0.0000001       0.0000000
       0.0000007       0.0000012       0.0000019       0.0000030       0.0000048       0.0000076       0.0000119       0.0000184       0.0000283       0.0000432       0.0000652       0.0000978       0.0001453       0.0002139       0.0003123       0.0004521       0.0006487       0.0009228       0.0013014       0.0018194       0.0025216       0.0034646       0.0047192       0.0063724       0.0085305       0.0113207       0.0148937       0.0194250       0.0251160       0.0321937       0.0409091       0.0515347       0.0643591       0.0796801       0.0977957       0.1189926       0.1435324       0.1716368       0.2034702       0.2391229       0.2785940       0.3217750       0.3684369       0.4182191       0.4706247       0.5250198       0.5806397       0.6366018       0.6919251       0.7455562       0.7964009       0.8433604       0.8853699       0.9214386       0.9506882       0.9723886       0.9859883       0.9911370       0.9877015       0.9757709       0.9556526       0.9278598       0.8930889       0.8521914       0.8061385       0.7559835       0.7028214       0.6477505       0.5918350       0.5360726       0.4813673       0.4285088       0.3781577       0.3308386       0.2869390       0.2467135       0.2102938       0.1777011       0.1488620       0.1236254       0.1017798       0.0830702       0.0672139       0.0539142       0.0428724       0.0337973       0.0264129       0.0204635       0.0157172       0.0119674       0.0090335       0.0067599       0.0050148       0.0036881       0.0026889       0.0019435       0.0013926       0.0009892       0.0006966       0.0004863       0.0003366       0.0002309       0.0001571       0.0001059       0.0000708       0.0000469       0.0000308       0.0000201       0.0000130       0.0000083       0.0000053       0.0000033       0.0000021       0.0000013       0.0000008       0.0000005       0.0000003       0.0000002       0.0000001       0.0000001
       0.0000006       0.0000010       0.0000017       0.0000027       0.0000043       0.0000068       0.0000107       0.0000166       0.0000256       0.0000390       0.0000590       0.0000885       0.0001316       0.0001940       0.0002834       0.0004106       0.0005898       0.0008398       0.0011856       0.0016594       0.0023025       0.0031676       0.0043203       0.0058419       0.0078315       0.0104086       0.0137151       0.0179168       0.0232048       0.0297955       0.0379298       0.0478703       0.0598975       0.0743030       0.0913819       0.1114219       0.1346904       0.1614206       0.1917950       0.2259289       0.2638532       0.3054984       0.3506805       0.3990896       0.4502827       0.5036817       0.5585772       0.6141384       0.6694305       0.7234370       0.7750899       0.8233026       0.8670078       0.9051960       0.9369540       0.9615017       0.9782230       0.9866924       0.9866925       0.9782230       0.9615017       0.9369541       0.9051960       0.8670079       0.8233027       0.7750900       0.7234371       0.6694306       0.6141385       0.5585773       0.5036818       0.4502828       0.3990897       0.3506806       0.3054985       0.2638532       0.2259290       0.1917951       0.1614207       0.1346905       0.1114219       0.0913820       0.0743030       0.0598975       0.0478704       0.0379298       0.0297955       0.0232048       0.0179168       0.0137151       0.0104086       0.0078315       0.0058419       0.0043203       0.0031676       0.0023025       0.0016594       0.0011856       0.0008398       0.0005898       0.0004106       0.0002834       0.0001940       0.0001316       0.0000885       0.0000590       0.0000390       0.0000256       0.0000166       0.0000107       0.0000068       0.0000043       0.0000027       0.0000017       0.0000010       0.0000006       0.0000004       0.0000002       0.0000001       0.0000001
       0.0000006       0.0000009       0.0000015       0.0000025       0.0000039       0.0000062       0.0000097       0.0000150       0.0000231       0.0000353       0.0000534       0.0000801       0.0001192       0.0001758       0.0002572       0.0003729       0.0005361       0.0007641       0.0010799       0.0015132       0.0021022       0.0028956       0.0039544       0.0053544       0.0071882       0.0095677       0.0126264       0.0165209       0.0214324       0.0275669       0.0351549       0.0444495       0.0557223       0.0692586       0.0853492       0.1042815       0.1263271       0.1517286       0.1806843       0.2133314       0.2497302       0.2898472       0.3335407       0.3805487       0.4304804       0.4828123       0.5368895       0.5919339       0.6470581       0.7012858       0.7535786       0.8028674       0.8480877       0.8882178       0.9223163       0.9495591       0.9692725       0.9809604       0.9843256       0.9792821       0.9659587       0.9446938       0.9160207       0.8806457       0.8394192       0.7933015       0.7433261       0.6905613       0.6360728       0.5808889       0.5259702       0.4721836       0.4202835       0.3708989       0.3245267       0.2815316       0.2421505       0.2065026       0.1746013       0.1463696       0.1216567       0.1002543       0.0819128       0.0663563       0.0532960       0.0424413       0.0335092       0.0262314       0.0203592       0.0156668       0.0119532       0.0090421       0.0067816       0.0050429       0.0037180       0.0027178       0.0019698       0.0014154       0.0010084       0.0007123       0.0004989       0.0003464       0.0002385       0.0001628       0.0001102       0.0000739       0.0000492       0.0000324       0.0000212       0.0000138       0.0000088       0.0000056       0.0000036       0.0000022       0.0000014       0.0000009       0.0000005       0.0000003       0.0000002       0.0000001
       0.0000005       0.0000008       0.0000014       0.0000022       0.0000035       0.0000056       0.0000087       0.0000136       0.0000209       0.0000319       0.0000483       0.0000725       0.0001080       0.0001594       0.0002333       0.0003386       0.0004873       0.0006952       0.0009836       0.0013797       0.0019190       0.0026465       0.0036189       0.0049066       0.0065963       0.0087927       0.0116212       0.0152296       0.0197893       0.0254966       0.0325716       0.0412576       0.0518175       0.0645290       0.0796785       0.0975515       0.1184224       0.1425414       0.1701198       0.2013149       0.2362131       0.2748141       0.3170160       0.3626020       0.4112314       0.4624337       0.5156079       0.5700288       0.6248575       0.6791601       0.7319314       0.7821241       0.8286820       0.8705770       0.9068459       0.9366274       0.9591956       0.9739901       0.9806385       0.9789722       0.9690335       0.9510738       0.9255432       0.8930714       0.8544422       0.8105619       0.7624243       0.7110732       0.6575653       0.6029350       0.5481623       0.4941454       0.4416797       0.3914417       0.3439805       0.2997144       0.2589335       0.2218074       0.1883956       0.1586619       0.1324895       0.1096976       0.0900576       0.0733078       0.0591680       0.0473512       0.0375735       0.0295624       0.0230624       0.0178393       0.0136822       0.0104050       0.0078458       0.0058659       0.0043485       0.0031964       0.0023296       0.0016835       0.0012063       0.0008570       0.0006037       0.0004217       0.0002920       0.0002005       0.0001366       0.0000922       0.0000617       0.0000410       0.0000270       0.0000176       0.0000114       0.0000073       0.0000046       0.0000029       0.0000018       0.0000011       0.0000007       0.0000004       0.0000003       0.0000002
       0.0000005       0.0000008       0.0000012       0.0000020       0.0000032       0.0000050       0.0000079       0.0000122       0.0000189       0.0000288       0.0000437       0.0000657       0.0000978       0.0001445       0.0002117       0.0003075       0.0004429       0.0006325       0.0008957       0.0012579       0.0017515       0.0024185       0.0033112       0.0044954       0.0060518       0.0080785       0.0106933       0.0140353       0.0182668       0.0235742       0.0301678       0.0382809       0.0481673       0.0600973       0.0743514       0.0912128       0.1109568       0.1338394       0.1600834       0.1898630       0.2232886       0.2603902       0.3011028       0.3452525       0.3925463       0.4425648       0.4947603       0.5484597       0.6028741       0.6571137       0.7102094       0.7611394       0.8088613       0.8523458       0.8906141       0.9227738       0.9480538       0.9658343       0.9756730       0.9773225       0.9707412       0.9560949       0.9337498       0.9042573       0.8683314       0.8268200       0.7806716       0.7308996       0.6785457       0.6246438       0.5701876       0.5161014       0.4632168       0.4122546       0.3638134       0.3183639       0.2762492       0.2376896       0.2027922       0.1715632       0.1439227       0.1197199       0.0987496       0.0807674       0.0655042       0.0526786       0.0420079       0.0332169       0.0260448       0.0202495       0.0156113       0.0119342       0.0090466       0.0067999       0.0050682       0.0037458       0.0027451       0.0019948       0.0014374       0.0010271       0.0007277       0.0005112       0.0003561       0.0002460       0.0001685       0.0001145       0.0000771       0.0000515       0.0000341       0.0000224       0.0000146       0.0000094       0.0000060       0.0000038       0.0000024       0.0000015       0.0000009       0.0000006       0.0000003       0.0000002
       0.0000004       0.0000007       0.0000011       0.0000018       0.0000029       0.0000045       0.0000071       0.0000111       0.0000171       0.0000261       0.0000395       0.0000594       0.0000886       0.0001310       0.0001920       0.0002792       0.0004025       0.0005754       0.0008156       0.0011466       0.0015985       0.0022097       0.0030292       0.0041179       0.0055511       0.0074207       0.0098370       0.0129312       0.0168566       0.0217900       0.0279320       0.0355062       0.0447571       0.0559470       0.0693503       0.0852464       0.1039108       0.1256035       0.1505564       0.1789590       0.2109426       0.2465652       0.2857958       0.3285008       0.3744326       0.4232212       0.4743707       0.5272600       0.5811501       0.6351971       0.6884703       0.7399776       0.7886939       0.8335948       0.8736915       0.9080668       0.9359100       0.9565484       0.9694745       0.9743667       0.9711025       0.9597637       0.9406328       0.9141817       0.8810520       0.8420292       0.7980118       0.7499772       0.6989457       0.6459448       0.5919758       0.5379836       0.4848314       0.4332804       0.3839759       0.3374391       0.2940651       0.2541255       0.2177757       0.1850663       0.1559559       0.1303265       0.1079992       0.0887492       0.0723212       0.0584417       0.0468314       0.0372141       0.0293248       0.0229149       0.0177566       0.0136444       0.0103970       0.0078563       0.0058869       0.0043743       0.0032232       0.0023552       0.0017065       0.0012262       0.0008737       0.0006174       0.0004326       0.0003006       0.0002071       0.0001415       0.0000959       0.0000644       0.0000429       0.0000284       0.0000186       0.0000121       0.0000078       0.0000050       0.0000031       0.0000020       0.0000012       0.0000008       0.0000005       0.0000003
       0.0000004       0.0000006       0.0000010       0.0000016       0.0000026       0.0000041       0.0000064       0.0000100       0.0000154       0.0000236       0.0000358       0.0000538       0.0000803       0.0001187       0.0001742       0.0002535       0.0003657       0.0005233       0.0007426       0.0010451       0.0014586       0.0020187       0.0027707       0.0037714       0.0050908       0.0068149       0.0090471       0.0119108       0.0155508       0.0201347       0.0258534       0.0329210       0.0415727       0.0520624       0.0646579       0.0796342       0.0972654       0.1178143       0.1415203       0.1685856       0.1991603       0.2333276       0.2710880       0.3123455       0.3568956       0.4044158       0.4544601       0.5064590       0.5597238       0.6134570       0.6667689       0.7186996       0.7682461       0.8143934       0.8561482       0.8925747       0.9228286       0.9461901       0.9620921       0.9701430       0.9701430       0.9620921       0.9461901       0.9228286       0.8925747       0.8561483       0.8143934       0.7682462       0.7186997       0.6667690       0.6134571       0.5597239       0.5064591       0.4544602       0.4044158       0.3568957       0.3123456       0.2710881       0.2333277       0.1991604       0.1685856       0.1415204       0.1178144       0.0972654       0.0796342       0.0646579       0.0520624       0.0415727       0.0329210       0.0258534       0.0201347       0.0155508       0.0119108       0.0090471       0.0068149       0.0050908       0.0037714       0.0027707       0.0020187       0.0014586       0.0010451       0.0007426       0.0005233       0.0003657       0.0002535       0.0001742       0.0001187       0.0000803       0.0000538       0.0000358       0.0000236       0.0000154       0.0000100       0.0000064       0.0000041       0.0000026       0.0000016       0.0000010       0.0000006       0.0000004
