   2.7323722e-01   3.6742011e-01   4.8782681e-01   6.3951114e-01   8.2777110e-01   1.0579182e+00   1.3349766e+00   1.6633164e+00   2.0462364e+00   2.4855153e+00   2.9809643e+00   3.5300170e+00   4.1273997e+00   4.7649236e+00   5.4314410e+00   6.1129927e+00   6.7931686e+00   7.4536776e+00   8.0751111e+00   8.6378590e+00   9.1231206e+00   9.5139401e+00   9.7961880e+00   9.9594075e+00   9.9974581e+00   9.9088986e+00   9.6970775e+00   9.3699236e+00   8.9394527e+00   8.4210357e+00   7.8324888e+00   7.1930612e+00   6.5223999e+00   5.8395689e+00   5.1621884e+00   4.5057450e+00   3.8831044e+00   3.3042373e+00   2.7761510e+00   2.3030037e+00   1.8863656e+00   1.5255864e+00   1.2182249e+00   9.6050096e-01   7.4773522e-01   5.7474814e-01   4.3620135e-01   3.2687081e-01   2.4184937e-01   1.7668248e-01   1.2744468e-01   9.0767342e-02   6.3828882e-02   4.4318448e-02   3.0383063e-02   2.0566399e-02   1.3745631e-02   9.0709081e-03   5.9103958e-03   3.8024373e-03   2.4153900e-03   1.5149285e-03   9.3815961e-04   5.7364210e-04   3.4632592e-04   2.0644705e-04   1.2151001e-04   7.0614702e-05   4.0518924e-05   2.2956220e-05   1.2841700e-05   7.0929092e-06   3.8681736e-06   2.0828942e-06   1.1074093e-06   5.8133815e-07   3.0132084e-07   1.5420882e-07   7.7923594e-08   3.8878401e-08   1.9152593e-08   9.3159329e-09   4.4740910e-09   2.1215977e-09   9.9334774e-10   4.5921714e-10   2.0961153e-10   9.4469973e-11   4.2037129e-11   1.8470322e-11   8.0135010e-12   3.4309740e-12   1.4514020e-12   6.0585611e-13   2.4821626e-13   1.0184446e-13   4.2632564e-14   1.5158245e-14   5.6843419e-15   3.7895613e-15   9.4739031e-16   0.0000000e+00   1.8947806e-15  -9.4739031e-16   0.0000000e+00   9.4739031e-16  -9.4739031e-16  -9.4739031e-16   7.1054274e-16   4.7369516e-16  -9.4739031e-16   9.4739031e-16   0.0000000e+00  -4.7369516e-16   2.3684758e-16   3.5527137e-16  -5.9211895e-16   0.0000000e+00  -2.3684758e-16  -1.1842379e-15
   1.7888593e-01   3.0205312e-01   4.2910060e-01   5.7486664e-01   7.4986065e-01   9.6177261e-01   1.2165884e+00   1.5189630e+00   1.8726932e+00   2.2799200e+00   2.7413216e+00   3.2551835e+00   3.8176163e+00   4.4218003e+00   5.0583913e+00   5.7151102e+00   6.3774576e+00   7.0287293e+00   7.6510659e+00   8.2258489e+00   8.7349757e+00   9.1614541e+00   9.4906741e+00   9.7109275e+00   9.8144009e+00   9.7973547e+00   9.6606197e+00   9.4092793e+00   9.0526015e+00   8.6032410e+00   8.0767165e+00   7.4903146e+00   6.8623534e+00   6.2110583e+00   5.5538900e+00   4.9066436e+00   4.2830524e+00   3.6942591e+00   3.1487792e+00   2.6523588e+00   2.2082513e+00   1.8173659e+00   1.4787307e+00   1.1897841e+00   9.4687822e-01   7.4557841e-01   5.8109299e-01   4.4849387e-01   3.4301649e-01   2.6017188e-01   1.9591230e-01   1.4664888e-01   1.0931084e-01   8.1303912e-02   6.0501467e-02   4.5180624e-02   3.3978617e-02   2.5834131e-02   1.9930563e-02   1.5658136e-02   1.2554145e-02   1.0291558e-02   8.6183211e-03   7.3722433e-03   6.4172486e-03   5.6819275e-03   5.0892880e-03   4.6160884e-03   4.2128304e-03   3.8817114e-03   3.5843095e-03   3.3369315e-03   3.1041278e-03   2.9110159e-03   2.7212289e-03   2.5663861e-03   2.4073091e-03   2.2812250e-03   2.1451313e-03   2.0416300e-03   1.9232389e-03   1.8380249e-03   1.7334892e-03   1.6634372e-03   1.5698229e-03   1.5125994e-03   1.4275906e-03   1.3814343e-03   1.3031476e-03   1.2667323e-03   1.1935889e-03   1.1659358e-03   1.0965661e-03   1.0769891e-03   1.0101548e-03   9.9823082e-04   9.3275464e-04   9.2831849e-04   8.6301089e-04   8.6617576e-04   7.9974756e-04   8.1096202e-04   7.4190350e-04   7.6206602e-04   6.8845843e-04   7.1913567e-04   6.3832400e-04   6.8217722e-04   5.9014155e-04   6.5181734e-04   5.4182142e-04   6.3002086e-04   4.8927084e-04   6.2236074e-04   4.2206890e-04   6.5043327e-04   3.8141493e-04   1.9734582e-03   1.0524214e-02   5.9904550e-02
   1.5658866e-01   2.6530587e-01   3.8694433e-01   5.2774219e-01   6.9493954e-01   8.9563446e-01   1.1360136e+00   1.4211313e+00   1.7550329e+00   2.1403034e+00   2.5780285e+00   3.0672053e+00   3.6046861e+00   4.1846981e+00   4.7989541e+00   5.4364534e+00   6.0838887e+00   6.7258190e+00   7.3454124e+00   7.9249678e+00   8.4469098e+00   8.8945083e+00   9.2529254e+00   9.5098905e+00   9.6565428e+00   9.6878112e+00   9.6028351e+00   9.4048839e+00   9.1012656e+00   8.7027737e+00   8.2231555e+00   7.6782301e+00   7.0851210e+00   6.4612860e+00   5.8237686e+00   5.1883822e+00   4.5691915e+00   3.9780118e+00   3.4242237e+00   2.9146268e+00   2.4535704e+00   2.0430931e+00   1.6832649e+00   1.3724864e+00   1.1079074e+00   8.8575574e-01   7.0171974e-01   5.5121466e-01   4.2966249e-01   3.3265648e-01   2.5612240e-01   1.9638424e-01   1.5022556e-01   1.1488434e-01   8.8047603e-02   6.7809438e-02   5.2631114e-02   4.1290177e-02   3.2829032e-02   2.6512670e-02   2.1778018e-02   1.8208181e-02   1.5486661e-02   1.3389518e-02   1.1743759e-02   1.0435639e-02   9.3705603e-03   8.4948655e-03   7.7543530e-03   7.1272487e-03   6.5789711e-03   6.1046960e-03   5.6786714e-03   5.3055075e-03   4.9628691e-03   4.6611708e-03   4.3788069e-03   4.1303047e-03   3.8934146e-03   3.6860263e-03   3.4844809e-03   3.3097377e-03   3.1362335e-03   2.9879408e-03   2.8370058e-03   2.7104961e-03   2.5779118e-03   2.4695975e-03   2.3520380e-03   2.2591253e-03   2.1539158e-03   2.0742137e-03   1.9791605e-03   1.9109498e-03   1.8242153e-03   1.7661584e-03   1.6861622e-03   1.6372445e-03   1.5625814e-03   1.5220784e-03   1.4514404e-03   1.4189121e-03   1.3510042e-03   1.3263234e-03   1.2597541e-03   1.2431884e-03   1.1763003e-03   1.1686954e-03   1.0992592e-03   1.1024414e-03   1.0270150e-03   1.0447494e-03   9.5714902e-04   9.9842907e-04   8.9331710e-04   1.0602546e-03   1.4788204e-03   5.0257839e-03   1.8555675e-02   6.3407067e-02
   1.4258475e-01   2.4006459e-01   3.5404696e-01   4.8835883e-01   6.4819256e-01   8.3949750e-01   1.0680495e+00   1.3389110e+00   1.6562737e+00   2.0230220e+00   2.4406076e+00   2.9085647e+00   3.4243831e+00   3.9831092e+00   4.5773617e+00   5.1971745e+00   5.8302851e+00   6.4623143e+00   7.0773770e+00   7.6585930e+00   8.1889555e+00   8.6520473e+00   9.0329911e+00   9.3191534e+00   9.5009400e+00   9.5722495e+00   9.5309021e+00   9.3786733e+00   9.1212505e+00   8.7678130e+00   8.3305605e+00   7.8239519e+00   7.2639794e+00   6.6672807e+00   6.0503910e+00   5.4289597e+00   4.8171878e+00   4.2273143e+00   3.6693561e+00   3.1509222e+00   2.6772594e+00   2.2513490e+00   1.8741755e+00   1.5449960e+00   1.2617094e+00   1.0211776e+00   8.1958453e-01   6.5271415e-01   5.1622820e-01   4.0585409e-01   3.1755573e-01   2.4762566e-01   1.9275951e-01   1.5007338e-01   1.1711001e-01   9.1811928e-02   7.2489579e-02   5.7777793e-02   4.6589302e-02   3.8073240e-02   3.1568016e-02   2.6571458e-02   2.2698828e-02   1.9667508e-02   1.7260739e-02   1.5326025e-02   1.3742679e-02   1.2431732e-02   1.1324740e-02   1.0382955e-02   9.5651372e-03   8.8542882e-03   8.2227732e-03   7.6655710e-03   7.1615290e-03   6.7126070e-03   6.3004653e-03   5.9315503e-03   5.5884252e-03   5.2807972e-03   4.9910905e-03   4.7316850e-03   4.4842434e-03   4.2635591e-03   4.0501075e-03   3.8610198e-03   3.6752448e-03   3.5122906e-03   3.3492684e-03   3.2081899e-03   3.0640099e-03   2.9414501e-03   2.8129546e-03   2.7062466e-03   2.5908437e-03   2.4978634e-03   2.3933864e-03   2.3124490e-03   2.2170465e-03   2.1468367e-03   2.0588796e-03   1.9984122e-03   1.9164053e-03   1.8650161e-03   1.7875018e-03   1.7448809e-03   1.6703063e-03   1.6366037e-03   1.5631023e-03   1.5391838e-03   1.4641411e-03   1.4522904e-03   1.3720066e-03   1.3836232e-03   1.3305971e-03   1.6183863e-03   2.6755856e-03   7.5058469e-03   2.2360180e-02   6.3042009e-02
   1.3208322e-01   2.2074639e-01   3.2729163e-01   4.5478714e-01   6.0737546e-01   7.9012071e-01   1.0082759e+00   1.2667115e+00   1.5696267e+00   1.9200875e+00   2.3198350e+00   2.7688387e+00   3.2651328e+00   3.8044541e+00   4.3802084e+00   4.9833234e+00   5.6024647e+00   6.2241989e+00   6.8335153e+00   7.4143043e+00   7.9501375e+00   8.4249556e+00   8.8239519e+00   9.1342738e+00   9.3457907e+00   9.4515847e+00   9.4483972e+00   9.3367388e+00   9.1208990e+00   8.8086251e+00   8.4107163e+00   7.9403593e+00   7.4124540e+00   6.8427942e+00   6.2473396e+00   5.6414583e+00   5.0393457e+00   4.4534970e+00   3.8943972e+00   3.3702956e+00   2.8871881e+00   2.4488679e+00   2.0571349e+00   1.7120286e+00   1.4121561e+00   1.1549948e+00   9.3723124e-01   7.5504015e-01   6.0435988e-01   4.8109416e-01   3.8129241e-01   3.0126092e-01   2.3765095e-01   1.8749423e-01   1.4822164e-01   1.1764981e-01   9.3958312e-02   7.5653705e-02   6.1528560e-02   5.0622413e-02   4.2177605e-02   3.5608099e-02   3.0459421e-02   2.6389549e-02   2.3134734e-02   2.0502588e-02   1.8342640e-02   1.6549943e-02   1.5038197e-02   1.3751813e-02   1.2639484e-02   1.1672996e-02   1.0819562e-02   1.0066224e-02   9.3897458e-03   8.7859610e-03   8.2364063e-03   7.7423278e-03   7.2874821e-03   6.8767795e-03   6.4947968e-03   6.1492067e-03   5.8245903e-03   5.5309262e-03   5.2522775e-03   5.0007168e-03   4.7594108e-03   4.5424608e-03   4.3318239e-03   4.1436645e-03   3.9584376e-03   3.7944861e-03   3.6304584e-03   3.4870686e-03   3.3408183e-03   3.2150704e-03   3.0837739e-03   2.9733244e-03   2.8546119e-03   2.7575875e-03   2.6494261e-03   2.5643547e-03   2.4649477e-03   2.3907208e-03   2.2984071e-03   2.2342826e-03   2.1474159e-03   2.0930803e-03   2.0098468e-03   1.9656024e-03   1.8837338e-03   1.8514323e-03   1.7704685e-03   1.7724841e-03   1.7781025e-03   2.2260196e-03   3.7711873e-03   9.3102456e-03   2.4364911e-02   6.1651545e-02
   1.2359191e-01   2.0508836e-01   3.0485371e-01   4.2572102e-01   5.7129097e-01   7.4602476e-01   9.5471499e-01   1.2019801e+00   1.4919418e+00   1.8277570e+00   2.2113810e+00   2.6431362e+00   3.1215218e+00   3.6428704e+00   4.2012806e+00   4.7884708e+00   5.3939427e+00   6.0051218e+00   6.6078111e+00   7.1866326e+00   7.7257357e+00   8.2094512e+00   8.6231182e+00   8.9537726e+00   9.1908910e+00   9.3269026e+00   9.3576512e+00   9.2825612e+00   9.1046971e+00   8.8305210e+00   8.4695515e+00   8.0337794e+00   7.5370501e+00   6.9943050e+00   6.4208815e+00   5.8317830e+00   5.2410908e+00   4.6614287e+00   4.1036159e+00   3.5764087e+00   3.0864301e+00   2.6381777e+00   2.2341813e+00   1.8751993e+00   1.5605076e+00   1.2881800e+00   1.0554067e+00   8.5876839e-01   6.9450734e-01   5.5873741e-01   4.4763171e-01   3.5754835e-01   2.8513101e-01   2.2735977e-01   1.8158214e-01   1.4551201e-01   1.1721628e-01   9.5086781e-02   7.7805170e-02   6.4307393e-02   5.3742663e-02   4.5442365e-02   3.8881571e-02   3.3657806e-02   2.9457966e-02   2.6048006e-02   2.3244901e-02   2.0916127e-02   1.8954934e-02   1.7287831e-02   1.5851208e-02   1.4605173e-02   1.3509878e-02   1.2544497e-02   1.1682034e-02   1.0912688e-02   1.0216311e-02   9.5897824e-03   9.0165106e-03   8.4977180e-03   8.0185457e-03   7.5833043e-03   7.1778082e-03   6.8087835e-03   6.4620609e-03   6.1464304e-03   5.8472905e-03   5.5753308e-03   5.3151746e-03   5.0793683e-03   4.8514633e-03   4.6459090e-03   4.4448990e-03   4.2649094e-03   4.0864710e-03   3.9282902e-03   3.7688847e-03   3.6294867e-03   3.4861746e-03   3.3631197e-03   3.2334159e-03   3.1247503e-03   3.0065041e-03   2.9106977e-03   2.8019826e-03   2.7179057e-03   2.6168993e-03   2.5438543e-03   2.4486768e-03   2.3865677e-03   2.2952281e-03   2.2463417e-03   2.1633296e-03   2.1665043e-03   2.2332521e-03   2.8310627e-03   4.7227656e-03   1.0629975e-02   2.5455369e-02   5.9932027e-02
   1.1643954e-01   1.9194353e-01   2.8561580e-01   4.0023207e-01   5.3910376e-01   7.0628814e-01   9.0621052e-01   1.1432421e+00   1.4213890e+00   1.7438381e+00   2.1126965e+00   2.5285712e+00   2.9903575e+00   3.4949063e+00   4.0369312e+00   4.6088582e+00   5.2009484e+00   5.8014154e+00   6.3968231e+00   6.9724901e+00   7.5131382e+00   8.0035092e+00   8.4291429e+00   8.7770467e+00   9.0364158e+00   9.1991569e+00   9.2603611e+00   9.2185145e+00   9.0755986e+00   8.8369165e+00   8.5108090e+00   8.1081429e+00   7.6417479e+00   7.1257146e+00   6.5747278e+00   6.0033641e+00   5.4255067e+00   4.8538053e+00   4.2993041e+00   3.7711543e+00   3.2765015e+00   2.8204542e+00   2.4061954e+00   2.0351434e+00   1.7072033e+00   1.4210241e+00   1.1742957e+00   9.6401325e-01   7.8674330e-01   6.3883675e-01   5.1662189e-01   4.1654130e-01   3.3526311e-01   2.6974523e-01   2.1727772e-01   1.7549353e-01   1.4236434e-01   1.1618054e-01   9.5522409e-02   7.9228679e-02   6.6359026e-02   5.6163993e-02   4.8048169e-02   4.1547852e-02   3.6298798e-02   3.2023574e-02   2.8504272e-02   2.5579016e-02   2.3118381e-02   2.1029565e-02   1.9234777e-02   1.7681527e-02   1.6321395e-02   1.5125215e-02   1.4061004e-02   1.3113232e-02   1.2259027e-02   1.1491080e-02   1.0791526e-02   1.0158289e-02   9.5761860e-03   9.0467218e-03   8.5560512e-03   8.1083409e-03   7.6902576e-03   7.3081253e-03   6.9485795e-03   6.6198343e-03   6.3081011e-03   6.0233656e-03   5.7510975e-03   5.5030396e-03   5.2636324e-03   5.0464441e-03   4.8345967e-03   4.6436302e-03   4.4550295e-03   4.2865385e-03   4.1176275e-03   3.9685810e-03   3.8163804e-03   3.6843306e-03   3.5462972e-03   3.4292909e-03   3.3031923e-03   3.1997242e-03   3.0835137e-03   2.9925352e-03   2.8842117e-03   2.8053415e-03   2.7032928e-03   2.6400446e-03   2.5551115e-03   2.5649032e-03   2.6890449e-03   3.4119145e-03   5.5413007e-03   1.1614677e-02   2.6030726e-02   5.8128744e-02
   1.1026031e-01   1.8064549e-01   2.6884843e-01   3.7764468e-01   5.1018354e-01   6.7024720e-01   8.6197626e-01   1.0895223e+00   1.3567650e+00   1.6668846e+00   2.0220933e+00   2.4232260e+00   2.8695155e+00   3.3582652e+00   3.8847367e+00   4.4419936e+00   5.0209905e+00   5.6106682e+00   6.1983041e+00   6.7698812e+00   7.3106839e+00   7.8058787e+00   8.2412467e+00   8.6038314e+00   8.8826364e+00   9.0691524e+00   9.1578386e+00   9.1463666e+00   9.0357580e+00   8.8302664e+00   8.5371478e+00   8.1662126e+00   7.7293153e+00   7.2397055e+00   6.7113970e+00   6.1584940e+00   5.5946147e+00   5.0323518e+00   4.4828819e+00   3.9556561e+00   3.4582506e+00   2.9963010e+00   2.5735733e+00   2.1920892e+00   1.8523438e+00   1.5535374e+00   1.2938506e+00   1.0706969e+00   8.8098121e-01   7.2131256e-01   5.8820050e-01   4.7820019e-01   3.8803252e-01   3.1465984e-01   2.5533893e-01   2.0764238e-01   1.6946367e-01   1.3900511e-01   1.1475545e-01   9.5463143e-02   8.0102609e-02   6.7845905e-02   5.8027785e-02   5.0123016e-02   4.3714952e-02   3.8481283e-02   3.4167246e-02   3.0579877e-02   2.7565085e-02   2.5009251e-02   2.2818689e-02   2.0927202e-02   1.9276430e-02   1.7828166e-02   1.6544376e-02   1.5403426e-02   1.4378886e-02   1.3459144e-02   1.2624367e-02   1.1869254e-02   1.1177692e-02   1.0548593e-02   9.9678778e-03   9.4374793e-03   8.9443268e-03   8.4926957e-03   8.0698655e-03   7.6820719e-03   7.3164856e-03   6.9811060e-03   6.6626423e-03   6.3707835e-03   6.0914762e-03   5.8361170e-03   5.5896033e-03   5.3651380e-03   5.1462671e-03   4.9481815e-03   4.7527289e-03   4.5773673e-03   4.4018199e-03   4.2462182e-03   4.0876047e-03   3.9493744e-03   3.8051235e-03   3.6823817e-03   3.5501881e-03   3.4415496e-03   3.3192665e-03   3.2241654e-03   3.1107216e-03   3.0345187e-03   2.9478467e-03   2.9662886e-03   3.1407105e-03   3.9620696e-03   6.2491471e-03   1.2365436e-02   2.6297498e-02   5.6343593e-02
   1.0482961e-01   1.7076990e-01   2.5404901e-01   3.5745466e-01   4.8403858e-01   6.3738934e-01   8.2142689e-01   1.0401151e+00   1.2972107e+00   1.5958668e+00   1.9383669e+00   2.3257289e+00   2.7574729e+00   3.2312987e+00   3.7429577e+00   4.2860898e+00   4.8522856e+00   5.4311590e+00   6.0106574e+00   6.5773980e+00   7.1172156e+00   7.6157083e+00   8.0589292e+00   8.4340094e+00   8.7298335e+00   8.9375656e+00   9.0511347e+00   9.0675050e+00   8.9868447e+00   8.8124567e+00   8.5505966e+00   8.2100833e+00   7.8018373e+00   7.3382834e+00   6.8327552e+00   6.2988515e+00   5.7498730e+00   5.1982864e+00   4.6553230e+00   4.1306508e+00   3.6321955e+00   3.1660442e+00   2.7364797e+00   2.3460737e+00   1.9958717e+00   1.6855992e+00   1.4139149e+00   1.1786502e+00   9.7705681e-01   8.0601842e-01   6.6224718e-01   5.4243484e-01   4.4338009e-01   3.6207399e-01   2.9576234e-01   2.4197711e-01   1.9855012e-01   1.6360899e-01   1.3556121e-01   1.1307238e-01   9.5036630e-02   8.0550542e-02   6.8880348e-02   5.9439511e-02   5.1758234e-02   4.5468176e-02   4.0276088e-02   3.5956332e-02   3.2328349e-02   2.9256211e-02   2.6628731e-02   2.4364822e-02   2.2394889e-02   2.0670851e-02   1.9147628e-02   1.7796965e-02   1.6588110e-02   1.5504878e-02   1.4524868e-02   1.3639473e-02   1.2831148e-02   1.2096262e-02   1.1420065e-02   1.0802400e-02   1.0230053e-02   9.7054670e-03   9.2161639e-03   8.7666813e-03   8.3447357e-03   7.9566766e-03   7.5900156e-03   7.2527785e-03   6.9319471e-03   6.6371930e-03   6.3546744e-03   6.0957641e-03   5.8455007e-03   5.6170970e-03   5.3941445e-03   5.1919272e-03   4.9921964e-03   4.8126568e-03   4.6327142e-03   4.4730095e-03   4.3099144e-03   4.1677745e-03   4.0189351e-03   3.8926446e-03   3.7557606e-03   3.6446612e-03   3.5193601e-03   3.4310630e-03   3.3425068e-03   3.3695242e-03   3.5858972e-03   4.4816998e-03   6.8681299e-03   1.2950241e-02   2.6372874e-02   5.4622066e-02
   9.9997799e-02   1.6202816e-01   2.4085589e-01   3.3927673e-01   4.6027712e-01   6.0730341e-01   7.8410209e-01   9.9447857e-01   1.2420761e+00   1.5300102e+00   1.8606118e+00   2.2350468e+00   2.6530807e+00   3.1127610e+00   3.6102779e+00   4.1397942e+00   4.6934842e+00   5.2615869e+00   5.8326797e+00   6.3939843e+00   6.9318718e+00   7.4323752e+00   7.8818412e+00   8.2675303e+00   8.5782678e+00   8.8049665e+00   8.9411121e+00   8.9830550e+00   8.9302045e+00   8.7850011e+00   8.5527785e+00   8.2414254e+00   7.8609712e+00   7.4230362e+00   6.9402719e+00   6.4257490e+00   5.8924087e+00   5.3525359e+00   4.8173498e+00   4.2966629e+00   3.7986781e+00   3.3298651e+00   2.8949621e+00   2.4970392e+00   2.1376525e+00   1.8170254e+00   1.5342792e+00   1.2876580e+00   1.0747654e+00   8.9277140e-01   7.3860801e-01   6.0912410e-01   5.0121812e-01   4.1193179e-01   3.3852074e-01   2.7849493e-01   2.2964075e-01   1.9002442e-01   1.5798270e-01   1.3210632e-01   1.1121469e-01   9.4332518e-02   8.0659492e-02   6.9548541e-02   6.0476482e-02   5.3028164e-02   4.6870565e-02   4.1743983e-02   3.7439798e-02   3.3798341e-02   3.0689423e-02   2.8015862e-02   2.5695582e-02   2.3669730e-02   2.1885210e-02   2.0306539e-02   1.8897911e-02   1.7638198e-02   1.6501876e-02   1.5476834e-02   1.4543664e-02   1.3696129e-02   1.2918446e-02   1.2208401e-02   1.1552315e-02   1.0950902e-02   1.0391625e-02   9.8774827e-03   9.3964376e-03   8.9533936e-03   8.5363573e-03   8.1519375e-03   7.7878262e-03   7.4522568e-03   7.1322978e-03   6.8378214e-03   6.5549753e-03   6.2953700e-03   6.0439155e-03   5.8141514e-03   5.5893791e-03   5.3853696e-03   5.1833483e-03   5.0017727e-03   4.8191627e-03   4.6573490e-03   4.4912474e-03   4.3471523e-03   4.1951060e-03   4.0680570e-03   3.9305110e-03   3.8305707e-03   3.7396268e-03   3.7739279e-03   4.0238987e-03   4.9736804e-03   7.4167529e-03   1.3415735e-02   2.6327835e-02   5.2984429e-02
   9.5659125e-02   1.5421410e-01   2.2899968e-01   3.2281010e-01   4.3858203e-01   5.7965202e-01   7.4962709e-01   9.5217871e-01   1.1908476e+00   1.4687074e+00   1.7881202e+00   2.1503721e+00   2.5554389e+00   3.0016746e+00   3.4856629e+00   4.0020423e+00   4.5435239e+00   5.1009276e+00   5.6634237e+00   6.2188103e+00   6.7539792e+00   7.2553971e+00   7.7097212e+00   8.1043736e+00   8.4281706e+00   8.6718370e+00   8.8284912e+00   8.8939514e+00   8.8669520e+00   8.7491519e+00   8.5450350e+00   8.2616192e+00   7.9080853e+00   7.4952729e+00   7.0351560e+00   6.5402616e+00   6.0231399e+00   5.4958470e+00   4.9695335e+00   4.4540933e+00   3.9579417e+00   3.4878677e+00   3.0490079e+00   2.6448815e+00   2.2775157e+00   1.9476027e+00   1.6547089e+00   1.3974830e+00   1.1738812e+00   9.8136793e-01   8.1710867e-01   6.7812652e-01   5.6143899e-01   4.6415817e-01   3.8356870e-01   3.1717627e-01   2.6273738e-01   2.1827013e-01   1.8205130e-01   1.5260506e-01   1.2868221e-01   1.0923983e-01   9.3413601e-02   8.0497225e-02   6.9914407e-02   6.1202809e-02   5.3988690e-02   4.7977140e-02   4.2930091e-02   3.8662807e-02   3.5024702e-02   3.1901313e-02   2.9196881e-02   2.6840850e-02   2.4771157e-02   2.2944423e-02   2.1319067e-02   1.9868576e-02   1.8563764e-02   1.7388753e-02   1.6321860e-02   1.5354106e-02   1.4468351e-02   1.3660282e-02   1.2915484e-02   1.2232972e-02   1.1599905e-02   1.1017820e-02   1.0474697e-02   9.9741155e-03   9.5043456e-03   9.0707370e-03   8.6614527e-03   8.2834787e-03   7.9245399e-03   7.5932311e-03   7.2765343e-03   6.9847159e-03   6.7037013e-03   6.4455826e-03   6.1948733e-03   5.9657525e-03   5.7408824e-03   5.5369338e-03   5.3341338e-03   5.1522652e-03   4.9682983e-03   4.8061375e-03   4.6384006e-03   4.4953209e-03   4.3451474e-03   4.2337004e-03   4.1395801e-03   4.1792255e-03   4.4549841e-03   5.4417834e-03   7.9100162e-03   1.3794677e-02   2.6207470e-02   5.1438727e-02
   9.1735453e-02   1.4717470e-01   2.1827392e-01   3.0781552e-01   4.1869309e-01   5.5415385e-01   7.1768965e-01   9.1285760e-01   1.1431065e+00   1.4114674e+00   1.7203217e+00   2.0710542e+00   2.4638221e+00   2.8972502e+00   3.3682761e+00   3.8719714e+00   4.4015422e+00   4.9483488e+00   5.5021194e+00   6.0512011e+00   6.5829903e+00   7.0843840e+00   7.5423605e+00   7.9445302e+00   8.2797416e+00   8.5385864e+00   8.7138807e+00   8.8009830e+00   8.7980282e+00   8.7059674e+00   8.5285016e+00   8.2718342e+00   7.9443406e+00   7.5561056e+00   7.1184345e+00   6.6433026e+00   6.1428442e+00   5.6288490e+00   5.1123503e+00   4.6032686e+00   4.1101732e+00   3.6401152e+00   3.1985760e+00   2.7894766e+00   2.4152765e+00   2.0771074e+00   1.7749605e+00   1.5078787e+00   1.2741684e+00   1.0715932e+00   8.9756218e-01   7.4928689e-01   6.2392050e-01   5.1866318e-01   4.3084617e-01   3.5798750e-01   2.9782883e-01   2.4835314e-01   2.0778804e-01   1.7459983e-01   1.4747724e-01   1.2531446e-01   1.0718626e-01   9.2328977e-02   8.0113936e-02   7.0031636e-02   6.1667039e-02   5.4689135e-02   4.8829241e-02   4.3876370e-02   3.9658258e-02   3.6042020e-02   3.2917064e-02   3.0200187e-02   2.7819426e-02   2.5722801e-02   2.3862235e-02   2.2205344e-02   2.0718737e-02   1.9382455e-02   1.8172134e-02   1.7075871e-02   1.6074855e-02   1.5162588e-02   1.4323664e-02   1.3555380e-02   1.2844376e-02   1.2190761e-02   1.1582336e-02   1.1021425e-02   1.0496378e-02   1.0011384e-02   9.5548918e-03   9.1327686e-03   8.7332019e-03   8.3636648e-03   8.0117664e-03   7.6866117e-03   7.3749163e-03   7.0875371e-03   6.8099497e-03   6.5549872e-03   6.3064671e-03   6.0795600e-03   5.8558774e-03   5.6534923e-03   5.4510531e-03   5.2704851e-03   5.0865377e-03   4.9272455e-03   4.7640343e-03   4.6409776e-03   4.5426943e-03   4.5854484e-03   4.8799525e-03   5.8898753e-03   8.3599078e-03   1.4110582e-02   2.6041464e-02   4.9986782e-02
   8.8167026e-02   1.4079283e-01   2.0851664e-01   2.9409957e-01   4.0039423e-01   5.3057153e-01   6.8802540e-01   8.7621389e-01   1.0985035e+00   1.3578830e+00   1.6567453e+00   1.9965569e+00   2.3776321e+00   2.7988359e+00   3.2574251e+00   3.7488664e+00   4.2668224e+00   4.8031571e+00   5.3481239e+00   5.8905925e+00   6.4184470e+00   6.9190085e+00   7.3795842e+00   7.7879935e+00   8.1331512e+00   8.4055629e+00   8.5977993e+00   8.7048238e+00   8.7242396e+00   8.6563566e+00   8.5041560e+00   8.2730806e+00   7.9707424e+00   7.6064996e+00   7.1910014e+00   6.7356680e+00   6.2522004e+00   5.7520906e+00   5.2462141e+00   4.7444695e+00   4.2555282e+00   3.7866510e+00   3.3436141e+00   2.9306955e+00   2.5507490e+00   2.2053159e+00   1.8947907e+00   1.6185976e+00   1.3753883e+00   1.1632271e+00   9.7977410e-01   8.2244061e-01   6.8852967e-01   5.7534515e-01   4.8028098e-01   4.0088303e-01   3.3489249e-01   2.8026988e-01   2.3520451e-01   1.9811362e-01   1.6763083e-01   1.4259263e-01   1.2201648e-01   1.0508364e-01   9.1114303e-02   7.9552225e-02   6.9940835e-02   6.1912417e-02   5.5166735e-02   4.9465520e-02   4.4613684e-02   4.0458844e-02   3.6874483e-02   3.3763824e-02   3.1044082e-02   2.8653954e-02   2.6538146e-02   2.4657878e-02   2.2975010e-02   2.1465149e-02   2.0100841e-02   1.8867036e-02   1.7742943e-02   1.6719752e-02   1.5780827e-02   1.4921688e-02   1.4128261e-02   1.3399219e-02   1.2722012e-02   1.2097744e-02   1.1514681e-02   1.0975920e-02   1.0470038e-02   1.0001872e-02   9.5599161e-03   9.1506322e-03   8.7620943e-03   8.4023777e-03   8.0588141e-03   7.7411804e-03   7.4357230e-03   7.1541110e-03   6.8811024e-03   6.6305813e-03   6.3852979e-03   6.1618693e-03   5.9403370e-03   5.7409556e-03   5.5402713e-03   5.3645016e-03   5.1878032e-03   5.0528527e-03   4.9492975e-03   4.9928372e-03   5.2998612e-03   6.3215808e-03   8.7759870e-03   1.4380665e-02   2.5849890e-02   4.8627190e-02
   8.4906870e-02   1.3497662e-01   1.9959826e-01   2.8150361e-01   3.8350422e-01   5.0870280e-01   6.6040776e-01   8.4198985e-01   1.0567412e+00   1.3076100e+00   1.5969945e+00   1.9264296e+00   2.2963663e+00   2.7058835e+00   3.1525264e+00   3.6321231e+00   4.1387580e+00   4.6647643e+00   5.2008902e+00   5.7365024e+00   6.2599559e+00   6.7589883e+00   7.2212395e+00   7.6347540e+00   7.9885422e+00   8.2730630e+00   8.4806923e+00   8.6060550e+00   8.6462841e+00   8.6011098e+00   8.4728518e+00   8.2662435e+00   7.9881752e+00   7.6473074e+00   7.2536489e+00   6.8180662e+00   6.3518144e+00   5.8660636e+00   5.3714964e+00   4.8779478e+00   4.3941450e+00   3.9275107e+00   3.4840692e+00   3.0684131e+00   2.6837536e+00   2.3320113e+00   2.0139620e+00   1.7293961e+00   1.4773035e+00   1.2560483e+00   1.0635461e+00   8.9741683e-01   7.5512536e-01   6.3409299e-01   5.3179078e-01   4.4580686e-01   3.7389551e-01   3.1400717e-01   2.6430348e-01   2.2316164e-01   1.8916737e-01   1.6110498e-01   1.3793870e-01   1.1879748e-01   1.0295203e-01   8.9800170e-02   7.8843923e-02   6.9678536e-02   6.1971531e-02   5.5456498e-02   4.9914518e-02   4.5172722e-02   4.1087648e-02   3.7548039e-02   3.4459399e-02   3.1750365e-02   2.9357709e-02   2.7235708e-02   2.5340923e-02   2.3644137e-02   2.2114396e-02   2.0733244e-02   1.9477605e-02   1.8336194e-02   1.7290912e-02   1.6335412e-02   1.5454718e-02   1.4646034e-02   1.3896300e-02   1.3205402e-02   1.2561388e-02   1.1966287e-02   1.1408682e-02   1.0892430e-02   1.0406207e-02   9.9555389e-03   9.5288327e-03   9.1332306e-03   8.7565409e-03   8.4075764e-03   8.0732028e-03   7.7640627e-03   7.4656859e-03   7.1908323e-03   6.9232002e-03   6.6781440e-03   6.4368776e-03   6.2182218e-03   6.0002584e-03   5.8076758e-03   5.6169975e-03   5.4697343e-03   5.3597325e-03   5.4017673e-03   5.7158670e-03   6.7401622e-03   9.1659004e-03   1.4617740e-02   2.5646601e-02   4.7356886e-02
   8.1917233e-02   1.2965250e-01   1.9141339e-01   2.6989598e-01   3.6786956e-01   4.8837393e-01   6.3464074e-01   8.0996248e-01   1.0175635e+00   1.2603530e+00   1.5407304e+00   1.8602877e+00   2.2195958e+00   2.6179247e+00   3.0530810e+00   3.5212237e+00   4.0168272e+00   4.5326629e+00   5.0599445e+00   5.5885120e+00   6.1071734e+00   6.6040742e+00   7.0671883e+00   7.4847981e+00   7.8460329e+00   8.1413397e+00   8.3629434e+00   8.5051812e+00   8.5647712e+00   8.5409205e+00   8.4353413e+00   8.2521067e+00   7.9974257e+00   7.6792911e+00   7.3070891e+00   6.8911371e+00   6.4422369e+00   5.9712173e+00   5.4885393e+00   5.0039376e+00   4.5261539e+00   4.0627292e+00   3.6198935e+00   3.2025131e+00   2.8141210e+00   2.4569874e+00   2.1322461e+00   1.8400380e+00   1.5796812e+00   1.3498370e+00   1.1486784e+00   9.7404088e-01   8.2356056e-01   6.9478806e-01   5.8528462e-01   4.9269386e-01   4.1479592e-01   3.4954297e-01   2.9507952e-01   2.4975171e-01   2.1210474e-01   1.8087666e-01   1.5498287e-01   1.3350318e-01   1.1566085e-01   1.0080899e-01   8.8408676e-02   7.8018071e-02   6.9272003e-02   6.1875258e-02   5.5584228e-02   5.0204674e-02   4.5575249e-02   4.1569349e-02   3.8079911e-02   3.5024778e-02   3.2332085e-02   2.9948591e-02   2.7825009e-02   2.5926885e-02   2.4219346e-02   2.2680246e-02   2.1283908e-02   2.0016391e-02   1.8857888e-02   1.7800080e-02   1.6826903e-02   1.5934029e-02   1.5107745e-02   1.4346695e-02   1.3638581e-02   1.2984379e-02   1.2372555e-02   1.1806026e-02   1.1273535e-02   1.0779725e-02   1.0313227e-02   9.8803197e-03   9.4691723e-03   9.0877210e-03   8.7233276e-03   8.3857133e-03   8.0610441e-03   7.7610818e-03   7.4703192e-03   7.2029996e-03   6.9413336e-03   6.7028935e-03   6.4670873e-03   6.2572949e-03   6.0521029e-03   5.8920079e-03   5.7743588e-03   5.8126958e-03   6.1291369e-03   7.1484973e-03   9.5357981e-03   1.4831490e-02   2.5441295e-02   4.6172000e-02
   7.9167210e-02   1.2476054e-01   1.8387507e-01   2.5916613e-01   3.5335924e-01   4.6943461e-01   6.1055350e-01   7.7993700e-01   9.8074711e-01   1.2158553e+00   1.4876590e+00   1.7977986e+00   2.1469500e+00   2.5345547e+00   2.9586567e+00   3.4157186e+00   3.9005761e+00   4.4064096e+00   4.9248715e+00   5.4462518e+00   5.9597941e+00   6.4540420e+00   6.9173031e+00   7.3381063e+00   7.7057200e+00   8.0106088e+00   8.2448847e+00   8.4026429e+00   8.4802366e+00   8.4764014e+00   8.3922931e+00   8.2313705e+00   7.9992006e+00   7.7031391e+00   7.3519686e+00   6.9554656e+00   6.5239747e+00   6.0679688e+00   5.5976633e+00   5.1226612e+00   4.6516821e+00   4.1923458e+00   3.7510480e+00   3.3328911e+00   2.9416953e+00   2.5800510e+00   2.2494266e+00   1.9502961e+00   1.6822953e+00   1.4443770e+00   1.2349724e+00   1.0521362e+00   8.9368403e-01   7.5730580e-01   6.4066439e-01   5.4147095e-01   4.5754347e-01   3.8684710e-01   3.2751946e-01   2.7788453e-01   2.3645457e-01   2.0192741e-01   1.7317439e-01   1.4922970e-01   1.2927161e-01   1.1261003e-01   9.8665878e-02   8.6960508e-02   7.7095843e-02   6.8747388e-02   6.1646155e-02   5.5575764e-02   5.0356134e-02   4.5844502e-02   4.1920422e-02   3.8490226e-02   3.5472712e-02   3.2806549e-02   3.0436044e-02   2.8321075e-02   2.6422425e-02   2.4713948e-02   2.3167048e-02   2.1764916e-02   2.0485803e-02   1.9319279e-02   1.8248007e-02   1.7266053e-02   1.6358901e-02   1.5523916e-02   1.4748336e-02   1.4032070e-02   1.3363366e-02   1.2744213e-02   1.2163325e-02   1.1624496e-02   1.1116483e-02   1.0644753e-02   1.0197739e-02   9.7825654e-03   9.3869883e-03   9.0198882e-03   8.6679555e-03   8.3420522e-03   8.0273410e-03   7.7370738e-03   7.4543150e-03   7.1955353e-03   6.9412977e-03   6.7138438e-03   6.4935661e-03   6.3200465e-03   6.1935496e-03   6.2261248e-03   6.5407993e-03   7.5491000e-03   9.8906589e-03   1.5029322e-02   2.5240833e-02   4.5068335e-02
   7.6631115e-02   1.2025119e-01   1.7691069e-01   2.4922039e-01   3.3986056e-01   4.5175397e-01   5.8799613e-01   7.5174202e-01   9.4609547e-01   1.1738916e+00   1.4375233e+00   1.7386714e+00   2.0781050e+00   2.4554195e+00   2.8688749e+00   3.3152132e+00   3.7896050e+00   4.2856128e+00   4.7953027e+00   5.3093922e+00   5.8175435e+00   6.3086878e+00   6.7714637e+00   7.1946538e+00   7.5676812e+00   7.8810536e+00   8.1268040e+00   8.2988260e+00   8.3931531e+00   8.4080975e+00   8.3443050e+00   8.2046645e+00   7.9941392e+00   7.7194776e+00   7.3888796e+00   7.0115910e+00   6.5974988e+00   6.1567095e+00   5.6991732e+00   5.2343340e+00   4.7708572e+00   4.3164059e+00   3.8775046e+00   3.4594560e+00   3.0663349e+00   2.7010231e+00   2.3652999e+00   2.0599543e+00   1.7849276e+00   1.5394576e+00   1.3222313e+00   1.1315259e+00   9.6534190e-01   8.2151706e-01   6.9782594e-01   5.9205814e-01   5.0208054e-01   4.2588193e-01   3.6160290e-01   3.0755411e-01   2.6222237e-01   2.2427162e-01   1.9253412e-01   1.6600227e-01   1.4381213e-01   1.2523227e-01   1.0964459e-01   9.6534118e-02   8.5469940e-02   7.6098009e-02   6.8123432e-02   6.1307041e-02   5.5449271e-02   5.0390455e-02   4.5995998e-02   4.2160026e-02   3.8791324e-02   3.5819890e-02   3.3183071e-02   3.0834632e-02   2.8730579e-02   2.6840443e-02   2.5132378e-02   2.3586482e-02   2.2178814e-02   2.0896683e-02   1.9721294e-02   1.8645008e-02   1.7652361e-02   1.6739389e-02   1.5892740e-02   1.5111242e-02   1.4382821e-02   1.3708538e-02   1.3076989e-02   1.2491138e-02   1.1939784e-02   1.1427614e-02   1.0943244e-02   1.0493034e-02   1.0065046e-02   9.6673831e-03   9.2871659e-03   8.9344350e-03   8.5949184e-03   8.2809726e-03   7.9763973e-03   7.6966796e-03   7.4233946e-03   7.1777785e-03   6.9418084e-03   6.7542163e-03   6.6176884e-03   6.6425775e-03   6.9519213e-03   7.9441581e-03   1.0234542e-02   1.5216971e-02   2.5050097e-02   4.4041634e-02
   7.4287323e-02   1.1608298e-01   1.7045896e-01   2.3997869e-01   3.2727592e-01   4.3521743e-01   5.6683641e-01   7.2522576e-01   9.1343454e-01   1.1342625e+00   1.3900960e+00   1.6826497e+00   2.0127751e+00   2.3802066e+00   2.7834014e+00   3.2193584e+00   3.6835592e+00   4.1699239e+00   4.6709083e+00   5.1776364e+00   5.6801722e+00   6.1678234e+00   6.6295560e+00   7.0544102e+00   7.4319774e+00   7.7528299e+00   8.0089512e+00   8.1940696e+00   8.3039402e+00   8.3364950e+00   8.2919142e+00   8.1725581e+00   7.9828229e+00   7.7288798e+00   7.4183679e+00   7.0600140e+00   6.6632503e+00   6.2378095e+00   5.7933608e+00   5.3391666e+00   4.8838090e+00   4.4349623e+00   3.9992464e+00   3.5821308e+00   3.1879136e+00   2.8197398e+00   2.4796762e+00   2.1688083e+00   1.8873695e+00   1.6348742e+00   1.4102625e+00   1.2120341e+00   1.0383789e+00   8.8728934e-01   7.5666029e-01   6.4436951e-01   5.4834291e-01   4.6660297e-01   3.9730269e-01   3.3874799e-01   2.8940777e-01   2.4791845e-01   2.1307840e-01   1.8384234e-01   1.5930715e-01   1.3870229e-01   1.2137200e-01   1.0676582e-01   9.4420258e-02   8.3951665e-02   7.5038886e-02   6.7419457e-02   6.0873685e-02   5.5224332e-02   5.0321942e-02   4.6047774e-02   4.2299944e-02   3.8999210e-02   3.6075410e-02   3.3475740e-02   3.1150993e-02   2.9066035e-02   2.7185438e-02   2.5485960e-02   2.3941216e-02   2.2536086e-02   2.1250122e-02   2.0073874e-02   1.8990781e-02   1.7995481e-02   1.7073920e-02   1.6223805e-02   1.5432643e-02   1.4700559e-02   1.4015944e-02   1.3380938e-02   1.2784307e-02   1.2229981e-02   1.1706680e-02   1.1220038e-02   1.0758345e-02   1.0328976e-02   9.9194015e-03   9.5389017e-03   9.1736818e-03   8.8352803e-03   8.5081320e-03   8.2068365e-03   7.9138590e-03   7.6495347e-03   7.3972341e-03   7.1948809e-03   7.0471647e-03   7.0625826e-03   7.3634986e-03   8.3355745e-03   1.0570779e-02   1.5398913e-02   2.4872560e-02   4.3087735e-02
   7.2117423e-02   1.1222081e-01   1.6446763e-01   2.3137207e-01   3.1552030e-01   4.1972417e-01   5.4695713e-01   7.0025315e-01   8.8260917e-01   1.0967905e+00   1.3451747e+00   1.6295052e+00   1.9507065e+00   2.3086383e+00   2.7019383e+00   3.1278424e+00   3.5821211e+00   4.0590295e+00   4.5513907e+00   5.0507150e+00   5.5474519e+00   6.0312740e+00   6.4914700e+00   6.9173404e+00   7.2986551e+00   7.6260694e+00   7.8915436e+00   8.0886728e+00   8.2129710e+00   8.2620301e+00   8.2356057e+00   8.1355684e+00   7.9657829e+00   7.7318729e+00   7.4409386e+00   7.1012019e+00   6.7216444e+00   6.3116211e+00   5.8805082e+00   5.4373665e+00   4.9906704e+00   4.5480763e+00   4.1162687e+00   3.7008529e+00   3.3063202e+00   2.9360522e+00   2.5923797e+00   2.2766659e+00   1.9894220e+00   1.7304299e+00   1.4988776e+00   1.2934868e+00   1.1126394e+00   9.5448784e-01   8.1705453e-01   6.9831403e-01   5.9626054e-01   5.0895953e-01   4.3458541e-01   3.7144767e-01   3.1800475e-01   2.7287193e-01   2.3481906e-01   2.0276748e-01   1.7577822e-01   1.5304407e-01   1.3387331e-01   1.1768103e-01   1.0397170e-01   9.2332200e-02   8.2414937e-02   7.3933784e-02   6.6648393e-02   6.0363368e-02   5.4913750e-02   5.0167311e-02   4.6010872e-02   4.2355394e-02   3.9122664e-02   3.6252852e-02   3.3691100e-02   3.1397258e-02   2.9331971e-02   2.7468401e-02   2.5777459e-02   2.4241411e-02   2.2837962e-02   2.1555727e-02   2.0376896e-02   1.9294630e-02   1.8294055e-02   1.7371711e-02   1.6514590e-02   1.5721859e-02   1.4981622e-02   1.4295197e-02   1.3651237e-02   1.3052933e-02   1.2489037e-02   1.1964483e-02   1.1467722e-02   1.1005437e-02   1.0565377e-02   1.0156112e-02   9.7642478e-03   9.4005673e-03   9.0500553e-03   8.7265009e-03   8.4131551e-03   8.1295351e-03   7.8602368e-03   7.6424028e-03   7.4823719e-03   7.4866654e-03   7.7764544e-03   8.7250079e-03   1.0902128e-02   1.5578681e-02   2.4710691e-02   4.2202650e-02
   7.0105597e-02   1.0863470e-01   1.5889185e-01   2.2334072e-01   3.0451923e-01   4.0518505e-01   5.2825394e-01   6.7670340e-01   8.5348037e-01   1.0613162e+00   1.3025782e+00   1.5790337e+00   1.8916718e+00   2.2404659e+00   2.6242187e+00   3.0403852e+00   3.4850049e+00   3.9526464e+00   4.4364795e+00   4.9283817e+00   5.4191717e+00   5.8988759e+00   6.3570997e+00   6.7834047e+00   7.1677479e+00   7.5008830e+00   7.7747698e+00   7.9828993e+00   8.1205779e+00   8.1850946e+00   8.1758180e+00   8.0941663e+00   7.9435066e+00   7.7289438e+00   7.4570619e+00   7.1355924e+00   6.7730737e+00   6.3784811e+00   5.9608884e+00   5.5291390e+00   5.0915776e+00   4.6558171e+00   4.2285782e+00   3.8155733e+00   3.4214589e+00   3.0498268e+00   2.7032491e+00   2.3833476e+00   2.0908968e+00   1.8259356e+00   1.5878938e+00   1.3757131e+00   1.1879686e+00   1.0229764e+00   8.7889280e-01   7.5379650e-01   6.4575829e-01   5.5289530e-01   4.7341183e-01   4.0562892e-01   3.4800182e-01   2.9913110e-01   2.5776349e-01   2.2279143e-01   1.9324365e-01   1.6827897e-01   1.4717163e-01   1.2930357e-01   1.1414799e-01   1.0126264e-01   9.0273484e-02   8.0870513e-02   7.2792318e-02   6.5824846e-02   5.9787066e-02   5.4532691e-02   4.9936659e-02   4.5899596e-02   4.2334711e-02   3.9174690e-02   3.6358589e-02   3.3840878e-02   3.1577934e-02   2.9539048e-02   2.7692161e-02   2.6016733e-02   2.4488416e-02   2.3093754e-02   2.1813533e-02   2.0639351e-02   1.9555388e-02   1.8556964e-02   1.7630462e-02   1.6774056e-02   1.5975487e-02   1.5235236e-02   1.4541777e-02   1.3897561e-02   1.3291313e-02   1.2727281e-02   1.2194015e-02   1.1697536e-02   1.1225805e-02   1.0786722e-02   1.0367226e-02   9.9773970e-03   9.6026935e-03   9.2561588e-03   8.9217372e-03   8.6181944e-03   8.3312043e-03   8.0971455e-03   7.9237049e-03   7.9153416e-03   8.1916424e-03   9.1139085e-03   1.1230884e-02   1.5759080e-02   2.4566223e-02   4.1382610e-02
   6.8238137e-02   1.0529883e-01   1.5369277e-01   2.1583246e-01   2.9420710e-01   3.9152093e-01   5.1063359e-01   6.5446808e-01   8.2592305e-01   1.0276964e+00   1.2621434e+00   1.5310512e+00   1.8354662e+00   2.1754650e+00   2.5500017e+00   2.9567338e+00   3.3919513e+00   3.8505169e+00   4.3259277e+00   4.8104099e+00   5.2951363e+00   5.7704752e+00   6.2263422e+00   6.6525598e+00   7.0392783e+00   7.3773632e+00   7.6587936e+00   7.8769820e+00   8.0270581e+00   8.1060416e+00   8.1129494e+00   8.0487822e+00   7.9164419e+00   7.7205430e+00   7.4671756e+00   7.1635971e+00   6.8179104e+00   6.4387122e+00   6.0347670e+00   5.6146878e+00   5.1866705e+00   4.7582618e+00   4.3361930e+00   3.9262567e+00   3.5332481e+00   3.1609446e+00   2.8121370e+00   2.4886866e+00   2.1916162e+00   1.9212107e+00   1.6771346e+00   1.4585460e+00   1.2642131e+00   1.0926185e+00   9.4205711e-01   8.1071821e-01   6.9675662e-01   5.9834897e-01   5.1373740e-01   4.4126215e-01   3.7938234e-01   3.2669015e-01   2.8191467e-01   2.4392405e-01   2.1171844e-01   1.8442556e-01   1.6128781e-01   1.4165551e-01   1.2497154e-01   1.1076506e-01   9.8635798e-02   8.8249762e-02   7.9324205e-02   7.1626024e-02   6.4957621e-02   5.9158134e-02   5.4090075e-02   4.9643218e-02   4.5721688e-02   4.2250237e-02   3.9161398e-02   3.6403902e-02   3.3929502e-02   3.1703343e-02   2.9690123e-02   2.7866285e-02   2.6205224e-02   2.4691263e-02   2.3303628e-02   2.2032249e-02   2.0860242e-02   1.9781639e-02   1.8782114e-02   1.7858816e-02   1.6999039e-02   1.6202407e-02   1.5457151e-02   1.4764977e-02   1.4114520e-02   1.3509356e-02   1.2938071e-02   1.2406045e-02   1.1901398e-02   1.1431387e-02   1.0983226e-02   1.0566330e-02   1.0166569e-02   9.7962913e-03   9.4400538e-03   9.1159233e-03   8.8105213e-03   8.5594736e-03   8.3715591e-03   8.3491152e-03   8.6098523e-03   9.5035502e-03   1.1558973e-02   1.5942353e-02   2.4440357e-02   4.0624079e-02
   6.6503083e-02   1.0219078e-01   1.4883655e-01   2.0880150e-01   2.8452591e-01   3.7866125e-01   4.9401241e-01   6.3344951e-01   7.9982424e-01   9.9580125e-01   1.2237227e+00   1.4853913e+00   1.7819047e+00   2.1134327e+00   2.4790689e+00   2.8766582e+00   3.3027243e+00   3.7524056e+00   4.2195084e+00   4.6965905e+00   5.1751635e+00   5.6459260e+00   6.0990972e+00   6.5247589e+00   6.9132592e+00   7.2555866e+00   7.5437567e+00   7.7711268e+00   7.9326773e+00   8.0251896e+00   8.0473620e+00   7.9998103e+00   7.8850021e+00   7.7070888e+00   7.4716895e+00   7.1856036e+00   6.8565083e+00   6.4926244e+00   6.1024026e+00   5.6942147e+00   5.2760922e+00   4.8554949e+00   4.4391416e+00   4.0328805e+00   3.6416207e+00   3.2693010e+00   2.9189096e+00   2.5925287e+00   2.2914136e+00   2.0160836e+00   1.7664299e+00   1.5418226e+00   1.3412217e+00   1.1632779e+00   1.0064281e+00   8.6897776e-01   7.4917221e-01   6.4525476e-01   5.5551270e-01   4.7831277e-01   4.1212475e-01   3.5553862e-01   3.0727135e-01   2.6617142e-01   2.3121426e-01   2.0149962e-01   1.7624041e-01   1.5475707e-01   1.3646333e-01   1.2086051e-01   1.0752241e-01   9.6091169e-02   8.6262536e-02   7.7784063e-02   7.0441176e-02   6.4057982e-02   5.8484072e-02   5.3597885e-02   4.9293976e-02   4.5488724e-02   4.2107717e-02   3.9093573e-02   3.6393077e-02   3.3966937e-02   3.1776330e-02   2.9794469e-02   2.7992274e-02   2.6351695e-02   2.4850229e-02   2.3476030e-02   2.2211023e-02   2.1047880e-02   1.9971467e-02   1.8977857e-02   1.8053821e-02   1.7198101e-02   1.6398616e-02   1.5656318e-02   1.4959694e-02   1.4311646e-02   1.3700749e-02   1.3131751e-02   1.2592877e-02   1.2090769e-02   1.1612857e-02   1.1167929e-02   1.0742204e-02   1.0347379e-02   9.9685516e-03   9.6231316e-03   9.2985729e-03   9.0297546e-03   8.8263299e-03   8.7884773e-03   9.0318157e-03   9.8950584e-03   1.1888025e-02   1.6130312e-02   2.4333897e-02   3.9923762e-02
   6.4889931e-02   9.9290987e-02   1.4429354e-01   2.0220745e-01   2.7542412e-01   3.6654291e-01   4.7831515e-01   6.1355941e-01   7.7508155e-01   9.6551314e-01   1.1871818e+00   1.4419027e+00   1.7308186e+00   2.0541844e+00   2.4112214e+00   2.7999486e+00   3.2171077e+00   3.6580963e+00   4.1170125e+00   4.5867293e+00   5.0590828e+00   5.5250904e+00   5.9752674e+00   6.3999527e+00   6.7896953e+00   7.1356160e+00   7.4297820e+00   7.6655156e+00   7.8376734e+00   7.9428268e+00   7.9793858e+00   7.9476120e+00   7.8495684e+00   7.6889700e+00   7.4709870e+00   7.2019777e+00   6.8892043e+00   6.5405157e+00   6.1640471e+00   5.7679203e+00   5.3599887e+00   4.9476076e+00   4.5374626e+00   4.1354342e+00   3.7465225e+00   3.3748054e+00   3.0234471e+00   2.6947322e+00   2.3901334e+00   2.1103919e+00   1.8556169e+00   1.6253852e+00   1.4188463e+00   1.2348192e+00   1.0718857e+00   9.2847170e-01   8.0291866e-01   6.9354298e-01   5.9868397e-01   5.1674160e-01   4.4620285e-01   3.8566161e-01   3.3382806e-01   2.8953579e-01   2.5173946e-01   2.1951409e-01   1.9204562e-01   1.6862653e-01   1.4864282e-01   1.3156883e-01   1.1695301e-01   1.0441380e-01   9.3625441e-02   8.4315949e-02   7.6253451e-02   6.9246640e-02   6.3131738e-02   5.7775408e-02   5.3062174e-02   4.8899619e-02   4.5205968e-02   4.1917366e-02   3.8975280e-02   3.6335685e-02   3.3955959e-02   3.1805859e-02   2.9853614e-02   2.8078628e-02   2.6456508e-02   2.4973508e-02   2.3610235e-02   2.2357914e-02   2.1200508e-02   2.0132958e-02   1.9141430e-02   1.8223753e-02   1.7367465e-02   1.6572752e-02   1.5827892e-02   1.5135113e-02   1.4482925e-02   1.3875453e-02   1.3300977e-02   1.2765538e-02   1.2256738e-02   1.1782761e-02   1.1330124e-02   1.0909905e-02   1.0507678e-02   1.0140231e-02   9.7957457e-03   9.5083593e-03   9.2884124e-03   9.2339062e-03   9.4582130e-03   1.0289433e-02   1.2219426e-02   1.6324424e-02   2.4247360e-02   3.9278597e-02
   6.3389407e-02   9.6582244e-02   1.4003761e-01   1.9601452e-01   2.6685576e-01   3.5510926e-01   4.6347386e-01   5.9471777e-01   7.5160189e-01   9.3672485e-01   1.1523985e+00   1.4004474e+00   1.6820542e+00   1.9975511e+00   2.3462771e+00   2.7264127e+00   3.1349032e+00   3.5673896e+00   4.0182462e+00   4.4806455e+00   4.9467339e+00   5.4078368e+00   5.8547577e+00   6.2780892e+00   6.6685838e+00   7.0175017e+00   7.3169750e+00   7.5603093e+00   7.7422595e+00   7.8592137e+00   7.9093216e+00   7.8925196e+00   7.8104940e+00   7.6665490e+00   7.4654278e+00   7.2130649e+00   6.9163192e+00   6.5826733e+00   6.2199459e+00   5.8360030e+00   5.4385085e+00   5.0346975e+00   4.6312033e+00   4.2339186e+00   3.8479123e+00   3.4773800e+00   3.1256423e+00   2.7951677e+00   2.4876306e+00   2.2039821e+00   1.9445399e+00   1.7090814e+00   1.4969420e+00   1.3071087e+00   1.1383099e+00   9.8909517e-01   8.5790701e-01   7.4314062e-01   6.4319348e-01   5.5650519e-01   4.8158614e-01   4.1703994e-01   3.6157536e-01   3.1401576e-01   2.7329910e-01   2.3847898e-01   2.0871713e-01   1.8328015e-01   1.6152782e-01   1.4290864e-01   1.2694633e-01   1.1323605e-01   1.0143061e-01   9.1238411e-02   8.2410062e-02   7.4738520e-02   6.8046257e-02   6.2187750e-02   5.7037070e-02   5.2492599e-02   4.8464799e-02   4.4882982e-02   4.1682949e-02   3.8815649e-02   3.6234380e-02   3.3905209e-02   3.1793449e-02   2.9875788e-02   2.8125765e-02   2.6527611e-02   2.5060478e-02   2.3714058e-02   2.2471303e-02   2.1325964e-02   2.0263520e-02   1.9280846e-02   1.8365036e-02   1.7515484e-02   1.6720206e-02   1.5980746e-02   1.5285498e-02   1.4637967e-02   1.4026443e-02   1.3456378e-02   1.2915497e-02   1.2411403e-02   1.1930859e-02   1.1484358e-02   1.1057886e-02   1.0667638e-02   1.0302430e-02   9.9956624e-03   9.7582018e-03   9.6858684e-03   9.8896798e-03   1.0687569e-02   1.2554367e-02   1.6525889e-02   2.4181048e-02   3.8685747e-02
   6.1993280e-02   9.4049362e-02   1.3604564e-01   1.9019088e-01   2.5877970e-01   3.4430931e-01   4.4942708e-01   5.7685185e-01   7.2930042e-01   9.0933848e-01   1.1192610e+00   1.3608992e+00   1.6354708e+00   1.9433782e+00   2.2840689e+00   2.6558735e+00   3.0559277e+00   3.4801013e+00   3.9230296e+00   4.3781701e+00   4.8379663e+00   5.2940399e+00   5.7374753e+00   6.1591150e+00   6.5499158e+00   6.9012836e+00   7.2054265e+00   7.4556495e+00   7.6466268e+00   7.7745864e+00   7.8374443e+00   7.8348386e+00   7.7681056e+00   7.6401633e+00   7.4553497e+00   7.2191924e+00   6.9381593e+00   6.6193735e+00   6.2703383e+00   5.8986594e+00   5.5118020e+00   5.1168672e+00   4.7204196e+00   4.3283446e+00   3.9457604e+00   3.5769599e+00   3.2254005e+00   2.8937174e+00   2.5837714e+00   2.2967104e+00   2.0330512e+00   1.7927644e+00   1.5753679e+00   1.3800150e+00   1.2055811e+00   1.0507425e+00   9.1404635e-01   7.9397178e-01   6.8898006e-01   5.9755625e-01   5.1824006e-01   4.4965041e-01   3.9049989e-01   3.3960629e-01   2.9589492e-01   2.5840146e-01   2.2626618e-01   1.9873209e-01   1.7513446e-01   1.5489717e-01   1.3752007e-01   1.2257554e-01   1.0969519e-01   9.8567845e-02   8.8926447e-02   8.0547984e-02   7.3240852e-02   6.6846986e-02   6.1229613e-02   5.6277534e-02   5.1893063e-02   4.7998330e-02   4.4523132e-02   4.1413097e-02   3.8617153e-02   3.6097448e-02   3.3816149e-02   3.1747047e-02   2.9861435e-02   2.8141387e-02   2.6564461e-02   2.5118722e-02   2.3786001e-02   2.2558793e-02   2.1421807e-02   2.0370920e-02   1.9392712e-02   1.8485759e-02   1.7637761e-02   1.6849561e-02   1.6109391e-02   1.5420134e-02   1.4770042e-02   1.4163988e-02   1.3589775e-02   1.3054441e-02   1.2544951e-02   1.2071232e-02   1.1619633e-02   1.1205773e-02   1.0819022e-02   1.0492044e-02   1.0236094e-02   1.0144820e-02   1.0326813e-02   1.1090271e-02   1.2893879e-02   1.6735695e-02   2.4135107e-02   3.8142589e-02
   6.0694215e-02   9.1678864e-02   1.3229704e-01   1.8470809e-01   2.5115897e-01   3.3409700e-01   4.3611901e-01   5.5989543e-01   7.0809963e-01   8.8326438e-01   1.0876668e+00   1.3231421e+00   1.5909389e+00   1.8915233e+00   2.2244430e+00   2.5881679e+00   2.9800118e+00   3.3960603e+00   3.8311951e+00   4.2791448e+00   4.7326373e+00   5.1835799e+00   5.6233297e+00   6.0429750e+00   6.4336769e+00   6.7869919e+00   7.0952137e+00   7.3516612e+00   7.5509462e+00   7.6891587e+00   7.7640050e+00   7.7748505e+00   7.7227063e+00   7.6101283e+00   7.4410699e+00   7.2206696e+00   6.9550167e+00   6.6508825e+00   6.3154574e+00   5.9560840e+00   5.5800210e+00   5.1942244e+00   4.8051747e+00   4.4187332e+00   4.0400483e+00   3.6734917e+00   3.3226392e+00   2.9902754e+00   2.6784323e+00   2.3884422e+00   2.1210103e+00   1.8762937e+00   1.6539876e+00   1.4534091e+00   1.2735810e+00   1.1133076e+00   9.7124430e-01   8.4595823e-01   7.3597949e-01   6.3984403e-01   5.5612635e-01   4.8346607e-01   4.2058461e-01   3.6629884e-01   3.1952548e-01   2.7928576e-01   2.4470147e-01   2.1499437e-01   1.8947707e-01   1.6755023e-01   1.4869081e-01   1.3244905e-01   1.1843573e-01   1.0632024e-01   9.5817798e-02   8.6689279e-02   7.8728736e-02   7.1765258e-02   6.5650874e-02   6.0264451e-02   5.5499796e-02   5.1271519e-02   4.7503078e-02   4.4134489e-02   4.1110030e-02   3.8387685e-02   3.5926250e-02   3.3696430e-02   3.1667089e-02   2.9818006e-02   2.8125003e-02   2.6574412e-02   2.5146836e-02   2.3833440e-02   2.2618074e-02   2.1495571e-02   2.0451927e-02   1.9484868e-02   1.8581720e-02   1.7742611e-02   1.6955559e-02   1.6222818e-02   1.5532562e-02   1.4889084e-02   1.4280228e-02   1.3712474e-02   1.3172950e-02   1.2671034e-02   1.2193384e-02   1.1755065e-02   1.1345924e-02   1.0997888e-02   1.0722486e-02   1.0611207e-02   1.0770176e-02   1.1498273e-02   1.3238862e-02   1.6954659e-02   2.4109570e-02   3.7646700e-02
   5.9485649e-02   8.9458736e-02   1.2877346e-01   1.7954065e-01   2.4396029e-01   3.2443064e-01   4.2349891e-01   5.4378801e-01   6.8792851e-01   8.5842025e-01   1.0575216e+00   1.2870694e+00   1.5483392e+00   1.8418551e+00   2.1672571e+00   2.5231446e+00   2.9069986e+00   3.3151072e+00   3.7425859e+00   4.1834210e+00   4.6306123e+00   5.0763423e+00   5.5122327e+00   5.9296131e+00   6.3198481e+00   6.6746487e+00   6.9864023e+00   7.2484544e+00   7.4553711e+00   7.6031244e+00   7.6892335e+00   7.7128143e+00   7.6745772e+00   7.5767382e+00   7.4228870e+00   7.2177896e+00   6.9671704e+00   6.6774567e+00   6.3555300e+00   6.0084685e+00   5.6433185e+00   5.2668807e+00   4.8855387e+00   4.5051139e+00   4.1307679e+00   3.7669334e+00   3.4172870e+00   3.0847465e+00   2.7715002e+00   2.4790518e+00   2.2082850e+00   1.9595350e+00   1.7326690e+00   1.5271652e+00   1.3421927e+00   1.1766848e+00   1.0294076e+00   8.9901986e-01   7.8412497e-01   6.8331465e-01   5.9520331e-01   5.1845638e-01   4.5180896e-01   3.9408150e-01   3.4418616e-01   3.0113329e-01   2.6402918e-01   2.3207680e-01   2.0456812e-01   1.8088208e-01   1.6047389e-01   1.4287241e-01   1.2766807e-01   1.1451108e-01   1.0309899e-01   9.3176478e-02   8.4523061e-02   7.6954730e-02   7.0312009e-02   6.4463512e-02   5.9294198e-02   5.4710835e-02   5.0630224e-02   4.6986476e-02   4.3718943e-02   4.0781204e-02   3.8128451e-02   3.5728112e-02   3.3546441e-02   3.1560768e-02   2.9745038e-02   2.8083738e-02   2.6556134e-02   2.5151978e-02   2.3854177e-02   2.2656460e-02   2.1544171e-02   2.0514150e-02   1.9553290e-02   1.8660983e-02   1.7824984e-02   1.7046911e-02   1.6314813e-02   1.5632405e-02   1.4987529e-02   1.4386118e-02   1.3815421e-02   1.3284279e-02   1.2779616e-02   1.2315953e-02   1.1883546e-02   1.1513587e-02   1.1217777e-02   1.1085470e-02   1.1220304e-02   1.1912243e-02   1.3590108e-02   1.7183469e-02   2.4104387e-02   3.7195843e-02
   5.8361688e-02   8.7378234e-02   1.2545844e-01   1.7466563e-01   2.3715360e-01   3.1527239e-01   4.1152054e-01   5.2847425e-01   6.6872191e-01   8.3473043e-01   1.0287385e+00   1.2525826e+00   1.5075616e+00   1.7942522e+00   2.1123795e+00   2.4606637e+00   2.8367420e+00   3.2370937e+00   3.6570553e+00   4.0908586e+00   4.5317634e+00   4.9722171e+00   5.4040980e+00   5.8189721e+00   6.2084064e+00   6.5642686e+00   6.8790473e+00   7.1461255e+00   7.3600387e+00   7.5166592e+00   7.6133397e+00   7.6489691e+00   7.6239793e+00   7.5402683e+00   7.4010816e+00   7.2108302e+00   6.9748864e+00   6.6993431e+00   6.3907771e+00   6.0560019e+00   5.7018476e+00   5.3349511e+00   4.9615874e+00   4.5875242e+00   4.2179205e+00   3.8572532e+00   3.5092835e+00   3.1770464e+00   2.8628722e+00   2.5684230e+00   2.2947507e+00   2.0423602e+00   1.8112851e+00   1.6011609e+00   1.4113012e+00   1.2407689e+00   1.0884424e+00   9.5307510e-01   8.3334747e-01   7.2791149e-01   6.3542618e-01   5.5458754e-01   4.8414905e-01   4.2293910e-01   3.6986929e-01   3.2394262e-01   2.8425293e-01   2.4998700e-01   2.2041820e-01   1.9490544e-01   1.7288340e-01   1.5386045e-01   1.3740730e-01   1.2315530e-01   1.1078452e-01   1.0002342e-01   9.0636860e-02   8.2427542e-02   7.5224225e-02   6.8884979e-02   6.3285605e-02   5.8324725e-02   5.3912178e-02   4.9975886e-02   4.6450003e-02   4.3283461e-02   4.0427615e-02   3.7846425e-02   3.5503341e-02   3.3373100e-02   3.1427615e-02   2.9649418e-02   2.8016316e-02   2.6516569e-02   2.5132045e-02   2.3855313e-02   2.2670991e-02   2.1574993e-02   2.0553721e-02   1.9605804e-02   1.8718687e-02   1.7893335e-02   1.7117632e-02   1.6394710e-02   1.5712372e-02   1.5076005e-02   1.4472941e-02   1.3911497e-02   1.3378816e-02   1.2888884e-02   1.2432306e-02   1.2039541e-02   1.1722370e-02   1.1568042e-02   1.1677709e-02   1.2332801e-02   1.3948324e-02   1.7422701e-02   2.4119456e-02   3.6787955e-02
   5.7317027e-02   8.5427711e-02   1.2233718e-01   1.7006233e-01   2.3071163e-01   3.0658781e-01   4.0014162e-01   5.1390342e-01   6.5041993e-01   8.1212517e-01   1.0012374e+00   1.2195907e+00   1.4685042e+00   1.7486021e+00   2.0596879e+00   2.4005946e+00   2.7691058e+00   3.1618808e+00   3.5744657e+00   4.0013256e+00   4.4359693e+00   4.8710990e+00   5.2988419e+00   5.7109948e+00   6.0993254e+00   6.4558601e+00   6.7731945e+00   7.0447589e+00   7.2650717e+00   7.4299224e+00   7.5365160e+00   7.5835354e+00   7.5711551e+00   7.5009757e+00   7.3759182e+00   7.2000547e+00   6.9784191e+00   6.7167795e+00   6.4214131e+00   6.0988704e+00   5.7557616e+00   5.3985534e+00   5.0334022e+00   4.6660089e+00   4.3015159e+00   3.9444292e+00   3.5985785e+00   3.2671009e+00   2.9524547e+00   2.6564483e+00   2.3802905e+00   2.1246481e+00   1.8897141e+00   1.6752774e+00   1.4807941e+00   1.3054560e+00   1.1482549e+00   1.0080414e+00   8.8357621e-01   7.7357555e-01   6.7674736e-01   5.9182272e-01   5.1757787e-01   4.5285338e-01   3.9656422e-01   3.4770956e-01   3.0537387e-01   2.6873035e-01   2.3703598e-01   2.0963138e-01   1.8593204e-01   1.6542691e-01   1.4766764e-01   1.3226721e-01   1.1888843e-01   1.0724363e-01   9.7082992e-02   8.8195765e-02   8.0398732e-02   7.3539178e-02   6.7483461e-02   6.2121775e-02   5.7356704e-02   5.3109714e-02   4.9309488e-02   4.5900075e-02   4.2828765e-02   4.0055848e-02   3.7541786e-02   3.5258559e-02   3.3175904e-02   3.1274275e-02   2.9529901e-02   2.7929459e-02   2.6453687e-02   2.5093927e-02   2.3833998e-02   2.2668842e-02   2.1584312e-02   2.0578243e-02   1.9637723e-02   1.8763044e-02   1.7941885e-02   1.7176786e-02   1.6455471e-02   1.5782787e-02   1.5146108e-02   1.4553232e-02   1.3991482e-02   1.3474318e-02   1.2992633e-02   1.2576155e-02   1.2236670e-02   1.2059355e-02   1.2142884e-02   1.2760521e-02   1.4314141e-02   1.7672852e-02   2.4154632e-02   3.6421135e-02
   5.6346871e-02   8.3598478e-02   1.1939633e-01   1.6571205e-01   2.2460965e-01   2.9834549e-01   3.8932348e-01   5.0002890e-01   6.3296738e-01   7.9054008e-01   9.7494412e-01   1.1880095e+00   1.4310723e+00   1.7048000e+00   2.0090687e+00   2.3428158e+00   2.7039627e+00   3.0893385e+00   3.4946875e+00   3.9146973e+00   4.3431146e+00   4.7728869e+00   5.1963823e+00   5.6056233e+00   5.9925756e+00   6.3494259e+00   6.6688812e+00   6.9444280e+00   7.1705798e+00   7.3430581e+00   7.4589384e+00   7.5167165e+00   7.5163297e+00   7.4591012e+00   7.3476454e+00   7.1857125e+00   6.9780111e+00   6.7299944e+00   6.4476466e+00   6.1372566e+00   5.8052134e+00   5.4578076e+00   5.1010685e+00   4.7406193e+00   4.3815724e+00   4.0284483e+00   3.6851312e+00   3.3548456e+00   3.0401640e+00   2.7430289e+00   2.4647956e+00   2.2062837e+00   1.9678394e+00   1.7494000e+00   1.5505614e+00   1.3706433e+00   1.2087516e+00   1.0638355e+00   9.3473896e-01   8.2024579e-01   7.1911681e-01   6.3012230e-01   5.5206548e-01   4.8380315e-01   4.2425745e-01   3.7242722e-01   3.2739063e-01   2.8831001e-01   2.5442817e-01   2.2506928e-01   1.9963115e-01   1.7758439e-01   1.5846241e-01   1.4186040e-01   1.2742424e-01   1.1485030e-01   1.0387409e-01   9.4271345e-02   8.5846708e-02   7.8436466e-02   7.1897289e-02   6.6110682e-02   6.0971704e-02   5.6395104e-02   5.2303835e-02   4.8636827e-02   4.5337078e-02   4.2361011e-02   3.9665908e-02   3.7220836e-02   3.4993196e-02   3.2961244e-02   3.1099506e-02   2.9392985e-02   2.7821190e-02   2.6374169e-02   2.5034865e-02   2.3797199e-02   2.2646414e-02   2.1579517e-02   2.0583189e-02   1.9657029e-02   1.8788468e-02   1.7979444e-02   1.7217567e-02   1.6507135e-02   1.5835533e-02   1.5210045e-02   1.4618129e-02   1.4072727e-02   1.3564967e-02   1.3123845e-02   1.2761089e-02   1.2559835e-02   1.2616306e-02   1.3195944e-02   1.4688135e-02   1.7934349e-02   2.4209750e-02   3.6093633e-02
   5.5446882e-02   8.1882687e-02   1.1662383e-01   1.6159780e-01   2.1882514e-01   2.9051675e-01   3.7903065e-01   4.8680782e-01   6.1631337e-01   7.6991562e-01   9.4978994e-01   1.1577607e+00   1.3951781e+00   1.6627489e+00   1.9604157e+00   2.2872139e+00   2.6411938e+00   3.0193446e+00   3.4175988e+00   3.8308555e+00   4.2530894e+00   4.6774836e+00   5.0966395e+00   5.5027996e+00   5.8881253e+00   6.2449637e+00   6.5661374e+00   6.8451966e+00   7.0766605e+00   7.2561969e+00   7.3807678e+00   7.4487000e+00   7.4597125e+00   7.4148697e+00   7.3164976e+00   7.1680400e+00   6.9738940e+00   6.7392081e+00   6.4696798e+00   6.1713398e+00   5.8503549e+00   5.5128355e+00   5.1646762e+00   4.8114126e+00   4.4581153e+00   4.1093062e+00   3.7689099e+00   3.4402250e+00   3.1259251e+00   2.8280744e+00   2.5481645e+00   2.2871589e+00   2.0455499e+00   1.8234182e+00   1.6204963e+00   1.4362301e+00   1.2698396e+00   1.1203739e+00   9.8676243e-01   8.6785947e-01   7.6248229e-01   6.6944417e-01   5.8757926e-01   5.1576444e-01   4.5293276e-01   3.9808610e-01   3.5029944e-01   3.0872692e-01   2.7259950e-01   2.4122683e-01   2.1399058e-01   1.9034426e-01   1.6980396e-01   1.5194770e-01   1.3640489e-01   1.2285618e-01   1.1102250e-01   1.0066606e-01   9.1579252e-02   8.3587195e-02   7.6536661e-02   7.0300236e-02   6.4765199e-02   5.9839337e-02   5.5439624e-02   5.1499646e-02   4.7957881e-02   4.4766689e-02   4.1879980e-02   3.9263748e-02   3.6882902e-02   3.4713370e-02   3.2727852e-02   3.0909578e-02   2.9236728e-02   2.7697984e-02   2.6275333e-02   2.4961625e-02   2.3741427e-02   2.2610886e-02   2.1556220e-02   2.0576315e-02   1.9658310e-02   1.8803526e-02   1.7999422e-02   1.7249744e-02   1.6541851e-02   1.5882512e-02   1.5259287e-02   1.4684596e-02   1.4149758e-02   1.3683038e-02   1.3296043e-02   1.3069910e-02   1.3098439e-02   1.3639581e-02   1.5070833e-02   1.8207567e-02   2.4284631e-02   3.5803836e-02
   5.4613122e-02   8.0273233e-02   1.1400872e-01   1.5770416e-01   2.1333753e-01   2.8307532e-01   3.6923054e-01   4.7420068e-01   6.0041083e-01   7.5019663e-01   9.2571110e-01   1.1287715e+00   1.3607397e+00   1.6223578e+00   1.9136300e+00   2.2336826e+00   2.5806873e+00   2.9517842e+00   3.3430845e+00   3.7496885e+00   4.1657890e+00   4.5847957e+00   4.9995357e+00   5.4024662e+00   5.7859408e+00   6.1424670e+00   6.4649866e+00   6.7471196e+00   6.9834010e+00   7.1694570e+00   7.3021516e+00   7.3796591e+00   7.4014981e+00   7.3684920e+00   7.2826953e+00   7.1472614e+00   6.9662889e+00   6.7446320e+00   6.4877089e+00   6.2012956e+00   5.8913368e+00   5.5637598e+00   5.2243181e+00   4.8784509e+00   4.5311765e+00   4.1870061e+00   3.8498916e+00   3.5231928e+00   3.2096717e+00   2.9115028e+00   2.6303034e+00   2.3671720e+00   2.1227399e+00   1.8972258e+00   1.6904950e+00   1.5021177e+00   1.3314272e+00   1.1775734e+00   1.0395726e+00   9.1635247e-01   8.0678964e-01   7.0974395e-01   6.2408407e-01   5.4871070e-01   4.8257130e-01   4.2467417e-01   3.7409412e-01   3.2997983e-01   2.9155274e-01   2.5810998e-01   2.2901872e-01   2.0371667e-01   1.8170360e-01   1.6254113e-01   1.4584269e-01   1.3127356e-01   1.1854025e-01   1.0739148e-01   9.7607339e-02   8.9001672e-02   8.1411166e-02   7.4699286e-02   6.8745302e-02   6.3449810e-02   5.8723571e-02   5.4494600e-02   5.0696642e-02   4.7277795e-02   4.4188411e-02   4.1391244e-02   3.8848554e-02   3.6533812e-02   3.4417762e-02   3.2481760e-02   3.0702557e-02   2.9067391e-02   2.7557213e-02   2.6163744e-02   2.4870812e-02   2.3673661e-02   2.2557999e-02   2.1521968e-02   2.0552373e-02   1.9649904e-02   1.8801828e-02   1.8011333e-02   1.7265716e-02   1.6571230e-02   1.5915500e-02   1.5310427e-02   1.4747471e-02   1.4254169e-02   1.3841956e-02   1.3590009e-02   1.3589738e-02   1.4091921e-02   1.5462722e-02   1.8492841e-02   2.4379095e-02   3.5550262e-02
   5.3842013e-02   7.8763665e-02   1.1154107e-01   1.5401704e-01   2.0812804e-01   2.7599709e-01   3.5989315e-01   4.6217098e-01   5.8521625e-01   7.3133196e-01   9.0264837e-01   1.1009742e+00   1.3276810e+00   1.5835421e+00   1.8686189e+00   2.1821226e+00   2.5223384e+00   2.8865495e+00   3.2710358e+00   3.6710900e+00   4.0811132e+00   4.4947332e+00   4.9049953e+00   5.3045654e+00   5.6859864e+00   6.0419257e+00   6.3654464e+00   6.6502442e+00   6.8908783e+00   7.0829453e+00   7.2232244e+00   7.3097536e+00   7.3418672e+00   7.3201649e+00   7.2464463e+00   7.1235891e+00   6.9554066e+00   6.7464694e+00   6.5019239e+00   6.2272958e+00   5.9283085e+00   5.6107040e+00   5.2800899e+00   4.9418013e+00   4.6007942e+00   4.2615582e+00   3.9280609e+00   3.6037104e+00   3.2913456e+00   2.9932399e+00   2.7111257e+00   2.4462279e+00   2.1993095e+00   1.9707212e+00   1.7604572e+00   1.5682096e+00   1.3934239e+00   1.2353508e+00   1.0930951e+00   9.6565958e-01   8.5198313e-01   7.5097524e-01   6.6154253e-01   5.8261295e-01   5.1315178e-01   4.5217698e-01   3.9876619e-01   3.5206533e-01   3.1128870e-01   2.7572295e-01   2.4472244e-01   2.1771045e-01   1.9417158e-01   1.7365183e-01   1.5574926e-01   1.4011420e-01   1.2643896e-01   1.1445889e-01   1.0394178e-01   9.4690123e-02   8.6530377e-02   7.9316717e-02   7.2920201e-02   6.7234022e-02   6.2162505e-02   5.7627887e-02   5.3558962e-02   4.9899379e-02   4.6595738e-02   4.3607396e-02   4.0893803e-02   3.8425838e-02   3.6172163e-02   3.4112152e-02   3.2221023e-02   3.0484491e-02   2.8882386e-02   2.7405242e-02   2.6036082e-02   2.4769205e-02   2.3589752e-02   2.2495095e-02   2.1471658e-02   2.0519481e-02   1.9625604e-02   1.8792644e-02   1.8007804e-02   1.7276815e-02   1.6587332e-02   1.5950735e-02   1.5358584e-02   1.4837686e-02   1.4399261e-02   1.4120562e-02   1.4090654e-02   1.4553431e-02   1.5864262e-02   1.8790476e-02   2.4492962e-02   3.5331548e-02
   5.3130296e-02   7.7348114e-02   1.0921181e-01   1.5052360e-01   2.0317946e-01   2.6925993e-01   3.5099083e-01   4.5068502e-01   5.7068927e-01   7.1327411e-01   8.8054660e-01   1.0743059e+00   1.2959305e+00   1.5462227e+00   1.8252958e+00   2.1324403e+00   2.4660485e+00   2.8235382e+00   3.2013500e+00   3.5949592e+00   3.9989667e+00   4.4072098e+00   4.8129445e+00   5.2090401e+00   5.5882252e+00   5.9433261e+00   6.2675290e+00   6.5546102e+00   6.7991608e+00   6.9967580e+00   7.1441094e+00   7.2391307e+00   7.2809880e+00   7.2700731e+00   7.2079462e+00   7.0972243e+00   6.9414483e+00   6.7449157e+00   6.5125088e+00   6.2495080e+00   5.9614173e+00   5.6537919e+00   5.3320895e+00   5.0015343e+00   4.6670118e+00   4.3329796e+00   4.0034097e+00   3.6817475e+00   3.3708968e+00   3.0732190e+00   2.7905520e+00   2.5242379e+00   2.2751640e+00   2.0438073e+00   1.8302863e+00   1.6344121e+00   1.4557408e+00   1.2936240e+00   1.1472555e+00   1.0157148e+00   8.9800568e-01   7.9308991e-01   6.9991519e-01   6.1743997e-01   5.4465058e-01   4.8057776e-01   4.2430494e-01   3.7497791e-01   3.3180625e-01   2.9406820e-01   2.6110704e-01   2.3233313e-01   2.0721700e-01   1.8529000e-01   1.6613548e-01   1.4938928e-01   1.3472983e-01   1.2187929e-01   1.1059319e-01   1.0066265e-01   9.1903816e-02   8.4161418e-02   7.7298130e-02   7.1199549e-02   6.5763360e-02   6.0905818e-02   5.6550567e-02   5.2636614e-02   4.9106629e-02   4.5916402e-02   4.3022419e-02   4.0392831e-02   3.7994085e-02   3.5803469e-02   3.3794559e-02   3.1951462e-02   3.0252807e-02   2.8687875e-02   2.7238814e-02   2.5898934e-02   2.4652755e-02   2.3496844e-02   2.2417202e-02   2.1413195e-02   2.0471599e-02   1.9594448e-02   1.8768815e-02   1.7999905e-02   1.7275364e-02   1.6606053e-02   1.5983588e-02   1.5434049e-02   1.4968397e-02   1.4662003e-02   1.4601629e-02   1.5024569e-02   1.6275884e-02   1.9100750e-02   2.4626061e-02   3.5146443e-02
   5.2474999e-02   7.6021232e-02   1.0701265e-01   1.4721208e-01   1.9847599e-01   2.6284345e-01   3.4249808e-01   4.3971159e-01   5.5679245e-01   6.9597889e-01   8.5935442e-01   1.0487074e+00   1.2654219e+00   1.5103252e+00   1.7835792e+00   2.0845482e+00   2.4117248e+00   2.7626543e+00   3.1339296e+00   3.5212002e+00   3.9192581e+00   4.3221420e+00   4.7233116e+00   5.1158338e+00   5.4926193e+00   5.8466518e+00   6.1712421e+00   6.4602511e+00   6.7083088e+00   6.9109823e+00   7.0649191e+00   7.1679264e+00   7.2190166e+00   7.2183888e+00   7.1673792e+00   7.0683576e+00   6.9246057e+00   6.7401581e+00   6.5196415e+00   6.2680959e+00   5.9908085e+00   5.6931472e+00   5.3804164e+00   5.0577243e+00   4.7298776e+00   4.4012931e+00   4.0759369e+00   3.7572806e+00   3.4482824e+00   3.1513810e+00   2.8685099e+00   2.6011198e+00   2.3502146e+00   2.1163917e+00   1.8998892e+00   1.7006340e+00   1.5182910e+00   1.3523117e+00   1.2019793e+00   1.0664518e+00   9.4479914e-01   8.3603830e-01   7.3916077e-01   6.5315848e-01   5.7704190e-01   5.0985755e-01   4.5069747e-01   3.9871000e-01   3.5310235e-01   3.1314644e-01   2.7817631e-01   2.4759087e-01   2.2084784e-01   1.9746489e-01   1.7701143e-01   1.5910933e-01   1.4342356e-01   1.2966329e-01   1.1757193e-01   1.0692921e-01   9.7540922e-02   8.9242257e-02   8.1887346e-02   7.5354027e-02   6.9533152e-02   6.4334807e-02   5.9677292e-02   5.5494793e-02   5.1725867e-02   4.8322576e-02   4.5238285e-02   4.2438280e-02   3.9886662e-02   3.7558521e-02   3.5425685e-02   3.3470568e-02   3.1670505e-02   3.0013462e-02   2.8480644e-02   2.7064319e-02   2.5748331e-02   2.4528408e-02   2.3390081e-02   2.2332021e-02   2.1340696e-02   2.0417545e-02   1.9549475e-02   1.8741158e-02   1.7980200e-02   1.7276932e-02   1.6622993e-02   1.6043731e-02   1.5549816e-02   1.5214774e-02   1.5123108e-02   1.5505778e-02   1.6698004e-02   1.9423927e-02   2.4778235e-02   3.4993798e-02
   5.1873411e-02   7.4778133e-02   1.0493604e-01   1.4407171e-01   1.9400312e-01   2.5672886e-01   3.3439129e-01   4.2922176e-01   5.4349100e-01   6.7940516e-01   8.3902389e-01   1.0241239e+00   1.2360927e+00   1.4757802e+00   1.7433928e+00   2.0383636e+00   2.3592798e+00   2.7038068e+00   3.0686822e+00   3.4497218e+00   3.8419001e+00   4.2394496e+00   4.6360267e+00   5.0248905e+00   5.3991296e+00   5.7518838e+00   6.0765893e+00   6.3671947e+00   6.6183752e+00   6.8256963e+00   6.9857562e+00   7.0962659e+00   7.1560981e+00   7.1652736e+00   7.1249185e+00   7.0371698e+00   6.9050616e+00   6.7323767e+00   6.5234939e+00   6.2832189e+00   6.0166251e+00   5.7288931e+00   5.4251718e+00   5.1104483e+00   4.7894443e+00   4.4665271e+00   4.1456476e+00   3.8302935e+00   3.5234668e+00   3.2276737e+00   2.9449335e+00   2.6767972e+00   2.4243778e+00   2.1883868e+00   1.9691770e+00   1.7667872e+00   1.5809894e+00   1.4113336e+00   1.2571927e+00   1.1178036e+00   9.9230456e-01   8.7976949e-01   7.7923635e-01   6.8973334e-01   6.1029795e-01   5.3999531e-01   4.7792884e-01   4.2325203e-01   3.7517207e-01   3.3295667e-01   2.9593245e-01   2.6348845e-01   2.3507087e-01   2.1018474e-01   1.8838635e-01   1.6928425e-01   1.5253034e-01   1.3782113e-01   1.2488805e-01   1.1349955e-01   1.0345102e-01   9.4568046e-02   8.6696105e-02   7.9705125e-02   7.3478961e-02   6.7921354e-02   6.2945078e-02   5.8479320e-02   5.4458351e-02   5.0830348e-02   4.7545397e-02   4.4565784e-02   4.1853131e-02   3.9380218e-02   3.7117014e-02   3.5044151e-02   3.3137586e-02   3.1383895e-02   2.9763270e-02   2.8266887e-02   2.6877856e-02   2.5591028e-02   2.4391415e-02   2.3276967e-02   2.2233808e-02   2.1262761e-02   2.0350537e-02   1.9501259e-02   1.8702462e-02   1.7963942e-02   1.7277321e-02   1.6667218e-02   1.6143978e-02   1.5779319e-02   1.5655533e-02   1.5997496e-02   1.7131022e-02   1.9760259e-02   2.4949338e-02   3.4872561e-02
   5.1323051e-02   7.3614351e-02   1.0297504e-01   1.4109258e-01   1.8974747e-01   2.5089882e-01   3.2664862e-01   4.1918869e-01   5.3075257e-01   6.6351456e-01   8.1951027e-01   1.0005038e+00   1.2078845e+00   1.4425225e+00   1.7046648e+00   1.9938089e+00   2.3086307e+00   2.6469096e+00   3.0055202e+00   3.3804369e+00   3.7668091e+00   4.1590553e+00   4.5510222e+00   4.9361550e+00   5.3077167e+00   5.6590012e+00   5.9835703e+00   6.2754636e+00   6.5294062e+00   6.7409702e+00   6.9067142e+00   7.0242648e+00   7.0923675e+00   7.1108784e+00   7.0807275e+00   7.0038318e+00   6.8829901e+00   6.7217436e+00   6.5242320e+00   6.2950323e+00   6.0390074e+00   5.7611519e+00   5.4664574e+00   5.1597860e+00   4.8457684e+00   4.5287150e+00   4.2125526e+00   3.9007759e+00   3.5964209e+00   3.3020514e+00   3.0197638e+00   2.7512003e+00   2.4975759e+00   2.2597097e+00   2.0380642e+00   1.8327868e+00   1.6437533e+00   1.4706112e+00   1.3128225e+00   1.1697037e+00   1.0404624e+00   9.2423150e-01   8.2009760e-01   7.2712773e-01   6.4438904e-01   5.7096802e-01   5.0598214e-01   4.4859252e-01   3.9800866e-01   3.5349618e-01   3.1437613e-01   2.8002928e-01   2.4989166e-01   2.2345676e-01   2.0026863e-01   1.7992319e-01   1.6205977e-01   1.4636258e-01   1.3255129e-01   1.2038318e-01   1.0964327e-01   1.0014751e-01   9.1732629e-02   8.4260529e-02   7.7607915e-02   7.1672031e-02   6.6359948e-02   6.1595695e-02   5.7309085e-02   5.3444255e-02   4.9947857e-02   4.6779045e-02   4.3896827e-02   4.1271560e-02   3.8871245e-02   3.6674640e-02   3.4656229e-02   3.2801133e-02   3.1088455e-02   2.9508225e-02   2.8042758e-02   2.6685989e-02   2.5422365e-02   2.4249082e-02   2.3151883e-02   2.2130956e-02   2.1172779e-02   2.0280916e-02   1.9442795e-02   1.8667670e-02   1.7947114e-02   1.7305013e-02   1.6751356e-02   1.6356093e-02   1.6199349e-02   1.6500156e-02   1.7575327e-02   2.0109989e-02   2.5139244e-02   3.4781772e-02
   5.0821653e-02   7.2525795e-02   1.0112329e-01   1.3826559e-01   1.8569673e-01   2.4533729e-01   3.1924984e-01   4.0958743e-01   5.1854701e-01   6.4827132e-01   8.0077169e-01   9.7779889e-01   1.1807426e+00   1.4104907e+00   1.6673276e+00   1.9508108e+00   2.2596996e+00   2.5918811e+00   2.9443604e+00   3.3132627e+00   3.6939051e+00   4.0808847e+00   4.4682319e+00   4.8495727e+00   5.2183405e+00   5.5679810e+00   5.8921818e+00   6.1850755e+00   6.4414422e+00   6.6568672e+00   6.8278786e+00   6.9520293e+00   7.0279497e+00   7.0553442e+00   7.0349595e+00   6.9685054e+00   6.8585571e+00   6.7084243e+00   6.5220160e+00   6.3036869e+00   6.0580933e+00   5.7900450e+00   5.5043755e+00   5.2058188e+00   4.8989096e+00   4.5878944e+00   4.2766684e+00   3.9687239e+00   3.6671221e+00   3.3744752e+00   3.0929475e+00   2.8242648e+00   2.5697361e+00   2.3302822e+00   2.1064699e+00   1.8985510e+00   1.7065023e+00   1.5300673e+00   1.3687963e+00   1.2220855e+00   1.0892128e+00   9.6937152e-01   8.6169899e-01   7.6530331e-01   6.7928380e-01   6.0275088e-01   5.3483858e-01   4.7471811e-01   4.2160358e-01   3.7476058e-01   3.3350648e-01   2.9721538e-01   2.6531454e-01   2.3728709e-01   2.1266575e-01   1.9103456e-01   1.7202087e-01   1.5529696e-01   1.4057103e-01   1.2758935e-01   1.1612666e-01   1.0598927e-01   9.7005087e-02   8.9027912e-02   8.1927170e-02   7.5593462e-02   6.9928004e-02   6.4849507e-02   6.0283168e-02   5.6168933e-02   5.2449872e-02   4.9081868e-02   4.6021186e-02   4.3235646e-02   4.0691168e-02   3.8364543e-02   3.6228694e-02   3.4267209e-02   3.2458027e-02   3.0789977e-02   2.9244519e-02   2.7814627e-02   2.6484134e-02   2.5249455e-02   2.4095907e-02   2.3023022e-02   2.2017009e-02   2.1080861e-02   2.0201866e-02   1.9388727e-02   1.8632932e-02   1.7957632e-02   1.7372436e-02   1.6945558e-02   1.6755006e-02   1.7014187e-02   1.8031304e-02   2.0473358e-02   2.5347845e-02   3.4720552e-02
   5.0367143e-02   7.1508712e-02   9.9374945e-02   1.3558236e-01   1.8183951e-01   2.4002943e-01   3.1217617e-01   4.0039477e-01   5.0684624e-01   6.3364199e-01   7.8276900e-01   9.5596395e-01   1.1546155e+00   1.3796271e+00   1.6313175e+00   1.9093001e+00   2.2124127e+00   2.5386442e+00   2.8851235e+00   3.2481201e+00   3.6231112e+00   4.0048660e+00   4.3875916e+00   4.7650900e+00   5.1309606e+00   5.4787987e+00   5.8024173e+00   6.0960440e+00   6.3545178e+00   6.5734435e+00   6.7493270e+00   6.8796572e+00   6.9629611e+00   6.9988031e+00   6.9877592e+00   6.9313440e+00   6.8319204e+00   6.6925771e+00   6.5170004e+00   6.3093292e+00   6.0740176e+00   5.8156924e+00   5.5390287e+00   5.2486301e+00   4.9489306e+00   4.6441072e+00   4.3380158e+00   4.0341388e+00   3.7355535e+00   3.4449119e+00   3.1644378e+00   2.8959322e+00   2.6407913e+00   2.4000308e+00   2.1743168e+00   1.9640011e+00   1.7691588e+00   1.5896268e+00   1.4250430e+00   1.2748830e+00   1.1384957e+00   1.0151361e+00   9.0399394e-01   8.0422041e-01   7.1494930e-01   6.3531737e-01   5.6447762e-01   5.0161370e-01   4.4594657e-01   3.9674385e-01   3.5332108e-01   3.1504737e-01   2.8134261e-01   2.5168076e-01   2.2558424e-01   2.0262599e-01   1.8242198e-01   1.6463304e-01   1.4895623e-01   1.3512701e-01   1.2290996e-01   1.1210178e-01   1.0252156e-01   9.4014915e-02   8.6443885e-02   7.9692308e-02   7.3655404e-02   6.8246422e-02   6.3385789e-02   5.9009115e-02   5.5055743e-02   5.1478154e-02   4.8229737e-02   4.5275663e-02   4.2579659e-02   4.0116455e-02   3.7857316e-02   3.5784224e-02   3.3873880e-02   3.2113850e-02   3.0484675e-02   2.8978328e-02   2.7577975e-02   2.6279215e-02   2.5066899e-02   2.3939881e-02   2.2884064e-02   2.1901855e-02   2.0980368e-02   2.0127744e-02   1.9335354e-02   1.8625611e-02   1.8007717e-02   1.7548188e-02   1.7322956e-02   1.7540021e-02   1.8499332e-02   2.0850606e-02   2.5575055e-02   3.4688104e-02
   4.9957623e-02   7.0559659e-02   9.7724617e-02   1.3303515e-01   1.7816529e-01   2.3496148e-01   3.0541013e-01   3.9158911e-01   4.9562404e-01   6.1959532e-01   7.6546549e-01   9.3495657e-01   1.1294549e+00   1.3498774e+00   1.5965744e+00   1.8692114e+00   2.1667000e+00   2.4871254e+00   2.8277343e+00   3.1849336e+00   3.5543540e+00   3.9309298e+00   4.3090392e+00   4.6826542e+00   5.0455365e+00   5.3914285e+00   5.7142681e+00   6.0083789e+00   6.2686628e+00   6.4907493e+00   6.6711298e+00   6.8072386e+00   6.8975095e+00   6.9413784e+00   6.9392624e+00   6.8924924e+00   6.8032304e+00   6.6743534e+00   6.5093338e+00   6.3121013e+00   6.0869120e+00   5.8382125e+00   5.5705196e+00   5.2883043e+00   4.9958966e+00   4.6973987e+00   4.3966207e+00   4.0970272e+00   3.8017039e+00   3.5133343e+00   3.2341934e+00   2.9661497e+00   2.7106794e+00   2.4688867e+00   2.2415318e+00   2.0290621e+00   1.8316475e+00   1.6492164e+00   1.4814925e+00   1.3280307e+00   1.1882512e+00   1.0614715e+00   9.4693506e-01   8.4383820e-01   7.5135122e-01   6.6863941e-01   5.9487705e-01   5.2926249e-01   4.7102570e-01   4.1943837e-01   3.7381605e-01   3.3352451e-01   2.9797773e-01   2.6664175e-01   2.3902971e-01   2.1470429e-01   1.9327077e-01   1.7437905e-01   1.5771540e-01   1.4300476e-01   1.3000168e-01   1.1849334e-01   1.0829003e-01   9.9229121e-02   9.1165204e-02   8.3975249e-02   7.7548353e-02   7.1792168e-02   6.6622211e-02   6.1969618e-02   5.7769862e-02   5.3971895e-02   5.0526102e-02   4.7394890e-02   4.4539681e-02   4.1933048e-02   3.9544506e-02   3.7354354e-02   3.5337974e-02   3.3481608e-02   3.1764820e-02   3.0178528e-02   2.8705182e-02   2.7339532e-02   2.6065919e-02   2.4882492e-02   2.3774815e-02   2.2744687e-02   2.1779018e-02   2.0885373e-02   2.0054977e-02   1.9309499e-02   1.8657712e-02   1.8164465e-02   1.7903661e-02   1.8078090e-02   1.8979791e-02   2.1241977e-02   2.5820806e-02   3.4683701e-02
   4.9591355e-02   6.9675472e-02   9.6167354e-02   1.3061682e-01   1.7466432e-01   2.3012066e-01   2.9893551e-01   3.8315031e-01   4.8485590e-01   6.0610205e-01   7.4882677e-01   9.1473688e-01   1.1052153e+00   1.3211905e+00   1.5630417e+00   1.8304829e+00   2.1224953e+00   2.4372552e+00   2.7721211e+00   3.1236311e+00   3.4875628e+00   3.8590094e+00   4.2325139e+00   4.6022134e+00   4.9620276e+00   5.3058436e+00   5.6277228e+00   5.9220866e+00   6.1839021e+00   6.4088291e+00   6.5933510e+00   6.7348561e+00   6.8316947e+00   6.8831853e+00   6.8895968e+00   6.8520879e+00   6.7726299e+00   6.6538983e+00   6.4991596e+00   6.3121411e+00   6.0969056e+00   5.8577221e+00   5.5989500e+00   5.3249268e+00   5.0398750e+00   4.7478173e+00   4.4525124e+00   4.1574003e+00   3.8655673e+00   3.5797205e+00   3.3021785e+00   3.0348696e+00   2.7793432e+00   2.5367857e+00   2.3080459e+00   2.0936623e+00   1.8938961e+00   1.7087648e+00   1.5380764e+00   1.3814642e+00   1.2384196e+00   1.1083235e+00   9.9047431e-01   8.8411490e-01   7.8845400e-01   7.0268751e-01   6.2601314e-01   5.5764610e-01   4.9682745e-01   4.4283495e-01   3.9498599e-01   3.5264467e-01   3.1522050e-01   2.8217289e-01   2.5300675e-01   2.2727542e-01   2.0457420e-01   1.8454262e-01   1.6685660e-01   1.5123083e-01   1.3741005e-01   1.2517205e-01   1.1431832e-01   1.0467803e-01   9.6098235e-02   8.8448965e-02   8.1613081e-02   7.5492523e-02   6.9997764e-02   6.5055334e-02   6.0596706e-02   5.6567173e-02   5.2913992e-02   4.9596693e-02   4.6574281e-02   4.3817079e-02   4.1292755e-02   3.8979845e-02   3.6852335e-02   3.4895081e-02   3.3086601e-02   3.1416715e-02   2.9867100e-02   2.8431621e-02   2.7094065e-02   2.5851849e-02   2.4690161e-02   2.3610173e-02   2.2598557e-02   2.1662293e-02   2.0792421e-02   2.0009866e-02   1.9322951e-02   1.8794885e-02   1.8497590e-02   1.8628832e-02   1.9473060e-02   2.1647718e-02   2.6085054e-02   3.4706689e-02
   4.9266750e-02   6.8853240e-02   9.4698584e-02   1.2832076e-01   1.7132758e-01   2.2549511e-01   2.9273718e-01   3.7505955e-01   4.7451893e-01   5.9313476e-01   7.3282056e-01   8.9526745e-01   1.0818539e+00   1.2935182e+00   1.5306658e+00   1.7930563e+00   2.0797360e+00   2.3889674e+00   2.7182156e+00   3.0641437e+00   3.4226701e+00   3.7890405e+00   4.1579571e+00   4.5237168e+00   4.8803935e+00   5.2220160e+00   5.5427685e+00   5.8371704e+00   6.1002569e+00   6.3277223e+00   6.5160485e+00   6.6625855e+00   6.7656096e+00   6.8243313e+00   6.8388824e+00   6.8102600e+00   6.7402549e+00   6.6313504e+00   6.4866156e+00   6.3095818e+00   6.1041238e+00   5.8743361e+00   5.6244216e+00   5.3585836e+00   5.0809348e+00   4.7954146e+00   4.5057245e+00   4.2152737e+00   3.9271424e+00   3.6440538e+00   3.3683625e+00   3.1020496e+00   2.8467306e+00   2.6036682e+00   2.3737939e+00   2.1577333e+00   1.9558352e+00   1.7682031e+00   1.5947277e+00   1.4351198e+00   1.2889417e+00   1.1556381e+00   1.0345632e+00   9.2500787e-01   8.2622097e-01   7.3743087e-01   6.5786072e-01   5.8674463e-01   5.2333679e-01   4.6692294e-01   4.1682412e-01   3.7240438e-01   3.3307030e-01   2.9827589e-01   2.6751899e-01   2.4034451e-01   2.1633851e-01   1.9513079e-01   1.7638736e-01   1.5981304e-01   1.4514299e-01   1.3214575e-01   1.2061411e-01   1.1036903e-01   1.0125003e-01   9.3120116e-02   8.5855833e-02   7.9353303e-02   7.3517831e-02   6.8271225e-02   6.3540826e-02   5.9268149e-02   5.5397199e-02   5.1884519e-02   4.8686589e-02   4.5771382e-02   4.3104627e-02   4.0663015e-02   3.8419057e-02   3.6356159e-02   3.4451727e-02   3.2694430e-02   3.1065122e-02   2.9556740e-02   2.8152474e-02   2.6848982e-02   2.5631035e-02   2.4499161e-02   2.3439757e-02   2.2459202e-02   2.1548326e-02   2.0727300e-02   2.0003977e-02   1.9439957e-02   1.9105220e-02   1.9192689e-02   1.9979523e-02   2.2068083e-02   2.6367779e-02   3.4756478e-02
   4.8982352e-02   6.8090287e-02   9.3314086e-02   1.2614086e-01   1.6814669e-01   2.2107381e-01   2.8680105e-01   3.6729929e-01   4.6459170e-01   5.8066776e-01   7.1741653e-01   8.7651302e-01   1.0593303e+00   1.2668148e+00   1.4993962e+00   1.7568761e+00   2.0383623e+00   2.3421991e+00   2.6659527e+00   3.0064054e+00   3.3596107e+00   3.7209608e+00   4.0853115e+00   4.4471145e+00   4.8005939e+00   5.1399171e+00   5.4593902e+00   5.7536307e+00   6.0177442e+00   6.2474635e+00   6.4392746e+00   6.5904966e+00   6.6993398e+00   6.7649168e+00   6.7872322e+00   6.7671313e+00   6.7062346e+00   6.6068423e+00   6.4718343e+00   6.3045525e+00   6.1086891e+00   5.8881671e+00   5.6470348e+00   5.3893609e+00   5.1191465e+00   4.8402440e+00   4.5562934e+00   4.2706671e+00   3.9864325e+00   3.7063223e+00   3.4327199e+00   3.1676522e+00   2.9127942e+00   2.6694787e+00   2.4387149e+00   2.2212104e+00   2.0173981e+00   1.8274646e+00   1.6513813e+00   1.4889351e+00   1.3397590e+00   1.2033612e+00   1.0791529e+00   9.6647385e-01   8.6461453e-01   7.7283755e-01   6.9039332e-01   6.1653681e-01   5.5053725e-01   4.9169023e-01   4.3932222e-01   3.9279888e-01   3.5152526e-01   3.1495137e-01   2.8256905e-01   2.5391577e-01   2.2856917e-01   2.0614992e-01   1.8631469e-01   1.6875879e-01   1.5320808e-01   1.3942204e-01   1.2718488e-01   1.1630939e-01   1.0662755e-01   9.7995323e-02   9.0282848e-02   8.3380341e-02   7.7187839e-02   7.1622309e-02   6.6606841e-02   6.2079057e-02   5.7979595e-02   5.4261897e-02   5.0879813e-02   4.7798868e-02   4.4982759e-02   4.2406251e-02   4.0040301e-02   3.7866795e-02   3.5861963e-02   3.4013269e-02   3.2300689e-02   3.0716192e-02   2.9242327e-02   2.7874959e-02   2.6598405e-02   2.5412526e-02   2.4303413e-02   2.3276827e-02   2.2323354e-02   2.1462410e-02   2.0701352e-02   2.0100203e-02   1.9727039e-02   1.9770111e-02   2.0499570e-02   2.2503334e-02   2.6668981e-02   3.4832538e-02
   4.8736835e-02   6.7384149e-02   9.2009963e-02   1.2407146e-01   1.6511386e-01   2.1684647e-01   2.8111398e-01   3.5985312e-01   4.5505413e-01   5.6867692e-01   7.0258617e-01   8.5844043e-01   1.0376065e+00   1.2410375e+00   1.4691850e+00   1.7218899e+00   1.9983179e+00   2.2968905e+00   2.6152701e+00   2.9503532e+00   3.2983223e+00   3.6547105e+00   4.0145217e+00   4.3723577e+00   4.7225885e+00   5.0595178e+00   5.3775715e+00   5.6714656e+00   5.9363778e+00   6.1680830e+00   6.3630765e+00   6.5186528e+00   6.6329647e+00   6.7050355e+00   6.7347519e+00   6.7228175e+00   6.6706918e+00   6.5805008e+00   6.4549430e+00   6.2971782e+00   6.1107205e+00   5.8993257e+00   5.6668891e+00   5.4173451e+00   5.1545818e+00   4.8823616e+00   4.6042587e+00   4.3236037e+00   4.0434452e+00   3.7665187e+00   3.4952298e+00   3.2316447e+00   2.9774911e+00   2.7341663e+00   2.5027517e+00   2.2840324e+00   2.0785211e+00   1.8864850e+00   1.7079737e+00   1.5428490e+00   1.3908134e+00   1.2514392e+00   1.1241944e+00   1.0084691e+00   9.0359630e-01   8.0887456e-01   7.2358326e-01   6.4700003e-01   5.7841096e-01   5.1712333e-01   4.6247074e-01   4.1382206e-01   3.7058233e-01   3.3219881e-01   2.9815854e-01   2.6799254e-01   2.4127085e-01   2.1760575e-01   1.9664504e-01   1.7807501e-01   1.6161252e-01   1.4700822e-01   1.3403788e-01   1.2250621e-01   1.1223767e-01   1.0308115e-01   9.4900342e-02   8.7579483e-02   8.1013242e-02   7.5113648e-02   6.9799429e-02   6.5004202e-02   6.0665123e-02   5.6732431e-02   5.3157236e-02   4.9902525e-02   4.6929864e-02   4.4212014e-02   4.1718292e-02   3.9429003e-02   3.7319130e-02   3.5374880e-02   3.3575291e-02   3.1911327e-02   3.0364843e-02   2.8930884e-02   2.7593274e-02   2.6351179e-02   2.5190352e-02   2.4115919e-02   2.3118193e-02   2.2215823e-02   2.1415656e-02   2.0776161e-02   2.0363549e-02   2.0361555e-02   2.1033595e-02   2.2953744e-02   2.6988684e-02   3.4934401e-02
   4.8528984e-02   6.6732559e-02   9.0782610e-02   1.2210730e-01   1.6222186e-01   2.1280354e-01   2.7566369e-01   3.5270566e-01   4.4588739e-01   5.5713959e-01   6.8830267e-01   8.4101840e-01   1.0166465e+00   1.2161455e+00   1.4399868e+00   1.6880479e+00   1.9595490e+00   2.2529846e+00   2.5661087e+00   2.8959268e+00   3.2387449e+00   3.5902318e+00   3.9455340e+00   4.2993986e+00   4.6463378e+00   4.9807884e+00   5.2972945e+00   5.5906709e+00   5.8561684e+00   6.0896072e+00   6.2874964e+00   6.4471126e+00   6.5665579e+00   6.6447748e+00   6.6815411e+00   6.6774280e+00   6.6337429e+00   6.5524467e+00   6.4360641e+00   6.2875792e+00   6.1103339e+00   5.9079203e+00   5.6840830e+00   5.4426226e+00   5.1873132e+00   4.9218250e+00   4.6496626e+00   4.3741100e+00   4.0981917e+00   3.8246398e+00   3.5558759e+00   3.2939987e+00   3.0407831e+00   2.7976844e+00   2.5658511e+00   2.3461412e+00   2.1391436e+00   1.9452025e+00   1.7644435e+00   1.5968016e+00   1.4420481e+00   1.2998187e+00   1.1696389e+00   1.0509493e+00   9.4312721e-01   8.4550802e-01   7.5740179e-01   6.7811048e-01   6.0693882e-01   5.4320746e-01   4.8625883e-01   4.3546660e-01   3.9023723e-01   3.5001659e-01   3.1428807e-01   2.8257725e-01   2.5444746e-01   2.2950328e-01   2.0738428e-01   1.8776815e-01   1.7036313e-01   1.5491129e-01   1.4118014e-01   1.2896643e-01   1.1808713e-01   1.0838408e-01   9.9714492e-02   9.1956561e-02   8.4999511e-02   7.8750342e-02   7.3123317e-02   6.8047946e-02   6.3457793e-02   5.9299794e-02   5.5522216e-02   5.2085411e-02   4.8948724e-02   4.6082828e-02   4.3455324e-02   4.1044861e-02   3.8825110e-02   3.6780965e-02   3.4890471e-02   3.3143539e-02   3.1521286e-02   3.0017902e-02   2.8616677e-02   2.7316060e-02   2.6101429e-02   2.4977255e-02   2.3933552e-02   2.2988190e-02   2.2147487e-02   2.1468383e-02   2.1015260e-02   2.0967491e-02   2.1582002e-02   2.3419595e-02   2.7326937e-02   3.5061651e-02
   4.8357695e-02   6.6133427e-02   8.9628691e-02   1.2024350e-01   1.5946396e-01   2.0893608e-01   2.7043871e-01   3.4584255e-01   4.3707383e-01   5.4603450e-01   6.7454079e-01   8.2421747e-01   9.9641647e-01   1.1921005e+00   1.4117588e+00   1.6553030e+00   1.9220044e+00   2.2104271e+00   2.5184119e+00   2.8430683e+00   3.1808209e+00   3.5274688e+00   3.8782960e+00   4.2281904e+00   4.5718023e+00   4.9036987e+00   5.2185405e+00   5.5112403e+00   5.7771238e+00   6.0120587e+00   6.2125725e+00   6.3759291e+00   6.5001872e+00   6.5842159e+00   6.6276932e+00   6.6310659e+00   6.5954988e+00   6.5227954e+00   6.4153148e+00   6.2758719e+00   6.1076417e+00   5.9140566e+00   5.6987131e+00   5.4652790e+00   5.2174138e+00   4.9586933e+00   4.6925496e+00   4.4222158e+00   4.1506871e+00   3.8806867e+00   3.6146461e+00   3.3546905e+00   3.1026359e+00   2.8599902e+00   2.6279638e+00   2.4074826e+00   2.1992080e+00   2.0035578e+00   1.8207314e+00   1.6507347e+00   1.4934071e+00   1.3484471e+00   1.2154375e+00   1.0938704e+00   9.8316769e-01   8.8270329e-01   7.9181918e-01   7.0984326e-01   6.3610049e-01   5.6992657e-01   5.1067439e-01   4.5772393e-01   4.1048455e-01   3.6840200e-01   3.3095724e-01   2.9767143e-01   2.6810209e-01   2.4184684e-01   2.1853767e-01   1.9784414e-01   1.7946629e-01   1.6313789e-01   1.4861842e-01   1.3569676e-01   1.2418252e-01   1.1391050e-01   1.0473142e-01   9.6517384e-02   8.9152119e-02   8.2537513e-02   7.6583271e-02   7.1214701e-02   6.6361675e-02   6.1967725e-02   5.7978176e-02   5.4350655e-02   5.1042190e-02   4.8021289e-02   4.5253751e-02   4.2716507e-02   4.0381842e-02   3.8233282e-02   3.6247820e-02   3.4414270e-02   3.2712963e-02   3.1137198e-02   2.9669690e-02   2.8308144e-02   2.7037528e-02   2.5861642e-02   2.4770164e-02   2.3780181e-02   2.2897462e-02   2.2177439e-02   2.1682700e-02   2.1588397e-02   2.2145206e-02   2.3901184e-02   2.7683811e-02   3.5213926e-02
   4.8221963e-02   6.5584832e-02   8.8545121e-02   1.1847555e-01   1.5683389e-01   2.0523576e-01   2.6542830e-01   3.3925029e-01   4.2859686e-01   5.3534161e-01   6.6127675e-01   8.0800983e-01   9.7688436e-01   1.1688660e+00   1.3844603e+00   1.6236104e+00   1.8856358e+00   2.1691663e+00   2.4721256e+00   2.7917225e+00   3.1244951e+00   3.4663676e+00   3.8127570e+00   4.1586874e+00   4.4989432e+00   4.8282187e+00   5.1412896e+00   5.4331659e+00   5.6992491e+00   5.9354568e+00   6.1383385e+00   6.3051508e+00   6.4339151e+00   6.5234348e+00   6.5732955e+00   6.5838287e+00   6.5560644e+00   6.4916572e+00   6.3928078e+00   6.2621685e+00   6.1027532e+00   5.9178383e+00   5.7108751e+00   5.4853997e+00   5.2449570e+00   4.9930270e+00   4.7329663e+00   4.4679534e+00   4.2009496e+00   3.9346639e+00   3.6715320e+00   3.4137003e+00   3.1630196e+00   2.9210451e+00   2.6890439e+00   2.4680055e+00   2.2586595e+00   2.0614943e+00   1.8767798e+00   1.7045918e+00   1.5448355e+00   1.3972722e+00   1.2615418e+00   1.1371878e+00   1.0236778e+00   9.2042505e-01   8.2680486e-01   7.4217243e-01   6.6587453e-01   5.9726347e-01   5.3570412e-01   4.8058432e-01   4.3131770e-01   3.8735125e-01   3.4816464e-01   3.1327569e-01   2.8223700e-01   2.5464004e-01   2.3010984e-01   2.0830841e-01   1.8892795e-01   1.7169433e-01   1.5635917e-01   1.4270372e-01   1.3053029e-01   1.1966669e-01   1.0995716e-01   1.0126772e-01   9.3476528e-02   8.6480294e-02   8.0184087e-02   7.4508924e-02   6.9380891e-02   6.4740023e-02   6.0528605e-02   5.6701448e-02   5.3213180e-02   5.0030054e-02   4.7115995e-02   4.4446140e-02   4.1991323e-02   3.9733642e-02   3.7648981e-02   3.5725010e-02   3.3941224e-02   3.2289995e-02   3.0753422e-02   2.9328439e-02   2.7999566e-02   2.6769912e-02   2.5628790e-02   2.4592492e-02   2.3666219e-02   2.2903915e-02   2.2366409e-02   2.2224764e-02   2.2723629e-02   2.4398820e-02   2.8059401e-02   3.5390913e-02
   4.8120874e-02   6.5085005e-02   8.7529042e-02   1.1679923e-01   1.5432581e-01   2.0169480e-01   2.6062243e-01   3.3291625e-01   4.2044092e-01   5.2504209e-01   6.4848813e-01   7.9236922e-01   9.5801986e-01   1.1464076e+00   1.3580526e+00   1.5929273e+00   1.8503968e+00   2.1291528e+00   2.4271981e+00   2.7418361e+00   3.0697140e+00   3.4068763e+00   3.7488680e+00   4.0908449e+00   4.4277219e+00   4.7543178e+00   5.0655210e+00   5.3564383e+00   5.6225472e+00   5.8598176e+00   6.0648246e+00   6.2348218e+00   6.3677994e+00   6.4625020e+00   6.5184302e+00   6.5358081e+00   6.5155393e+00   6.4591371e+00   6.3686509e+00   6.2465773e+00   6.0957740e+00   5.9193662e+00   5.7206625e+00   5.5030692e+00   5.2700164e+00   5.0248875e+00   4.7709610e+00   4.5113576e+00   4.2490003e+00   3.9865794e+00   3.7265295e+00   3.4710121e+00   3.2219080e+00   2.9808143e+00   2.7490495e+00   2.5276624e+00   2.3174465e+00   2.1189576e+00   1.9325338e+00   1.7583177e+00   1.5962800e+00   1.4462429e+00   1.3079036e+00   1.1808571e+00   1.0646172e+00   9.5863747e-01   8.6232750e-01   7.7507118e-01   6.9623848e-01   6.2519985e-01   5.6133361e-01   5.0403689e-01   4.5272903e-01   4.0685950e-01   3.6590789e-01   3.2938974e-01   2.9685364e-01   2.6788575e-01   2.4210479e-01   2.1916579e-01   1.9875361e-01   1.8058650e-01   1.6440856e-01   1.4999357e-01   1.3713667e-01   1.2565877e-01   1.1539768e-01   1.0621329e-01   9.7978174e-02   9.0583819e-02   8.3930579e-02   7.7935107e-02   7.2519609e-02   6.7620538e-02   6.3177048e-02   5.9141047e-02   5.5464671e-02   5.2111846e-02   4.9044535e-02   4.6236018e-02   4.3655605e-02   4.1283910e-02   3.9095647e-02   3.7077294e-02   3.5207463e-02   3.3477558e-02   3.1869022e-02   3.0377986e-02   2.8988490e-02   2.7702927e-02   2.6510215e-02   2.5425839e-02   2.4454415e-02   2.3648416e-02   2.3066943e-02   2.2877096e-02   2.3317709e-02   2.4912824e-02   2.8453826e-02   3.5592349e-02
   4.8053604e-02   6.4632320e-02   8.6577808e-02   1.1521063e-01   1.5193427e-01   1.9830593e-01   2.5601168e-01   3.2682857e-01   4.1259135e-01   5.1511818e-01   6.3615379e-01   7.7727084e-01   9.3979431e-01   1.1246926e+00   1.3324991e+00   1.5632135e+00   1.8162435e+00   2.0903397e+00   2.3835800e+00   2.6933585e+00   3.0164267e+00   3.3489447e+00   3.6865811e+00   4.0246192e+00   4.3581008e+00   4.6819656e+00   4.9912133e+00   5.2810463e+00   5.5470189e+00   5.7851547e+00   5.9920574e+00   6.1649821e+00   6.3018933e+00   6.4014829e+00   6.4631740e+00   6.4870909e+00   6.4740180e+00   6.4253351e+00   6.3429476e+00   6.2292024e+00   6.0868067e+00   5.9187386e+00   5.7281674e+00   5.5183711e+00   5.2926658e+00   5.0543370e+00   4.8065836e+00   4.5524654e+00   4.2948635e+00   4.0364445e+00   3.7796374e+00   3.5266138e+00   3.2792790e+00   3.0392666e+00   2.8079420e+00   2.5864087e+00   2.3755203e+00   2.1758964e+00   1.9879401e+00   1.8118594e+00   1.6476881e+00   1.4953089e+00   1.3544753e+00   1.2248342e+00   1.1059457e+00   9.9730430e-01   8.9835513e-01   8.0851184e-01   7.2716894e-01   6.5371636e-01   5.8754733e-01   5.2806969e-01   4.7470977e-01   4.2692086e-01   3.8418363e-01   3.4601236e-01   3.1195265e-01   2.8158610e-01   2.5452587e-01   2.3042059e-01   2.0894825e-01   1.8981990e-01   1.7277240e-01   1.5757229e-01   1.4400769e-01   1.3189274e-01   1.2105881e-01   1.1135973e-01   1.0266245e-01   9.4853206e-02   8.7827570e-02   8.1497762e-02   7.5782032e-02   7.0613168e-02   6.5927104e-02   6.1672764e-02   5.7799704e-02   5.4269446e-02   5.1041914e-02   4.8088459e-02   4.5376800e-02   4.2886006e-02   4.0589562e-02   3.8472709e-02   3.6513119e-02   3.4701194e-02   3.3017676e-02   3.1457864e-02   3.0005280e-02   2.8661579e-02   2.7415251e-02   2.6280965e-02   2.5262730e-02   2.4411566e-02   2.3784874e-02   2.3545910e-02   2.3927894e-02   2.5443536e-02   2.8867228e-02   3.5818014e-02
   4.8019410e-02   6.4225282e-02   8.5688970e-02   1.1370611e-01   1.4965419e-01   1.9506233e-01   2.5158722e-01   3.2097608e-01   4.0503437e-01   5.0555317e-01   6.2425377e-01   7.6269123e-01   9.2218058e-01   1.1036902e+00   1.3077651e+00   1.5344304e+00   1.7831338e+00   2.0526819e+00   2.3412241e+00   2.6462409e+00   2.9645838e+00   3.2925244e+00   3.6258502e+00   3.9599679e+00   4.2900423e+00   4.6111317e+00   4.9183444e+00   5.2069779e+00   5.4726630e+00   5.7114789e+00   5.9200602e+00   6.0956680e+00   6.2362456e+00   6.3404385e+00   6.4075991e+00   6.4377585e+00   6.4315900e+00   6.3903466e+00   6.3157967e+00   6.2101441e+00   6.0759504e+00   5.9160514e+00   5.7334801e+00   5.5313881e+00   5.3129783e+00   5.0814382e+00   4.8398852e+00   4.5913157e+00   4.3385654e+00   4.0842735e+00   3.8308583e+00   3.5804968e+00   3.3351137e+00   3.0963745e+00   2.8656865e+00   2.6442034e+00   2.4328352e+00   2.2322616e+00   2.0429482e+00   1.8651655e+00   1.6990091e+00   1.5444209e+00   1.4012101e+00   1.2690750e+00   1.1476227e+00   1.0363890e+00   9.3485525e-01   8.4246606e-01   7.5864165e-01   6.8279273e-01   6.1432879e-01   5.5266971e-01   4.9725016e-01   4.4752846e-01   4.0298752e-01   3.6314147e-01   3.2753381e-01   2.9574247e-01   2.6737576e-01   2.4207652e-01   2.1951638e-01   1.9939962e-01   1.8145618e-01   1.6544560e-01   1.5114918e-01   1.3837439e-01   1.2694626e-01   1.1671259e-01   1.0753471e-01   9.9293547e-02   9.1879877e-02   8.5201419e-02   7.9172394e-02   7.3721850e-02   6.8782419e-02   6.4299962e-02   6.0221374e-02   5.6505692e-02   5.3110729e-02   5.0005835e-02   4.7157070e-02   4.4541900e-02   4.2132521e-02   3.9912884e-02   3.7859675e-02   3.5962250e-02   3.4200608e-02   3.2569186e-02   3.1050947e-02   2.9646787e-02   2.8344738e-02   2.7158636e-02   2.6091866e-02   2.5194009e-02   2.4520792e-02   2.4231740e-02   2.4554647e-02   2.5991309e-02   2.9299773e-02   3.6067733e-02
   4.8017625e-02   6.3862521e-02   8.4860258e-02   1.1228229e-01   1.4748081e-01   1.9195765e-01   2.4734079e-01   3.1534833e-01   3.9775701e-01   4.9633127e-01   6.1276921e-01   7.4860823e-01   9.0515296e-01   1.0833709e+00   1.2838176e+00   1.5065415e+00   1.7510280e+00   2.0161367e+00   2.3000850e+00   2.6004364e+00   2.9141381e+00   3.2375685e+00   3.5666303e+00   3.8968493e+00   4.2235099e+00   4.5417857e+00   4.8468919e+00   5.1342197e+00   5.3994766e+00   5.6387985e+00   5.8488537e+00   6.0269120e+00   6.1709011e+00   6.2794254e+00   6.3517726e+00   6.3878879e+00   6.3883399e+00   6.3542624e+00   6.2872932e+00   6.1894988e+00   6.0633012e+00   5.9113978e+00   5.7366887e+00   5.5422017e+00   5.3310271e+00   5.1062543e+00   4.8709181e+00   4.6279493e+00   4.3801350e+00   4.1300833e+00   3.8801976e+00   3.6326557e+00   3.3893969e+00   3.1521138e+00   2.9222512e+00   2.7010086e+00   2.4893484e+00   2.2880069e+00   2.0975093e+00   1.9181865e+00   1.7501937e+00   1.5935307e+00   1.4480617e+00   1.3135362e+00   1.1896079e+00   1.0758548e+00   9.7179495e-01   8.7690486e-01   7.9063156e-01   7.1240779e-01   6.4166051e-01   5.7782296e-01   5.2033942e-01   4.6867443e-01   4.2231431e-01   3.8077408e-01   3.4359611e-01   3.1035551e-01   2.8065647e-01   2.5413669e-01   2.3046199e-01   2.0933029e-01   1.9046498e-01   1.7361889e-01   1.5856669e-01   1.4510933e-01   1.3306562e-01   1.2227733e-01   1.1260021e-01   1.0390990e-01   9.6092304e-02   8.9050612e-02   8.2694949e-02   7.6950554e-02   7.1746682e-02   6.7026054e-02   6.2732826e-02   5.8823479e-02   5.5253633e-02   5.1990576e-02   4.8998636e-02   4.6253618e-02   4.3726368e-02   4.1399499e-02   3.9248658e-02   3.7262116e-02   3.5419083e-02   3.3713100e-02   3.2126538e-02   3.0659504e-02   2.9299543e-02   2.8059644e-02   2.6942546e-02   2.5996406e-02   2.5275303e-02   2.4935134e-02   2.5198444e-02   2.6556512e-02   2.9751652e-02   3.6341374e-02
   4.8047653e-02   6.3542779e-02   8.4089572e-02   1.1093602e-01   1.4540972e-01   1.8898591e-01   2.4326462e-01   3.0993545e-01   3.9074705e-01   4.8743762e-01   6.0168231e-01   7.3500084e-01   8.8868709e-01   1.0637070e+00   1.2606251e+00   1.4795117e+00   1.7198878e+00   1.9806631e+00   2.2601197e+00   2.5559002e+00   2.8650439e+00   3.1840320e+00   3.5088779e+00   3.8352229e+00   4.1584673e+00   4.4738975e+00   4.7768329e+00   5.0627575e+00   5.3274554e+00   5.5671200e+00   5.7784553e+00   5.9587438e+00   6.1059012e+00   6.2184961e+00   6.2957575e+00   6.3375513e+00   6.3443481e+00   6.3171689e+00   6.2575276e+00   6.1673594e+00   6.0489518e+00   5.9048683e+00   5.7378797e+00   5.5508920e+00   5.3468846e+00   5.1288485e+00   4.8997354e+00   4.6624082e+00   4.4196031e+00   4.1738933e+00   3.9276636e+00   3.6830881e+00   3.4421165e+00   3.2064637e+00   2.9776076e+00   2.7567894e+00   2.5450198e+00   2.3430886e+00   2.1515773e+00   1.9708748e+00   1.8011941e+00   1.6425913e+00   1.4949848e+00   1.3581747e+00   1.2318613e+00   1.1156648e+00   1.0091410e+00   9.1179872e-01   8.2311298e-01   7.4253956e-01   6.6952416e-01   6.0351455e-01   5.4396582e-01   4.9034998e-01   4.4215782e-01   3.9890634e-01   3.6013772e-01   3.2542510e-01   2.9436933e-01   2.6660362e-01   2.4178853e-01   2.1961610e-01   1.9980353e-01   1.8209725e-01   1.6626554e-01   1.5210298e-01   1.3942227e-01   1.2805927e-01   1.1786415e-01   1.0870725e-01   1.0046963e-01   9.3049867e-02   8.6353960e-02   8.0303272e-02   7.4823614e-02   6.9854494e-02   6.5337255e-02   6.1225749e-02   5.7473333e-02   5.4045161e-02   5.0903767e-02   4.8023233e-02   4.5372996e-02   4.2934280e-02   4.0681640e-02   3.8602222e-02   3.6674402e-02   3.4890792e-02   3.3233130e-02   3.1700713e-02   3.0280562e-02   2.8984806e-02   2.7815519e-02   2.6819444e-02   2.6049033e-02   2.5656658e-02   2.5859781e-02   2.7139534e-02   3.0223078e-02   3.6638844e-02
   4.8108968e-02   6.3264906e-02   8.3374969e-02   1.0966436e-01   1.4343676e-01   1.8614153e-01   2.3935142e-01   3.0472819e-01   3.8399296e-01   4.7885816e-01   5.9097622e-01   7.2184919e-01   8.7275987e-01   1.0446719e+00   1.2381577e+00   1.4533081e+00   1.6896770e+00   1.9462218e+00   2.2212865e+00   2.5125892e+00   2.8172574e+00   3.1318712e+00   3.4525508e+00   3.7750492e+00   4.0948793e+00   4.4074370e+00   4.7081442e+00   4.9925762e+00   5.2565934e+00   5.4964476e+00   5.7088804e+00   5.8911897e+00   6.0412833e+00   6.1576990e+00   6.2396128e+00   6.2868168e+00   6.2996905e+00   6.2791483e+00   6.2265866e+00   6.1438150e+00   6.0329917e+00   5.8965509e+00   5.7371373e+00   5.5575380e+00   5.3606226e+00   5.1492844e+00   4.9263909e+00   4.6947361e+00   4.4570023e+00   4.2157252e+00   3.9732673e+00   3.7317949e+00   3.4932636e+00   3.2594066e+00   3.0317304e+00   2.8115139e+00   2.5998123e+00   2.3974654e+00   2.2051082e+00   2.0231848e+00   1.8519640e+00   1.6915570e+00   1.5419349e+00   1.4029479e+00   1.2743428e+00   1.1557823e+00   1.0468598e+00   9.4711770e-01   8.5605957e-01   7.7316537e-01   6.9790057e-01   6.2972867e-01   5.6811674e-01   5.1254537e-01   4.6251099e-01   4.1753353e-01   3.7715599e-01   3.4095039e-01   3.0851500e-01   2.7947922e-01   2.5349891e-01   2.3026075e-01   2.0947614e-01   1.9088542e-01   1.7425074e-01   1.5936051e-01   1.4602147e-01   1.3406362e-01   1.2333162e-01   1.1369055e-01   1.0501658e-01   9.7203698e-02   9.0153694e-02   8.3784017e-02   7.8016965e-02   7.2788773e-02   6.8037897e-02   6.3715492e-02   5.9772582e-02   5.6172123e-02   5.2874785e-02   4.9852870e-02   4.7074347e-02   4.4518998e-02   4.2160238e-02   3.9984041e-02   3.7967907e-02   3.6103482e-02   3.4371836e-02   3.2771426e-02   3.1288720e-02   2.9934966e-02   2.8711556e-02   2.7663828e-02   2.6842627e-02   2.6396892e-02   2.6539164e-02   2.7740779e-02   3.0714288e-02   3.6960090e-02
   4.8201109e-02   6.3027854e-02   8.2714651e-02   1.0846457e-01   1.4155806e-01   1.8341927e-01   2.3559432e-01   2.9971782e-01   3.7748388e-01   4.7057961e-01   5.8063502e-01   7.0913445e-01   8.5734939e-01   1.0262405e+00   1.2163872e+00   1.4278988e+00   1.6603608e+00   1.9127756e+00   2.1835458e+00   2.4704621e+00   2.7707364e+00   3.0810441e+00   3.3976082e+00   3.7162898e+00   4.0327110e+00   4.3423745e+00   4.6408024e+00   4.9236600e+00   5.1868836e+00   5.4267839e+00   5.6401417e+00   5.8242732e+00   5.9770818e+00   6.0970792e+00   6.1833932e+00   6.2357485e+00   6.2544388e+00   6.2402789e+00   6.1945530e+00   6.1189511e+00   6.0155073e+00   5.8865307e+00   5.7345439e+00   5.5622171e+00   5.3723121e+00   5.1676250e+00   4.9509389e+00   4.7249773e+00   4.4923670e+00   4.2556030e+00   4.0170221e+00   3.7787794e+00   3.5428322e+00   3.3109278e+00   3.0845973e+00   2.8651531e+00   2.6536916e+00   2.4510988e+00   2.2580603e+00   2.0750728e+00   1.9024590e+00   1.7403833e+00   1.5888684e+00   1.4478140e+00   1.3170131e+00   1.1961704e+00   1.0849178e+00   9.8283150e-01   8.8944452e-01   8.0426185e-01   7.2676982e-01   6.5644871e-01   5.9277869e-01   5.3525005e-01   4.8336588e-01   4.3665012e-01   3.9464749e-01   3.5692978e-01   3.2309345e-01   2.9276477e-01   2.6559551e-01   2.4126747e-01   2.1948669e-01   1.9998778e-01   1.8252701e-01   1.6688687e-01   1.5286823e-01   1.4029541e-01   1.2900760e-01   1.1886466e-01   1.0973786e-01   1.0151659e-01   9.4098409e-02   8.7396805e-02   8.1330507e-02   7.5832412e-02   7.0838026e-02   6.6295743e-02   6.2154182e-02   5.8374041e-02   5.4914059e-02   5.1744701e-02   4.8832408e-02   4.6155472e-02   4.3686111e-02   4.1409087e-02   3.9300978e-02   3.7352431e-02   3.5543804e-02   3.3872690e-02   3.2324969e-02   3.0910994e-02   2.9631453e-02   2.8530285e-02   2.7656748e-02   2.7156438e-02   2.7237120e-02   2.8360669e-02   3.1225543e-02   3.7305097e-02
   4.8323674e-02   6.2830667e-02   8.2106958e-02   1.0733413e-01   1.3977001e-01   1.8081421e-01   2.3198690e-01   2.9489611e-01   3.7120956e-01   4.6258944e-01   5.7064361e-01   6.9683877e-01   8.4243486e-01   1.0083889e+00   1.1952865e+00   1.4032539e+00   1.6319062e+00   1.8802885e+00   2.1468596e+00   2.4294791e+00   2.7254403e+00   3.0315099e+00   3.3440103e+00   3.6589070e+00   3.9719282e+00   4.2786804e+00   4.5747840e+00   4.8559924e+00   5.1183177e+00   5.3581297e+00   5.5722501e+00   5.7580153e+00   5.9133282e+00   6.0366781e+00   6.1271501e+00   6.1844063e+00   6.2086611e+00   6.2006348e+00   6.1615059e+00   6.0928500e+00   5.9965820e+00   5.8748907e+00   5.7301796e+00   5.5650053e+00   5.3820233e+00   5.1839334e+00   4.9734341e+00   4.7531775e+00   4.5257329e+00   4.2935524e+00   4.0589439e+00   3.8240476e+00   3.5908190e+00   3.3610155e+00   3.1361888e+00   2.9176810e+00   2.7066259e+00   2.5039526e+00   2.3103940e+00   2.1264972e+00   1.9526362e+00   1.7890271e+00   1.6357430e+00   1.4927321e+00   1.3598329e+00   1.2367926e+00   1.1232813e+00   1.0189096e+00   9.2324053e-01   8.3580509e-01   7.5611131e-01   6.8365730e-01   6.1793738e-01   5.5845258e-01   5.0471373e-01   4.5624974e-01   4.1260801e-01   3.7336094e-01   3.3810397e-01   3.0646094e-01   2.7808014e-01   2.5263901e-01   2.2983867e-01   2.0940836e-01   1.9109879e-01   1.7468672e-01   1.5996740e-01   1.4675952e-01   1.3489695e-01   1.2423432e-01   1.1463808e-01   1.0599298e-01   9.8192350e-02   9.1145657e-02   8.4768023e-02   7.8988957e-02   7.3740948e-02   6.8969571e-02   6.4620976e-02   6.0653537e-02   5.7024004e-02   5.3700945e-02   5.0649215e-02   4.7845563e-02   4.5260961e-02   4.2878916e-02   4.0675035e-02   3.8638931e-02   3.6750215e-02   3.5005582e-02   3.3390294e-02   3.1913790e-02   3.0576031e-02   2.9419565e-02   2.8492082e-02   2.7935914e-02   2.7954193e-02   2.8999647e-02   3.1757127e-02   3.7673886e-02
   4.8476320e-02   6.2672479e-02   8.1550357e-02   1.0627066e-01   1.3806923e-01   1.7832174e-01   2.2852308e-01   2.9025533e-01   3.6516031e-01   4.5487579e-01   5.6098772e-01   6.8494525e-01   8.2799652e-01   9.9109451e-01   1.1748298e+00   1.3793445e+00   1.6042815e+00   1.8487264e+00   2.1111913e+00   2.3896022e+00   2.6813300e+00   2.9832293e+00   3.2917187e+00   3.6028645e+00   3.9124975e+00   4.2163257e+00   4.5100652e+00   4.7895566e+00   5.0508865e+00   5.2904845e+00   5.5052141e+00   5.6924345e+00   5.8500509e+00   5.9765342e+00   6.0709311e+00   6.1328468e+00   6.1624214e+00   6.1602867e+00   6.1275207e+00   6.0655903e+00   5.9762962e+00   5.8617108e+00   5.7241226e+00   5.5659771e+00   5.3898255e+00   5.1982722e+00   4.9939314e+00   4.7793829e+00   4.5571372e+00   4.3296008e+00   4.0990503e+00   3.8676078e+00   3.6372233e+00   3.4096606e+00   3.1864881e+00   2.9690742e+00   2.7585862e+00   2.5559931e+00   2.3620722e+00   2.1774182e+00   2.0024545e+00   1.8374467e+00   1.6825173e+00   1.5376619e+00   1.4027639e+00   1.2776125e+00   1.1619166e+00   1.0553211e+00   9.5741999e-01   8.6777065e-01   7.8590383e-01   7.1133636e-01   6.4357775e-01   5.8214077e-01   5.2654497e-01   4.7632526e-01   4.3103257e-01   3.9024082e-01   3.5354518e-01   3.2056778e-01   2.9095404e-01   2.6437759e-01   2.4053509e-01   2.1915079e-01   1.9997015e-01   1.8276449e-01   1.6732358e-01   1.5346067e-01   1.4100437e-01   1.2980421e-01   1.1972180e-01   1.1063729e-01   1.0243973e-01   9.5034583e-02   8.8333305e-02   8.2261970e-02   7.6749997e-02   7.1740082e-02   6.7175845e-02   6.3013280e-02   5.9207081e-02   5.5723866e-02   5.2526846e-02   4.9591178e-02   4.6886535e-02   4.4395123e-02   4.2091537e-02   3.9964317e-02   3.7992284e-02   3.6171211e-02   3.4485707e-02   3.2944277e-02   3.1546135e-02   3.0332443e-02   2.9349334e-02   2.8735957e-02   2.8690943e-02   2.9658172e-02   3.2309351e-02   3.8066514e-02
   4.8658760e-02   6.2552507e-02   8.1043435e-02   1.0527197e-01   1.3645253e-01   1.7593754e-01   2.2519718e-01   2.8578817e-01   3.5932701e-01   4.4742744e-01   5.5165382e-01   6.7343782e-01   8.1401562e-01   9.7433561e-01   1.1549925e+00   1.3561433e+00   1.5774566e+00   1.8180565e+00   2.0765061e+00   2.3507946e+00   2.6383677e+00   2.9361646e+00   3.2406962e+00   3.5481265e+00   3.8543862e+00   4.1552816e+00   4.4466225e+00   4.7243350e+00   4.9845799e+00   5.2238462e+00   5.4390407e+00   5.6275471e+00   5.7872756e+00   5.9166827e+00   6.0147808e+00   6.0811230e+00   6.1157804e+00   6.1193015e+00   6.0926696e+00   6.0372477e+00   5.9547273e+00   5.8470687e+00   5.7164489e+00   5.5652053e+00   5.3957867e+00   5.2107035e+00   5.0124857e+00   4.8036404e+00   4.5866178e+00   4.3637772e+00   4.1373612e+00   3.9094707e+00   3.6820470e+00   3.4568566e+00   3.2354814e+00   3.0193120e+00   2.8095460e+00   2.6071890e+00   2.4130599e+00   2.2277982e+00   2.0518744e+00   1.8856020e+00   1.7291512e+00   1.5825639e+00   1.4457680e+00   1.3185943e+00   1.2007901e+00   1.0920354e+00   9.9195497e-01   9.0013367e-01   8.1612557e-01   7.3946716e-01   6.6968402e-01   6.0630165e-01   5.4884929e-01   4.9686875e-01   4.4991546e-01   4.0756565e-01   3.6941504e-01   3.3508472e-01   3.0421790e-01   2.7648494e-01   2.5157852e-01   2.2921831e-01   2.0914486e-01   1.9112429e-01   1.7494113e-01   1.6040336e-01   1.4733444e-01   1.3557887e-01   1.2499348e-01   1.1545383e-01   1.0684473e-01   9.9067576e-02   9.2030142e-02   8.5655026e-02   7.9868528e-02   7.4610410e-02   6.9821706e-02   6.5455971e-02   6.1465789e-02   5.7815769e-02   5.4467423e-02   5.1394266e-02   4.8564618e-02   4.5959345e-02   4.3551980e-02   4.1329954e-02   3.9271261e-02   3.7370720e-02   3.5612253e-02   3.4003410e-02   3.2542639e-02   3.1269715e-02   3.0229232e-02   2.9557224e-02   2.9447952e-02   3.0336724e-02   3.2882546e-02   3.8483073e-02
   4.8870758e-02   6.2470047e-02   8.0584891e-02   1.0433600e-01   1.3491698e-01   1.7365754e-01   2.2200382e-01   2.8148775e-01   3.5370101e-01   4.4023377e-01   5.4262908e-01   6.6230124e-01   8.0047431e-01   9.5809166e-01   1.1357514e+00   1.3336240e+00   1.5514026e+00   1.7882475e+00   2.0427705e+00   2.3130212e+00   2.5965171e+00   2.8902789e+00   3.1909065e+00   3.4946585e+00   3.7975622e+00   4.0955196e+00   4.3844322e+00   4.6603100e+00   4.9193869e+00   5.1582117e+00   5.3737352e+00   5.5633672e+00   5.7250258e+00   5.8571561e+00   5.9587406e+00   6.0292845e+00   6.0687951e+00   6.0777428e+00   6.0570212e+00   6.0078946e+00   5.9319497e+00   5.8310393e+00   5.7072324e+00   5.5627611e+00   5.3999741e+00   5.2212889e+00   5.0291519e+00   4.8259973e+00   4.6142139e+00   4.3961121e+00   4.1738981e+00   3.9496489e+00   3.7252941e+00   3.5025996e+00   3.2831570e+00   3.0683761e+00   2.8594812e+00   2.6575115e+00   2.4633243e+00   2.2776015e+00   2.1008582e+00   1.9334542e+00   1.7756056e+00   1.6273997e+00   1.4888080e+00   1.3597024e+00   1.2398685e+00   1.1290214e+00   1.0268173e+00   9.3286891e-01   8.4675429e-01   7.6803040e-01   6.9623977e-01   6.3092156e-01   5.7161562e-01   5.1787157e-01   4.6925022e-01   4.2533096e-01   3.8571082e-01   3.5001058e-01   3.1787185e-01   2.8896229e-01   2.6297110e-01   2.3961378e-01   2.1862633e-01   1.9976995e-01   1.8282418e-01   1.6759190e-01   1.5389156e-01   1.4156271e-01   1.3045749e-01   1.2044690e-01   1.1141148e-01   1.0324860e-01   9.5862313e-02   8.9171704e-02   8.3099909e-02   7.7583713e-02   7.2561505e-02   6.7984352e-02   6.3802666e-02   5.9979000e-02   5.6473108e-02   5.3256815e-02   5.0297038e-02   4.7573257e-02   4.5057899e-02   4.2737250e-02   4.0588433e-02   3.8605284e-02   3.6771004e-02   3.5092171e-02   3.3566439e-02   3.2232202e-02   3.1132523e-02   3.0400394e-02   3.0225819e-02   3.1035804e-02   3.3477067e-02   3.8923689e-02
   4.9112132e-02   6.2424468e-02   8.0173530e-02   1.0346086e-01   1.3345980e-01   1.7147795e-01   2.1893796e-01   2.7734756e-01   3.4827414e-01   4.3328472e-01   5.3390135e-01   6.5152105e-01   7.8735566e-01   9.4234310e-01   1.1170842e+00   1.3117617e+00   1.5260918e+00   1.7592693e+00   2.0099522e+00   2.2762482e+00   2.5557433e+00   2.8455369e+00   3.1423148e+00   3.4424268e+00   3.7419940e+00   4.0370118e+00   4.3234707e+00   4.5974633e+00   4.8552958e+00   5.0935767e+00   5.3093011e+00   5.4999070e+00   5.6633224e+00   5.7979842e+00   5.9028488e+00   5.9773779e+00   6.0215195e+00   6.0356709e+00   6.0206410e+00   5.9776002e+00   5.9080352e+00   5.8136952e+00   5.6965449e+00   5.5587140e+00   5.4024534e+00   5.2300893e+00   5.0439849e+00   4.8465014e+00   4.6399654e+00   4.4266371e+00   4.2086841e+00   3.9881570e+00   3.7669708e+00   3.5468878e+00   3.3295060e+00   3.1162509e+00   2.9083704e+00   2.7069340e+00   2.5128348e+00   2.3267943e+00   2.1493701e+00   1.9809661e+00   1.8218429e+00   1.6721319e+00   1.5318473e+00   1.4009017e+00   1.2791187e+00   1.1662483e+00   1.0619788e+00   9.6595084e-01   8.7776727e-01   7.9700621e-01   7.2322796e-01   6.5598617e-01   5.9483221e-01   5.3932438e-01   4.8902972e-01   4.4353161e-01   4.0242916e-01   3.6534354e-01   3.3191542e-01   3.0181032e-01   2.7471446e-01   2.5033962e-01   2.2841759e-01   2.0870498e-01   1.9097659e-01   1.7503037e-01   1.6067993e-01   1.4776001e-01   1.3611809e-01   1.2562066e-01   1.1614406e-01   1.0758159e-01   9.9833582e-02   9.2815579e-02   8.6447520e-02   8.0663165e-02   7.5398214e-02   7.0601191e-02   6.6220287e-02   6.2215943e-02   5.8546103e-02   5.5180855e-02   5.2085662e-02   4.9238574e-02   4.6610866e-02   4.4187642e-02   4.1945116e-02   3.9876108e-02   3.7963065e-02   3.6211569e-02   3.4618460e-02   3.3220750e-02   3.2059980e-02   3.1266164e-02   3.1025161e-02   3.1755931e-02   3.4093295e-02   3.9388519e-02
   4.9382744e-02   6.2415214e-02   7.9808257e-02   1.0264478e-01   1.3207840e-01   1.6939517e-01   2.1599484e-01   2.7336147e-01   3.4303869e-01   4.2657079e-01   5.2545910e-01   6.4108350e-01   7.7464352e-01   9.2707128e-01   1.0989696e+00   1.2905326e+00   1.5014978e+00   1.7310931e+00   1.9780204e+00   2.2404429e+00   2.5160127e+00   2.8019045e+00   3.0948871e+00   3.3913986e+00   3.6876511e+00   3.9797304e+00   4.2637145e+00   4.5357767e+00   4.7922944e+00   5.0299357e+00   5.2457408e+00   5.4371769e+00   5.6021842e+00   5.7391945e+00   5.8471412e+00   5.9254467e+00   5.9740044e+00   5.9931430e+00   5.9835914e+00   5.9464310e+00   5.8830528e+00   5.7951064e+00   5.6844560e+00   5.5531320e+00   5.4032894e+00   5.2371646e+00   5.0570389e+00   4.8652004e+00   4.6639129e+00   4.4553848e+00   4.2417437e+00   4.0250114e+00   3.8070856e+00   3.5897217e+00   3.3745215e+00   3.1629229e+00   2.9561941e+00   2.7554322e+00   2.5615628e+00   2.3753447e+00   2.1973758e+00   2.0281019e+00   1.8678267e+00   1.7167241e+00   1.5748502e+00   1.4421576e+00   1.3185077e+00   1.2036855e+00   1.0974111e+00   9.9935369e-01   9.0914145e-01   8.2637428e-01   7.5063099e-01   6.8148054e-01   6.1848664e-01   5.6121713e-01   5.0924613e-01   4.6216179e-01   4.1956606e-01   3.8108121e-01   3.4634760e-01   3.1502923e-01   2.8680980e-01   2.6139784e-01   2.3852132e-01   2.1793259e-01   1.9940193e-01   1.8272264e-01   1.6770361e-01   1.5417488e-01   1.4197941e-01   1.3097923e-01   1.2104649e-01   1.1207044e-01   1.0394768e-01   9.6590218e-02   8.9914742e-02   8.3851957e-02   7.8334825e-02   7.3309287e-02   6.8721256e-02   6.4529014e-02   6.0688647e-02   5.7168452e-02   5.3932394e-02   5.0957047e-02   4.8212492e-02   4.5682609e-02   4.3342665e-02   4.1184432e-02   3.9189570e-02   3.7362643e-02   3.5699653e-02   3.4236228e-02   3.3012396e-02   3.2155253e-02   3.1846620e-02   3.2497646e-02   3.4731634e-02   3.9877756e-02
   4.9682507e-02   6.2441791e-02   7.9488072e-02   1.0188613e-01   1.3077036e-01   1.6740586e-01   2.1316998e-01   2.6952369e-01   3.3798736e-01   4.2008293e-01   5.1729137e-01   6.3097553e-01   7.6232256e-01   9.1225844e-01   1.0813874e+00   1.2699137e+00   1.4775955e+00   1.7036914e+00   1.9469454e+00   2.2055740e+00   2.4772926e+00   2.7593485e+00   3.0485904e+00   3.3415420e+00   3.6345033e+00   3.9236485e+00   4.2051404e+00   4.4752315e+00   4.7303699e+00   4.9672825e+00   5.1830552e+00   5.3751856e+00   5.5416282e+00   5.6808118e+00   5.7916508e+00   5.8735319e+00   5.9262977e+00   5.9502132e+00   5.9459318e+00   5.9144504e+00   5.8570686e+00   5.7753407e+00   5.6710335e+00   5.5460811e+00   5.4025453e+00   5.2425743e+00   5.0683682e+00   4.8821423e+00   4.6860974e+00   4.4823890e+00   4.2731028e+00   4.0602301e+00   3.8456484e+00   3.6311040e+00   3.4181991e+00   3.2083809e+00   3.0029355e+00   2.8029839e+00   2.6094820e+00   2.4232231e+00   2.2448429e+00   2.0748275e+00   1.9135217e+00   1.7611408e+00   1.6177817e+00   1.4834363e+00   1.3580033e+00   1.2413024e+00   1.1330858e+00   1.0330515e+00   9.4085346e-01   8.5611386e-01   7.7843074e-01   7.0738914e-01   6.4256587e-01   5.8353916e-01   5.2989098e-01   4.8121504e-01   4.3711688e-01   3.9722058e-01   3.6116683e-01   3.2861866e-01   2.9925783e-01   2.7279004e-01   2.4893983e-01   2.2745564e-01   2.0810351e-01   1.9067230e-01   1.7496640e-01   1.6081128e-01   1.4804546e-01   1.3652660e-01   1.2612269e-01   1.1671897e-01   1.0820832e-01   1.0049917e-01   9.3504952e-02   8.7153283e-02   8.1374349e-02   7.6111459e-02   7.1308205e-02   6.6920665e-02   6.2903011e-02   5.9221709e-02   5.5839174e-02   5.2730464e-02   4.9864419e-02   4.7223661e-02   4.4782465e-02   4.2531528e-02   4.0451685e-02   3.8546461e-02   3.6810995e-02   3.5279531e-02   3.3990588e-02   3.3068402e-02   3.2690854e-02   3.3261511e-02   3.5392512e-02   4.0391622e-02
   5.0011377e-02   6.2503773e-02   7.9212061e-02   1.0118338e-01   1.2953344e-01   1.6550685e-01   2.1045916e-01   2.6582876e-01   3.3311322e-01   4.1381261e-01   5.0938778e-01   6.2118472e-01   7.5037817e-01   8.9788764e-01   1.0643182e+00   1.2498835e+00   1.4543606e+00   1.6770377e+00   1.9166990e+00   2.1716116e+00   2.4395519e+00   2.7178370e+00   3.0033930e+00   3.2928260e+00   3.5825214e+00   3.8687392e+00   4.1477251e+00   4.4158093e+00   4.6695091e+00   4.9056101e+00   5.1212441e+00   5.3139404e+00   5.4816691e+00   5.6228591e+00   5.7364083e+00   5.8216714e+00   5.8784445e+00   5.9069329e+00   5.9077188e+00   5.8817192e+00   5.8301464e+00   5.7544632e+00   5.6563427e+00   5.5376257e+00   5.4002831e+00   5.2463768e+00   5.0780264e+00   4.8973752e+00   4.7065604e+00   4.5076841e+00   4.3027886e+00   4.0938324e+00   3.8826712e+00   3.6710391e+00   3.4605362e+00   3.2526161e+00   3.0485796e+00   2.8495691e+00   2.6565679e+00   2.4704014e+00   2.2917408e+00   2.1211103e+00   1.9588941e+00   1.8053479e+00   1.6606078e+00   1.5247045e+00   1.3975733e+00   1.2790687e+00   1.1689746e+00   1.0670183e+00   9.7287967e-01   8.8620384e-01   8.0660866e-01   7.3369592e-01   6.6705630e-01   6.0627918e-01   5.5095515e-01   5.0068427e-01   4.5507638e-01   4.1375806e-01   3.7637097e-01   3.4257777e-01   3.1205879e-01   2.8451736e-01   2.5967503e-01   2.3727665e-01   2.1708434e-01   1.9888274e-01   1.8247193e-01   1.6767300e-01   1.5432011e-01   1.4226665e-01   1.3137651e-01   1.2153097e-01   1.1261916e-01   1.0454596e-01   9.7221517e-02   9.0570342e-02   8.4519804e-02   7.9010546e-02   7.3983793e-02   6.9393373e-02   6.5191500e-02   6.1342762e-02   5.7807979e-02   5.4560650e-02   5.1568329e-02   4.8812343e-02   4.6265937e-02   4.3918699e-02   4.1750605e-02   3.9764118e-02   3.7953491e-02   3.6351578e-02   3.4995397e-02   3.4006373e-02   3.3558543e-02   3.4048108e-02   3.6076378e-02   4.0930371e-02
   5.0369351e-02   6.2600792e-02   7.8979397e-02   1.0053514e-01   1.2836552e-01   1.6369519e-01   2.0785841e-01   2.6227151e-01   3.2840975e-01   4.0775170e-01   5.0173845e-01   6.1169928e-01   7.3879643e-01   8.8394274e-01   1.0477435e+00   1.2304210e+00   1.4317701e+00   1.6511068e+00   1.8872537e+00   2.1385266e+00   2.4027603e+00   2.6773392e+00   2.9592639e+00   3.2452204e+00   3.5316768e+00   3.8149763e+00   4.0914458e+00   4.3574912e+00   4.6096981e+00   4.8449105e+00   5.0603062e+00   5.2534469e+00   5.4223202e+00   5.5653571e+00   5.6814419e+00   5.7699008e+00   5.8304871e+00   5.8633504e+00   5.8690062e+00   5.8482954e+00   5.8023473e+00   5.7325369e+00   5.6404473e+00   5.5278287e+00   5.3965636e+00   5.2486293e+00   5.0860667e+00   4.9109469e+00   4.7253438e+00   4.5313052e+00   4.3308290e+00   4.1258393e+00   3.9181674e+00   3.7095335e+00   3.5015323e+00   3.2956215e+00   3.0931137e+00   2.8951699e+00   2.7027982e+00   2.5168535e+00   2.3380404e+00   2.1669191e+00   2.0039117e+00   1.8493121e+00   1.7032954e+00   1.5659296e+00   1.4371863e+00   1.3169543e+00   1.2050494e+00   1.1012280e+00   1.0051963e+00   9.1662281e-01   8.3514577e-01   7.6038433e-01   6.9194378e-01   6.2942533e-01   5.7242896e-01   5.2056180e-01   4.7343872e-01   4.3068949e-01   3.9195734e-01   3.5690518e-01   3.2521243e-01   2.9658054e-01   2.7072846e-01   2.4739781e-01   2.2634712e-01   2.0735705e-01   1.9022361e-01   1.7476362e-01   1.6080706e-01   1.4820315e-01   1.3681172e-01   1.2651013e-01   1.1718381e-01   1.0873407e-01   1.0106779e-01   9.4106327e-02   8.7774217e-02   8.2009402e-02   7.6750698e-02   7.1949642e-02   6.7556447e-02   6.3533780e-02   5.9840817e-02   5.6449460e-02   5.3325934e-02   5.0450233e-02   4.7794532e-02   4.5347278e-02   4.3087556e-02   4.1016739e-02   3.9128172e-02   3.7453314e-02   3.6027686e-02   3.4969950e-02   3.4450389e-02   3.4858041e-02   3.6783710e-02   4.1494286e-02
   5.0756472e-02   6.2732542e-02   7.8789332e-02   9.9940116e-02   1.2726463e-01   1.6196809e-01   2.0536399e-01   2.5884705e-01   3.2387073e-01   4.0189253e-01   4.9433401e-01   6.0250796e-01   7.2756411e-01   8.7040835e-01   1.0316457e+00   1.2115063e+00   1.4098017e+00   1.6258744e+00   1.8585834e+00   2.1062912e+00   2.3668888e+00   2.6378254e+00   2.9161733e+00   3.1986958e+00   3.4819414e+00   3.7623340e+00   4.0362796e+00   4.3002584e+00   4.5509231e+00   4.7851753e+00   5.0002392e+00   5.1937095e+00   5.3635929e+00   5.5083246e+00   5.6267778e+00   5.7182534e+00   5.7824655e+00   5.8195119e+00   5.8298452e+00   5.8142344e+00   5.7737299e+00   5.7096225e+00   5.6234086e+00   5.5167510e+00   5.3914461e+00   5.2493885e+00   5.0925415e+00   4.9229050e+00   4.7424896e+00   4.5532882e+00   4.3572531e+00   4.1562727e+00   3.9521522e+00   3.7465950e+00   3.5411887e+00   3.3373922e+00   3.1365269e+00   2.9397704e+00   2.7481524e+00   2.5625552e+00   2.3837145e+00   2.2122244e+00   2.0485431e+00   1.8930017e+00   1.7458123e+00   1.6070798e+00   1.4768114e+00   1.3549297e+00   1.2412821e+00   1.1356545e+00   1.0377793e+00   9.4734910e-01   8.6402273e-01   7.8743741e-01   7.1721364e-01   6.5296519e-01   5.9430213e-01   5.4083936e-01   4.9219749e-01   4.4801012e-01   4.0792273e-01   3.7159902e-01   3.3871804e-01   3.0897986e-01   2.8210123e-01   2.5782095e-01   2.3589423e-01   2.1609807e-01   1.9822458e-01   1.8208654e-01   1.6750988e-01   1.5433972e-01   1.4243197e-01   1.3166008e-01   1.2190583e-01   1.1306697e-01   1.0504709e-01   9.7764420e-02   9.1140614e-02   8.5110888e-02   7.9611613e-02   7.4591999e-02   7.0000211e-02   6.5796958e-02   6.1939728e-02   5.8398784e-02   5.5138982e-02   5.2138942e-02   4.9369735e-02   4.6818632e-02   4.4463791e-02   4.2305477e-02   4.0336097e-02   3.8585711e-02   3.7088343e-02   3.5959941e-02   3.5367115e-02   3.5691936e-02   3.7515006e-02   4.2083682e-02
   5.1172821e-02   6.2898768e-02   7.8641195e-02   9.9397106e-02   1.2622895e-01   1.6032296e-01   2.0297236e-01   2.5555078e-01   3.1949032e-01   3.9622778e-01   4.8716556e-01   5.9360007e-01   7.1666857e-01   8.5726978e-01   1.0160080e+00   1.1931204e+00   1.3884343e+00   1.6013171e+00   1.8306628e+00   2.0748786e+00   2.3319093e+00   2.5992665e+00   2.8740921e+00   3.1532237e+00   3.4332879e+00   3.7107871e+00   3.9822042e+00   4.2440922e+00   4.4931697e+00   4.7263955e+00   4.9410399e+00   5.1347316e+00   5.3054974e+00   5.4517785e+00   5.5724400e+00   5.6667601e+00   5.7344171e+00   5.7754605e+00   5.7902843e+00   5.7795892e+00   5.7443504e+00   5.6857784e+00   5.6052862e+00   5.5044519e+00   5.3849884e+00   5.2487097e+00   5.0975027e+00   4.9332970e+00   4.7580399e+00   4.5736692e+00   4.3820908e+00   4.1851560e+00   3.9846419e+00   3.7822334e+00   3.5795086e+00   3.3779250e+00   3.1788106e+00   2.9833564e+00   2.7926120e+00   2.6074842e+00   2.4287375e+00   2.2569982e+00   2.0927588e+00   1.9363857e+00   1.7881272e+00   1.6481240e+00   1.5164182e+00   1.3929655e+00   1.2776450e+00   1.1702717e+00   1.0706048e+00   9.7836081e-01   8.9321990e-01   8.1483778e-01   7.4285077e-01   6.7688585e-01   6.1656385e-01   5.6150814e-01   5.1134572e-01   4.6571469e-01   4.2426339e-01   3.8665691e-01   3.5257445e-01   3.2171517e-01   2.9379409e-01   2.6854753e-01   2.4572776e-01   2.2510835e-01   2.0647777e-01   1.8964496e-01   1.7443194e-01   1.6067987e-01   1.4824079e-01   1.3698435e-01   1.2678869e-01   1.1754804e-01   1.0916272e-01   1.0154779e-01   9.4622016e-02   8.8317871e-02   8.2569245e-02   7.7322987e-02   7.2525176e-02   6.8134519e-02   6.4106779e-02   6.0410541e-02   5.7009248e-02   5.3880114e-02   5.0993061e-02   4.8334156e-02   4.5880597e-02   4.3631512e-02   4.1578350e-02   3.9749762e-02   3.8178279e-02   3.6977175e-02   3.6309465e-02   3.6550439e-02   3.8270788e-02   4.2698904e-02
   5.1618519e-02   6.3099273e-02   7.8534384e-02   9.8905015e-02   1.2525675e-01   1.5875735e-01   2.0068019e-01   2.5237834e-01   3.1526295e-01   3.9075053e-01   4.8022463e-01   5.8496544e-01   7.0609777e-01   8.4451300e-01   1.0008143e+00   1.1752452e+00   1.3676474e+00   1.5774126e+00   1.8034678e+00   2.0442630e+00   2.2977948e+00   2.5616349e+00   2.8329921e+00   3.1087764e+00   3.3856896e+00   3.6603107e+00   3.9291974e+00   4.1889737e+00   4.4364233e+00   4.6685613e+00   4.8827042e+00   5.0765150e+00   5.2480421e+00   5.3957343e+00   5.5184507e+00   5.6154497e+00   5.6863770e+00   5.7312375e+00   5.7503697e+00   5.7444103e+00   5.7142628e+00   5.6610610e+00   5.5861374e+00   5.4909888e+00   5.3772471e+00   5.2466472e+00   5.1010014e+00   4.9421699e+00   4.7720368e+00   4.5924848e+00   4.4053726e+00   4.2125131e+00   4.0156540e+00   3.8164599e+00   3.6164967e+00   3.4172186e+00   3.2199577e+00   3.0259160e+00   2.8361602e+00   2.6516196e+00   2.4730855e+00   2.3012141e+00   2.1365303e+00   1.9794346e+00   1.8302101e+00   1.6890321e+00   1.5559769e+00   1.4310329e+00   1.3141106e+00   1.2050538e+00   1.1036487e+00   1.0096359e+00   9.2271737e-01   8.4256772e-01   7.6883964e-01   7.0117392e-01   6.3920280e-01   5.8255877e-01   5.3087588e-01   4.8379737e-01   4.4097505e-01   4.0207596e-01   3.6677999e-01   3.3478589e-01   3.0580737e-01   2.7957868e-01   2.5584945e-01   2.3439016e-01   2.1498587e-01   1.9744186e-01   1.8157643e-01   1.6722692e-01   1.5424160e-01   1.4248638e-01   1.3183582e-01   1.2218066e-01   1.1341794e-01   1.0545957e-01   9.8221434e-02   9.1633217e-02   8.5626310e-02   8.0145166e-02   7.5133742e-02   7.0548712e-02   6.6344068e-02   6.2486681e-02   5.8938541e-02   5.5675419e-02   5.2666055e-02   4.9895276e-02   4.7339286e-02   4.4996054e-02   4.2856043e-02   4.0946489e-02   3.9298429e-02   3.8022503e-02   3.7278206e-02   3.7434221e-02   3.9051604e-02   4.3340322e-02
   5.2093724e-02   6.3333908e-02   7.8468370e-02   9.8462838e-02   1.2434647e-01   1.5726896e-01   1.9848437e-01   2.4932560e-01   3.1118335e-01   3.8545420e-01   4.7350315e-01   5.7659438e-01   6.9584026e-01   8.3212464e-01   9.8604915e-01   1.1578630e+00   1.3474218e+00   1.5541395e+00   1.7769751e+00   2.0144195e+00   2.2645192e+00   2.5249036e+00   2.7928463e+00   3.0653270e+00   3.3391207e+00   3.6108805e+00   3.8772372e+00   4.1348844e+00   4.3806692e+00   4.6116627e+00   4.8252273e+00   5.0190610e+00   5.1912344e+00   5.3402057e+00   5.4648301e+00   5.5643489e+00   5.6383781e+00   5.6868813e+00   5.7101453e+00   5.7087459e+00   5.6835187e+00   5.6355242e+00   5.5660179e+00   5.4764178e+00   5.3682772e+00   5.2432544e+00   5.1030881e+00   4.9495703e+00   4.7845225e+00   4.6097719e+00   4.4271297e+00   4.2383692e+00   4.0452076e+00   3.8492868e+00   3.6521593e+00   3.4552734e+00   3.2599629e+00   3.0674386e+00   2.8787821e+00   2.6949427e+00   2.5167362e+00   2.3448470e+00   2.1798306e+00   2.0221201e+00   1.8720318e+00   1.7297747e+00   1.5954584e+00   1.4691037e+00   1.3506516e+00   1.2399750e+00   1.1368869e+00   1.0411523e+00   9.5249502e-01   8.7060918e-01   7.9516431e-01   7.2581556e-01   6.6220718e-01   6.0398140e-01   5.5077996e-01   5.0225185e-01   4.5805294e-01   4.1785280e-01   3.8133255e-01   3.4819100e-01   3.1814101e-01   2.9091513e-01   2.6626073e-01   2.4394547e-01   2.2375128e-01   2.0548000e-01   1.8894638e-01   1.7398407e-01   1.6043769e-01   1.4816950e-01   1.3705054e-01   1.2696809e-01   1.1781595e-01   1.0950288e-01   1.0194186e-01   9.5059787e-02   8.8785524e-02   8.3061105e-02   7.7828330e-02   7.3041803e-02   6.8653712e-02   6.4629176e-02   6.0928694e-02   5.7526561e-02   5.4390291e-02   5.1503446e-02   4.8841201e-02   4.6400339e-02   4.4170315e-02   4.2176939e-02   4.0449753e-02   3.9096800e-02   3.8274126e-02   3.8343972e-02   3.9858024e-02   4.4008340e-02
   5.2598631e-02   6.3602574e-02   7.8442686e-02   9.8069654e-02   1.2349661e-01   1.5585564e-01   1.9638193e-01   2.4638869e-01   3.0724654e-01   3.8033256e-01   4.6699348e-01   5.6847766e-01   6.8588507e-01   8.2009190e-01   9.7169788e-01   1.1409573e+00   1.3277386e+00   1.5314772e+00   1.7511623e+00   1.9853242e+00   2.2320572e+00   2.4890466e+00   2.7536281e+00   3.0228493e+00   3.2935556e+00   3.5624727e+00   3.8263021e+00   4.0818055e+00   4.3258925e+00   4.5556891e+00   4.7686039e+00   4.9623695e+00   5.1350802e+00   5.2852049e+00   5.4115968e+00   5.5134827e+00   5.5904515e+00   5.6424287e+00   5.6696526e+00   5.6726419e+00   5.6521677e+00   5.6092203e+00   5.5449813e+00   5.4607930e+00   5.3581324e+00   5.2385832e+00   5.1038124e+00   4.9555443e+00   4.7955388e+00   4.6255675e+00   4.4473936e+00   4.2627503e+00   4.0733223e+00   3.8807281e+00   3.6865042e+00   3.4920912e+00   3.2988227e+00   3.1079157e+00   2.9204644e+00   2.7374361e+00   2.5596690e+00   2.3878735e+00   2.2226342e+00   2.0644149e+00   1.9135640e+00   1.7703233e+00   1.6348345e+00   1.5071500e+00   1.3872413e+00   1.2750098e+00   1.1702955e+00   1.0728877e+00   9.8253256e-01   8.9894388e-01   8.2180852e-01   7.5079654e-01   6.8556474e-01   6.2576570e-01   5.7104943e-01   5.2107128e-01   4.7549179e-01   4.3398358e-01   3.9622955e-01   3.6192905e-01   3.3079453e-01   3.0255726e-01   2.7696268e-01   2.5377596e-01   2.3277615e-01   2.1376191e-01   1.9654459e-01   1.8095432e-01   1.6683221e-01   1.5403694e-01   1.4243610e-01   1.3191357e-01   1.2235992e-01   1.1368080e-01   1.0578627e-01   9.8600432e-02   9.2049605e-02   8.6073380e-02   8.0611370e-02   7.5616079e-02   7.1037854e-02   6.6840027e-02   6.2981570e-02   5.9435266e-02   5.6167373e-02   5.3160149e-02   5.0387711e-02   4.7845631e-02   4.5522329e-02   4.3442182e-02   4.1633233e-02   4.0200964e-02   3.9298036e-02   3.9280406e-02   4.0690641e-02   4.4703386e-02
   5.3133474e-02   6.3905221e-02   7.8456931e-02   9.7724628e-02   1.2270582e-01   1.5451540e-01   1.9437011e-01   2.4356391e-01   3.0344779e-01   3.7537968e-01   4.6068833e-01   5.6060649e-01   6.7622178e-01   8.0840259e-01   9.5774642e-01   1.1245121e+00   1.3085799e+00   1.5094059e+00   1.7260080e+00   1.9569541e+00   2.2003848e+00   2.4540387e+00   2.7153121e+00   2.9813177e+00   3.2489698e+00   3.5150638e+00   3.7763708e+00   4.0297186e+00   4.2720781e+00   4.5006299e+00   4.7128277e+00   4.9064398e+00   5.0795844e+00   5.2307428e+00   5.3587678e+00   5.4628739e+00   5.5426259e+00   5.5979139e+00   5.6289311e+00   5.6361422e+00   5.6202570e+00   5.5821991e+00   5.5230794e+00   5.4441668e+00   5.3468649e+00   5.2326847e+00   5.1032229e+00   4.9601377e+00   4.8051275e+00   4.6399089e+00   4.4661966e+00   4.2856827e+00   4.1000191e+00   3.9107986e+00   3.7195405e+00   3.5276757e+00   3.3365351e+00   3.1473403e+00   2.9611956e+00   2.7790842e+00   2.6018647e+00   2.4302717e+00   2.2649167e+00   2.1062931e+00   1.9547799e+00   1.8106503e+00   1.6740774e+00   1.5451446e+00   1.4238532e+00   1.3101330e+00   1.2038506e+00   1.1048200e+00   1.0128096e+00   9.2755328e-01   8.4875571e-01   7.7610225e-01   7.0926282e-01   6.4790088e-01   5.9167530e-01   5.4024837e-01   4.9328584e-01   4.5046398e-01   4.1146796e-01   3.7599817e-01   3.4376707e-01   3.1450508e-01   2.8795606e-01   2.6388301e-01   2.4206239e-01   2.2228988e-01   2.0437367e-01   1.8814052e-01   1.7342815e-01   1.6009178e-01   1.4799563e-01   1.3702023e-01   1.2705296e-01   1.1799636e-01   1.0975760e-01   1.0225799e-01   9.5421265e-02   8.9184571e-02   8.3485304e-02   7.8273841e-02   7.3498652e-02   6.9121255e-02   6.5099055e-02   6.1403292e-02   5.7998928e-02   5.4866895e-02   5.1980212e-02   4.9333219e-02   4.6913275e-02   4.4743314e-02   4.2849877e-02   4.1335914e-02   4.0350767e-02   4.0244259e-02   4.1550075e-02   4.5425917e-02
   5.3698517e-02   6.4241844e-02   7.8510762e-02   9.7426999e-02   1.2197282e-01   1.5324634e-01   1.9244629e-01   2.4084779e-01   2.9978262e-01   3.7058991e-01   4.5458077e-01   5.5297249e-01   6.6684041e-01   7.9704503e-01   9.4418130e-01   1.1085120e+00   1.2899287e+00   1.4879066e+00   1.7014914e+00   1.9292871e+00   2.1694783e+00   2.4198557e+00   2.6778734e+00   2.9407076e+00   3.2053389e+00   3.4686310e+00   3.7274222e+00   3.9786052e+00   4.2192111e+00   4.4464736e+00   4.6578921e+00   4.8512702e+00   5.0247509e+00   5.1768289e+00   5.3063585e+00   5.4125440e+00   5.4949284e+00   5.5533695e+00   5.5880182e+00   5.5992884e+00   5.5878321e+00   5.5545089e+00   5.5003621e+00   5.4265903e+00   5.3345256e+00   5.2256087e+00   5.1013676e+00   4.9633953e+00   4.8133300e+00   4.6528331e+00   4.4835709e+00   4.3071939e+00   4.1253196e+00   3.9395144e+00   3.7512786e+00   3.5620316e+00   3.3730998e+00   3.1857069e+00   3.0009657e+00   2.8198730e+00   2.6433058e+00   2.4720209e+00   2.3066553e+00   2.1477300e+00   1.9956535e+00   1.8507290e+00   1.7131603e+00   1.5830609e+00   1.4604613e+00   1.3453196e+00   1.2375286e+00   1.1369269e+00   1.0433055e+00   9.5641869e-01   8.7598905e-01   8.0171777e-01   7.3328837e-01   6.7037572e-01   6.1264812e-01   5.5977533e-01   5.1142890e-01   4.6728924e-01   4.2704432e-01   3.9039605e-01   3.5705737e-01   3.2675822e-01   2.9924128e-01   2.7426768e-01   2.5161159e-01   2.3106596e-01   2.1243601e-01   1.9554533e-01   1.8022837e-01   1.6633701e-01   1.5373218e-01   1.4229113e-01   1.3189811e-01   1.2245256e-01   1.1385877e-01   1.0603526e-01   9.8903203e-02   9.2397254e-02   8.6452579e-02   8.1017401e-02   7.6038284e-02   7.1474900e-02   6.7283056e-02   6.3432416e-02   5.9886613e-02   5.6625219e-02   5.3620128e-02   5.0864420e-02   4.8344369e-02   4.6081455e-02   4.4100715e-02   4.2502595e-02   4.1433174e-02   4.1236287e-02   4.2436965e-02   4.6176420e-02
   5.4294063e-02   6.4612481e-02   7.8603893e-02   9.7176086e-02   1.2129644e-01   1.5204671e-01   1.9060801e-01   2.3823704e-01   2.9624678e-01   3.6595792e-01   4.4866420e-01   5.4556767e-01   6.5773147e-01   7.8600808e-01   9.3098965e-01   1.0929424e+00   1.2717684e+00   1.4669611e+00   1.6775926e+00   1.9023016e+00   2.1393152e+00   2.3864739e+00   2.6412881e+00   2.9009949e+00   3.1626397e+00   3.4231520e+00   3.6794359e+00   3.9284473e+00   4.1672761e+00   4.3932091e+00   4.6037899e+00   4.7968583e+00   4.9705825e+00   5.1234716e+00   5.2543830e+00   5.3625126e+00   5.4473843e+00   5.5088259e+00   5.5469492e+00   5.5621203e+00   5.5549361e+00   5.5261959e+00   5.4768776e+00   5.4081125e+00   5.3211639e+00   5.2174037e+00   5.0982933e+00   4.9653618e+00   4.8201875e+00   4.6643775e+00   4.4995493e+00   4.3273114e+00   4.1492462e+00   3.9668926e+00   3.7817302e+00   3.5951651e+00   3.4085176e+00   3.2230116e+00   3.0397663e+00   2.8597900e+00   2.6839762e+00   2.5131020e+00   2.3478283e+00   2.1887020e+00   2.0361598e+00   1.8905338e+00   1.7520572e+00   1.6208729e+00   1.4970402e+00   1.3805449e+00   1.2713058e+00   1.1691863e+00   1.0739999e+00   9.8552126e-01   9.0349146e-01   8.2762786e-01   7.5762798e-01   6.9317863e-01   6.3395802e-01   5.7964396e-01   5.2991429e-01   4.8445412e-01   4.4295472e-01   4.0511997e-01   3.7066375e-01   3.3931595e-01   3.1081840e-01   2.8493074e-01   2.6142509e-01   2.4009195e-01   2.2073380e-01   2.0317122e-01   1.8723555e-01   1.7277545e-01   1.5964867e-01   1.4772924e-01   1.3689832e-01   1.2705232e-01   1.1809265e-01   1.0993504e-01   1.0249811e-01   9.5714002e-02   8.9515643e-02   8.3849079e-02   7.8658940e-02   7.3903023e-02   6.9535503e-02   6.5524440e-02   6.1832106e-02   5.8436682e-02   5.5308906e-02   5.2440575e-02   4.9816852e-02   4.7457751e-02   4.5386800e-02   4.3701971e-02   4.2546133e-02   4.2257270e-02   4.3351977e-02   4.6955404e-02
   5.4920445e-02   6.5017214e-02   7.8736096e-02   9.6971275e-02   1.2067561e-01   1.5091487e-01   1.8885296e-01   2.3572857e-01   2.9283625e-01   3.6147863e-01   4.4293235e-01   5.3838443e-01   6.4888586e-01   7.7528108e-01   9.1815913e-01   1.0777892e+00   1.2540832e+00   1.4465519e+00   1.6542927e+00   1.8759772e+00   2.1098737e+00   2.3538708e+00   2.6055328e+00   2.8621563e+00   3.1208490e+00   3.3786047e+00   3.6323914e+00   3.8792267e+00   4.1162582e+00   4.3408244e+00   4.5505137e+00   4.7432012e+00   4.9170812e+00   5.0706781e+00   5.2028538e+00   5.3127979e+00   5.4000170e+00   5.4643120e+00   5.5057577e+00   5.5246756e+00   5.5216106e+00   5.4973042e+00   5.4526724e+00   5.3887813e+00   5.3068277e+00   5.2081172e+00   5.0940461e+00   4.9660807e+00   4.8257408e+00   4.6745791e+00   4.5141646e+00   4.3460634e+00   4.1718222e+00   3.9929510e+00   3.8109077e+00   3.6270836e+00   3.4427909e+00   3.2592520e+00   3.0775904e+00   2.8988241e+00   2.7238612e+00   2.5534974e+00   2.3884154e+00   2.2291870e+00   2.0762751e+00   1.9300397e+00   1.7907427e+00   1.6585553e+00   1.5335650e+00   1.4157846e+00   1.3051592e+00   1.2015763e+00   1.1048721e+00   1.0148420e+00   9.3124571e-01   8.5381701e-01   7.8226793e-01   7.1629762e-01   6.5559474e-01   5.9984563e-01   5.4873493e-01   5.0195298e-01   4.5919482e-01   4.2016681e-01   3.8458418e-01   3.5217717e-01   3.2268717e-01   2.9587262e-01   2.7150394e-01   2.4936941e-01   2.2926900e-01   2.1102046e-01   1.9445220e-01   1.7940980e-01   1.6574790e-01   1.5333743e-01   1.4205650e-01   1.3179851e-01   1.2246206e-01   1.1396009e-01   1.0620864e-01   9.9137376e-02   9.2676945e-02   8.6771202e-02   8.1362820e-02   7.6407695e-02   7.1858342e-02   6.7681187e-02   6.3837108e-02   6.0302869e-02   5.7048019e-02   5.4063049e-02   5.1331986e-02   4.8873370e-02   4.6709209e-02   4.4935030e-02   4.3690544e-02   4.3308011e-02   4.4295798e-02   4.7763409e-02
   5.5578030e-02   6.5456166e-02   7.8907194e-02   9.6812023e-02   1.2010934e-01   1.4984929e-01   1.8717896e-01   2.3331944e-01   2.8954722e-01   3.5714719e-01   4.3737922e-01   5.3141549e-01   6.4029493e-01   7.6485384e-01   9.0567794e-01   1.0630390e+00   1.2368580e+00   1.4266622e+00   1.6315730e+00   1.8502941e+00   2.0811328e+00   2.3220242e+00   2.5705850e+00   2.8241690e+00   3.0799446e+00   3.3349679e+00   3.5862689e+00   3.8309256e+00   4.0661421e+00   4.2893079e+00   4.4980553e+00   4.6902951e+00   4.8642479e+00   5.0184544e+00   5.1517824e+00   5.2634166e+00   5.3528487e+00   5.4198546e+00   5.4644753e+00   5.4869902e+00   5.4878951e+00   5.4678765e+00   5.4277911e+00   5.3686426e+00   5.2915637e+00   5.1977956e+00   5.0886710e+00   4.9655952e+00   4.8300301e+00   4.6834747e+00   4.5274497e+00   4.3634784e+00   4.1930714e+00   4.0177086e+00   3.8388250e+00   3.6577957e+00   3.4759234e+00   3.2944270e+00   3.1144325e+00   2.9369658e+00   2.7629477e+00   2.5931907e+00   2.4283978e+00   2.2691637e+00   2.1159766e+00   1.9692231e+00   1.8291923e+00   1.6960834e+00   1.5700110e+00   1.4510149e+00   1.3390656e+00   1.2340749e+00   1.1359017e+00   1.0443620e+00   9.5923437e-01   8.8026951e-01   8.0719420e-01   7.3972040e-01   6.7754764e-01   6.2037129e-01   5.6788332e-01   5.1977975e-01   4.7575989e-01   4.3553303e-01   3.9881621e-01   3.6534042e-01   3.3484697e-01   3.0709346e-01   2.8184890e-01   2.5889962e-01   2.3804331e-01   2.1909512e-01   2.0188068e-01   1.8624260e-01   1.7203257e-01   1.5911846e-01   1.4737544e-01   1.3669395e-01   1.2696979e-01   1.1811312e-01   1.1003744e-01   1.0266992e-01   9.5938924e-02   8.9786096e-02   8.4152132e-02   7.8991003e-02   7.4253537e-02   6.9904498e-02   6.5903341e-02   6.2225386e-02   5.8838962e-02   5.5733231e-02   5.2891061e-02   5.0329502e-02   4.8069043e-02   4.6202783e-02   4.4867326e-02   4.4389332e-02   4.5269140e-02   4.8600999e-02
   5.6267215e-02   6.5929499e-02   7.9117061e-02   9.6697851e-02   1.1959672e-01   1.4884854e-01   1.8558398e-01   2.3100688e-01   2.8637607e-01   3.5295903e-01   4.3199915e-01   5.2465394e-01   6.3195039e-01   7.5471662e-01   8.9353480e-01   1.0486788e+00   1.2200782e+00   1.4072758e+00   1.6094160e+00   1.8252330e+00   2.0530721e+00   2.2909129e+00   2.5364229e+00   2.7870112e+00   3.0399048e+00   3.2922204e+00   3.5410487e+00   3.7835264e+00   4.0169128e+00   4.2386475e+00   4.4464064e+00   4.6381359e+00   4.8120831e+00   4.9668059e+00   5.1011789e+00   5.2143841e+00   5.3058997e+00   5.3754792e+00   5.4231321e+00   5.4490983e+00   5.4538274e+00   5.4379535e+00   5.4022767e+00   5.3477409e+00   5.2754170e+00   5.1864837e+00   5.0822121e+00   4.9639477e+00   4.8330953e+00   4.6911012e+00   4.5394376e+00   4.3795854e+00   4.2130179e+00   4.0411846e+00   3.8654966e+00   3.6873112e+00   3.5079200e+00   3.3285368e+00   3.1502884e+00   2.9742069e+00   2.8012239e+00   2.6321669e+00   2.4677576e+00   2.3086122e+00   2.1552427e+00   2.0080610e+00   1.8673826e+00   1.7334333e+00   1.6063546e+00   1.4862123e+00   1.3730024e+00   1.2666605e+00   1.1670681e+00   1.0740621e+00   9.8743993e-01   9.0696943e-01   8.3239251e-01   7.6343432e-01   6.9980572e-01   6.4121154e-01   5.8735155e-01   5.3792796e-01   4.9264478e-01   4.5121472e-01   4.1335702e-01   3.7880386e-01   3.4729685e-01   3.1859307e-01   2.9246044e-01   2.6868362e-01   2.4705825e-01   2.2739708e-01   2.0952314e-01   1.9327624e-01   1.7850521e-01   1.6507499e-01   1.5285786e-01   1.4174137e-01   1.3161853e-01   1.2239681e-01   1.1398713e-01   1.0631417e-01   9.9304011e-02   9.2896086e-02   8.7029087e-02   8.1655041e-02   7.6723063e-02   7.2196231e-02   6.8032546e-02   6.4205860e-02   6.0683253e-02   5.7452533e-02   5.4495387e-02   5.1827363e-02   4.9467423e-02   4.7506261e-02   4.6077421e-02   4.5502080e-02   4.6272735e-02   4.9468766e-02
   5.6988431e-02   6.6437415e-02   7.9365620e-02   9.6628343e-02   1.1913691e-01   1.4791130e-01   1.8406609e-01   2.2878828e-01   2.8331937e-01   3.4890979e-01   4.2678669e-01   5.1809317e-01   6.2384434e-01   7.4486009e-01   8.8171886e-01   1.0346963e+00   1.2037298e+00   1.3883771e+00   1.5878045e+00   1.8007755e+00   2.0256719e+00   2.2605164e+00   2.5030253e+00   2.7506613e+00   3.0007084e+00   3.2503420e+00   3.4967117e+00   3.7370116e+00   3.9685551e+00   4.1888311e+00   4.3955583e+00   4.5867187e+00   4.7605862e+00   4.9157366e+00   5.0510526e+00   5.1657143e+00   5.2591890e+00   5.3312095e+00   5.3817563e+00   5.4110324e+00   5.4194435e+00   5.4075743e+00   5.3761708e+00   5.3261194e+00   5.2584316e+00   5.1742256e+00   5.0747125e+00   4.9611796e+00   4.8349757e+00   4.6974949e+00   4.5501614e+00   4.3944132e+00   4.2316865e+00   4.0633995e+00   3.8909380e+00   3.7156408e+00   3.5387866e+00   3.3615828e+00   3.1851553e+00   3.0105405e+00   2.8386792e+00   2.6704123e+00   2.5064785e+00   2.3475139e+00   2.1940529e+00   2.0465316e+00   1.9052906e+00   1.7705817e+00   1.6425724e+00   1.5213540e+00   1.4069472e+00   1.2993117e+00   1.1983511e+00   1.1039233e+00   1.0158448e+00   9.3390068e-01   8.5784835e-01   7.8742649e-01   7.2235766e-01   6.6235662e-01   6.0713136e-01   5.5639074e-01   5.0984396e-01   4.6720756e-01   4.2820343e-01   3.9256533e-01   3.6003552e-01   3.3037096e-01   3.0333875e-01   2.7872217e-01   2.5631506e-01   2.3592798e-01   2.1738155e-01   2.0051294e-01   1.8516824e-01   1.7120957e-01   1.5850638e-01   1.4694342e-01   1.3641097e-01   1.2681379e-01   1.1806027e-01   1.1007262e-01   1.0277462e-01   9.6103491e-02   8.9995897e-02   8.4401911e-02   7.9268908e-02   7.4558259e-02   7.0226483e-02   6.6245938e-02   6.2582429e-02   5.9222388e-02   5.6146296e-02   5.3368189e-02   5.0905493e-02   4.8846519e-02   4.7321792e-02   4.6647120e-02   4.7307341e-02   5.0367324e-02
   5.7742136e-02   6.6980153e-02   7.9652842e-02   9.6603143e-02   1.1872918e-01   1.4703634e-01   1.8262351e-01   2.2666117e-01   2.8037388e-01   3.4499532e-01   4.2173670e-01   5.1172689e-01   6.1596922e-01   7.3527534e-01   8.7021977e-01   1.0210795e+00   1.1877995e+00   1.3699513e+00   1.5667222e+00   1.7769040e+00   1.9989134e+00   2.2308148e+00   2.4703717e+00   2.7150985e+00   2.9623346e+00   3.2093125e+00   3.4532389e+00   3.6913640e+00   3.9210542e+00   4.1398465e+00   4.3455021e+00   4.5360383e+00   4.7097563e+00   4.8652500e+00   5.0014113e+00   5.1174201e+00   5.2127342e+00   5.2870678e+00   5.3403747e+00   5.3728232e+00   5.3847778e+00   5.3767763e+00   5.3495132e+00   5.3038196e+00   5.2406498e+00   5.1610638e+00   5.0662145e+00   4.9573319e+00   4.8357102e+00   4.7026920e+00   4.5596540e+00   4.4079913e+00   4.2491025e+00   4.0843740e+00   3.9151656e+00   3.7427960e+00   3.5685303e+00   3.3935677e+00   3.2190315e+00   3.0459611e+00   2.8753044e+00   2.7079145e+00   2.5445451e+00   2.3858511e+00   2.2323877e+00   2.0846139e+00   1.9428945e+00   1.8075063e+00   1.6786418e+00   1.5564173e+00   1.4408781e+00   1.3320072e+00   1.2297305e+00   1.1339265e+00   1.0444312e+00   9.6104704e-01   8.8354702e-01   8.1168374e-01   7.4519185e-01   6.8379642e-01   6.2721412e-01   5.7516088e-01   5.2735153e-01   4.8350686e-01   4.4335188e-01   4.0662228e-01   3.7306138e-01   3.4242632e-01   3.1448372e-01   2.8901577e-01   2.6581475e-01   2.4468927e-01   2.2545771e-01   2.0795475e-01   1.9202392e-01   1.7752459e-01   1.6432352e-01   1.5230268e-01   1.4134967e-01   1.3136662e-01   1.2225940e-01   1.1394775e-01   1.0635316e-01   9.9410619e-02   9.3054774e-02   8.7233718e-02   8.1893068e-02   7.6992466e-02   7.2486925e-02   6.8347284e-02   6.4538048e-02   6.1044250e-02   5.7845143e-02   5.4953238e-02   5.2384418e-02   5.0224631e-02   4.8601424e-02   4.7825342e-02   4.8373736e-02   5.1297314e-02
   5.8528820e-02   6.7557987e-02   7.9978744e-02   9.6621953e-02   1.1837283e-01   1.4622252e-01   1.8125455e-01   2.2462324e-01   2.7753652e-01   3.4121169e-01   4.1684426e-01   5.0554907e-01   6.0831780e-01   7.2595382e-01   8.5902759e-01   1.0078172e+00   1.1722743e+00   1.3519838e+00   1.5461532e+00   1.7536012e+00   1.9727783e+00   2.2017889e+00   2.4384421e+00   2.6803027e+00   2.9247635e+00   3.1691123e+00   3.4106119e+00   3.6465667e+00   3.8743950e+00   4.0916813e+00   4.2962286e+00   4.4860892e+00   4.6595916e+00   4.8153486e+00   4.9522622e+00   5.0695133e+00   5.1665516e+00   5.2430750e+00   5.2990124e+00   5.3344998e+00   5.3498631e+00   5.3455955e+00   5.3223421e+00   5.2808816e+00   5.2221130e+00   5.1470400e+00   5.0567589e+00   4.9524444e+00   4.8353369e+00   4.7067283e+00   4.5679481e+00   4.4203488e+00   4.2652912e+00   4.1041293e+00   3.9381961e+00   3.7687895e+00   3.5971593e+00   3.4244952e+00   3.2519167e+00   3.0804642e+00   2.9110917e+00   2.7446622e+00   2.5819435e+00   2.4236074e+00   2.2702287e+00   2.1222880e+00   1.9801733e+00   1.8441852e+00   1.7145406e+00   1.5913804e+00   1.4747735e+00   1.3647261e+00   1.2611861e+00   1.1640530e+00   1.0731816e+00   9.8839220e-01   9.0947365e-01   8.3619269e-01   7.6829639e-01   7.0552053e-01   6.4759086e-01   5.9423078e-01   5.4516120e-01   5.0010760e-01   4.5879845e-01   4.2097182e-01   3.8637245e-01   3.5475801e-01   3.2589495e-01   2.9956464e-01   2.7555810e-01   2.5368216e-01   2.3375319e-01   2.1560357e-01   1.9907437e-01   1.8402236e-01   1.7031168e-01   1.5782161e-01   1.4643717e-01   1.3605784e-01   1.2658702e-01   1.1794200e-01   1.1004200e-01   1.0281977e-01   9.6207921e-02   9.0152567e-02   8.4597544e-02   7.9500747e-02   7.4815659e-02   7.0511579e-02   6.6551684e-02   6.2919591e-02   5.9593300e-02   5.6583786e-02   5.3905385e-02   5.1641693e-02   4.9917321e-02   4.9037654e-02   4.9472720e-02   5.2259403e-02
   5.9348999e-02   6.8171229e-02   8.0343385e-02   9.6684530e-02   1.1806726e-01   1.4546880e-01   1.7995764e-01   2.2267228e-01   2.7480440e-01   3.3755516e-01   4.1210469e-01   4.9955398e-01   6.0088318e-01   7.1688739e-01   8.4813281e-01   9.9489825e-01   1.1571418e+00   1.3344610e+00   1.5260823e+00   1.7308506e+00   1.9472488e+00   2.1734200e+00   2.4072173e+00   2.6462542e+00   2.8879754e+00   3.1297225e+00   3.3688124e+00   3.6026030e+00   3.8285628e+00   4.0443232e+00   4.2477284e+00   4.4368652e+00   4.6100898e+00   4.7660342e+00   4.9036113e+00   5.0220043e+00   5.1206564e+00   5.1992507e+00   5.2576932e+00   5.2960902e+00   5.3147307e+00   5.3140660e+00   5.2946943e+00   5.2573439e+00   5.2028609e+00   5.1321944e+00   5.0463861e+00   4.9465565e+00   4.8338936e+00   4.7096391e+00   4.5750764e+00   4.4315152e+00   4.2802784e+00   4.1226873e+00   3.9600473e+00   3.7936346e+00   3.6246825e+00   3.4543702e+00   3.2838116e+00   3.1140468e+00   2.9460343e+00   2.7806456e+00   2.6186609e+00   2.4607675e+00   2.3075585e+00   2.1595350e+00   2.0171068e+00   1.8805975e+00   1.7502477e+00   1.6262217e+00   1.5086121e+00   1.3974477e+00   1.2926983e+00   1.1942837e+00   1.1020783e+00   1.0159198e+00   9.3561321e-01   8.6093974e-01   7.9165914e-01   7.2751826e-01   6.6825229e-01   6.1359253e-01   5.6326636e-01   5.1700436e-01   4.7453888e-01   4.3561074e-01   3.9996647e-01   3.6736460e-01   3.3757175e-01   3.1036876e-01   2.8554562e-01   2.6290765e-01   2.4226940e-01   2.2346111e-01   2.0632155e-01   1.9070502e-01   1.7647315e-01   1.6350262e-01   1.5167589e-01   1.4088989e-01   1.3104556e-01   1.2205778e-01   1.1384349e-01   1.0633321e-01   9.9457533e-02   9.3160560e-02   8.7384341e-02   8.2085005e-02   7.7214484e-02   7.2740516e-02   6.8624930e-02   6.4849903e-02   6.1392161e-02   5.8261133e-02   5.5469597e-02   5.3098820e-02   5.1270509e-02   5.0284985e-02   5.0605117e-02   5.3254280e-02
   6.0203220e-02   6.8820223e-02   8.0746868e-02   9.6790682e-02   1.1781193e-01   1.4477421e-01   1.7873130e-01   2.2080624e-01   2.7217474e-01   3.3402218e-01   4.0751353e-01   4.9373616e-01   5.9365878e-01   7.0806820e-01   8.3752629e-01   9.8231229e-01   1.1423902e+00   1.3173694e+00   1.5064949e+00   1.7086364e+00   1.9223080e+00   2.1456901e+00   2.3766787e+00   2.6129341e+00   2.8519513e+00   3.0911243e+00   3.3278227e+00   3.5594563e+00   3.7835430e+00   3.9977599e+00   4.1999918e+00   4.3883600e+00   4.5612481e+00   4.7173080e+00   4.8554641e+00   4.9749029e+00   5.0750625e+00   5.1556130e+00   5.2164395e+00   5.2576204e+00   5.2794104e+00   5.2822208e+00   5.2666053e+00   5.2332440e+00   5.1829321e+00   5.1165663e+00   5.0351352e+00   4.9397065e+00   4.8314170e+00   4.7114596e+00   4.5810713e+00   4.4415198e+00   4.2940901e+00   4.1400701e+00   3.9807374e+00   3.8173453e+00   3.6511099e+00   3.4831983e+00   3.3147179e+00   3.1467069e+00   2.9801266e+00   2.8158558e+00   2.6546854e+00   2.4973171e+00   2.3443609e+00   2.1963368e+00   2.0536756e+00   1.9167229e+00   1.7857421e+00   1.6609205e+00   1.5423734e+00   1.4301519e+00   1.3242473e+00   1.2246001e+00   1.1311036e+00   1.0436133e+00   9.6195059e-01   8.8591113e-01   8.1526774e-01   7.4977864e-01   6.8918883e-01   6.3323790e-01   5.8166007e-01   5.3419141e-01   4.9056857e-01   4.5053549e-01   4.1384082e-01   3.8024435e-01   3.4951314e-01   3.2142782e-01   2.9577758e-01   2.7236650e-01   2.5100750e-01   2.3152888e-01   2.1376726e-01   1.9757459e-01   1.8281011e-01   1.6934798e-01   1.5706818e-01   1.4586516e-01   1.3563742e-01   1.2629745e-01   1.1775994e-01   1.0995321e-01   1.0280579e-01   9.6259795e-02   9.0255463e-02   8.4747146e-02   7.9685207e-02   7.5035804e-02   7.0759392e-02   6.6836691e-02   6.3243135e-02   5.9986595e-02   5.7078282e-02   5.4597148e-02   5.2662032e-02   5.1568287e-02   5.1771770e-02   5.4282658e-02
   6.1092055e-02   6.9505346e-02   8.1189336e-02   9.6940272e-02   1.1760635e-01   1.4413786e-01   1.7757417e-01   2.1902317e-01   2.6964495e-01   3.3060937e-01   4.0306653e-01   4.8809037e-01   5.8663827e-01   6.9948879e-01   8.2719930e-01   9.7004922e-01   1.1280080e+00   1.3006964e+00   1.4873769e+00   1.6869431e+00   1.8979392e+00   2.1185819e+00   2.3468081e+00   2.5803237e+00   2.8166726e+00   3.0532995e+00   3.2876253e+00   3.5171104e+00   3.7393210e+00   3.9519790e+00   4.1530091e+00   4.3405669e+00   4.5130633e+00   4.6691704e+00   4.8078249e+00   4.9282175e+00   5.0297827e+00   5.1121789e+00   5.1752723e+00   5.2191153e+00   5.2439304e+00   5.2500911e+00   5.2381089e+00   5.2086178e+00   5.1623639e+00   5.1001937e+00   5.0230441e+00   4.9319319e+00   4.8279437e+00   4.7122242e+00   4.5859651e+00   4.4503921e+00   4.3067523e+00   4.1563004e+00   4.0002851e+00   3.8399364e+00   3.6764522e+00   3.5109864e+00   3.3446384e+00   3.1784434e+00   3.0133642e+00   2.8502850e+00   2.6900066e+00   2.5332432e+00   2.3806204e+00   2.2326763e+00   2.0898613e+00   1.9525422e+00   1.8210040e+00   1.6954564e+00   1.5760369e+00   1.4628186e+00   1.3558139e+00   1.2549835e+00   1.1602399e+00   1.0714564e+00   9.8847056e-01   9.1109295e-01   8.3910963e-01   7.7229046e-01   7.1039063e-01   6.5315833e-01   6.0033504e-01   5.5166269e-01   5.0688259e-01   4.6574217e-01   4.2799260e-01   3.9339521e-01   3.6171786e-01   3.3274123e-01   3.0625401e-01   2.8205927e-01   2.5996849e-01   2.3980823e-01   2.2141313e-01   2.0463295e-01   1.8932460e-01   1.7535987e-01   1.6261633e-01   1.5098595e-01   1.4036492e-01   1.3066333e-01   1.2179365e-01   1.1368200e-01   1.0625487e-01   9.9452359e-02   9.3212911e-02   8.7489081e-02   8.2229642e-02   7.7399158e-02   7.2956688e-02   6.8881479e-02   6.5147651e-02   6.1761505e-02   5.8732681e-02   5.6137829e-02   5.4092954e-02   5.2888528e-02   5.2973543e-02   5.5345275e-02
   6.2016105e-02   7.0227010e-02   8.1670974e-02   9.7133210e-02   1.1745012e-01   1.4355894e-01   1.7648497e-01   2.1732126e-01   2.6721256e-01   3.2731353e-01   3.9875966e-01   4.8261163e-01   5.7981563e-01   6.9114198e-01   8.1714344e-01   9.5809937e-01   1.1139842e+00   1.2844295e+00   1.4687146e+00   1.6657558e+00   1.8741267e+00   2.0920784e+00   2.3175879e+00   2.5484052e+00   2.7821213e+00   3.0162303e+00   3.2482032e+00   3.4755494e+00   3.6958825e+00   3.9069682e+00   4.1067705e+00   4.2934789e+00   4.4655317e+00   4.6216214e+00   4.7606975e+00   4.8819560e+00   4.9848289e+00   5.0689644e+00   5.1342115e+00   5.1805985e+00   5.2083177e+00   5.2177071e+00   5.2092378e+00   5.1834997e+00   5.1411925e+00   5.0831135e+00   5.0101502e+00   4.9232695e+00   4.8235093e+00   4.7119669e+00   4.5897896e+00   4.4581613e+00   4.3182914e+00   4.1714008e+00   4.0187096e+00   3.8614234e+00   3.7007208e+00   3.5377420e+00   3.3735769e+00   3.2092565e+00   3.0457436e+00   2.8839268e+00   2.7246149e+00   2.5685336e+00   2.4163229e+00   2.2685375e+00   2.1256464e+00   1.9880365e+00   1.8560139e+00   1.7298097e+00   1.6095830e+00   1.4954283e+00   1.3873790e+00   1.2854157e+00   1.1894699e+00   1.0994326e+00   1.0151579e+00   9.3647117e-01   8.6317204e-01   7.9504231e-01   7.3184757e-01   6.7334502e-01   6.1928371e-01   5.6941183e-01   5.2347569e-01   4.8122660e-01   4.4241857e-01   4.0681483e-01   3.7418434e-01   3.4430814e-01   3.1697469e-01   2.9198624e-01   2.6915313e-01   2.4830032e-01   2.2926065e-01   2.1188181e-01   1.9601856e-01   1.8154036e-01   1.6832248e-01   1.5625452e-01   1.4523033e-01   1.3515768e-01   1.2594686e-01   1.1752178e-01   1.0980690e-01   1.0274033e-01   9.6258683e-02   9.0312720e-02   8.4849610e-02   7.9832305e-02   7.5218450e-02   7.0985803e-02   6.7107151e-02   6.3587216e-02   6.0434057e-02   5.7722037e-02   5.5564359e-02   5.4246698e-02   5.4211321e-02   5.6442889e-02
   6.2975995e-02   7.0985654e-02   8.2192000e-02   9.7369451e-02   1.1734286e-01   1.4303671e-01   1.7546252e-01   2.1569877e-01   2.6487523e-01   3.2413162e-01   3.9458906e-01   4.7729518e-01   5.7318510e-01   6.8302091e-01   8.0735068e-01   9.4645346e-01   1.1003083e+00   1.2685570e+00   1.4504949e+00   1.6450604e+00   1.8508550e+00   2.0661635e+00   2.2890012e+00   2.5171610e+00   2.7482798e+00   2.9798995e+00   3.2095395e+00   3.4347576e+00   3.6532132e+00   3.8627151e+00   4.0612660e+00   4.2470888e+00   4.4186492e+00   4.5746602e+00   4.7140848e+00   4.8361251e+00   4.9402117e+00   5.0259841e+00   5.0932755e+00   5.1420922e+00   5.1725980e+00   5.1850973e+00   5.1800231e+00   5.1579233e+00   5.1194526e+00   5.0653615e+00   4.9964895e+00   4.9137551e+00   4.8181487e+00   4.7107214e+00   4.5925764e+00   4.4648565e+00   4.3287335e+00   4.1853946e+00   4.0360305e+00   3.8818220e+00   3.7239281e+00   3.5634735e+00   3.4015381e+00   3.2391472e+00   3.0772625e+00   2.9167755e+00   2.7585019e+00   2.6031773e+00   2.4514550e+00   2.3039051e+00   2.1610142e+00   2.0231882e+00   1.8907532e+00   1.7639612e+00   1.6429923e+00   1.5279619e+00   1.4189238e+00   1.3158784e+00   1.2187761e+00   1.1275255e+00   1.0419972e+00   9.6203165e-01   8.8744211e-01   8.1802254e-01   7.5354930e-01   6.9378887e-01   6.3849822e-01   5.8743214e-01   5.4034231e-01   4.9698426e-01   4.5711520e-01   4.2050058e-01   3.8691077e-01   3.5612745e-01   3.2793912e-01   3.0214751e-01   2.7856198e-01   2.5700611e-01   2.3731109e-01   2.1932274e-01   2.0289376e-01   1.8789141e-01   1.7418873e-01   1.6167301e-01   1.5023584e-01   1.3978273e-01   1.3022177e-01   1.2147471e-01   1.1346401e-01   1.0612576e-01   9.9394766e-02   9.3219969e-02   8.7546930e-02   8.2336974e-02   7.7546318e-02   7.3151210e-02   6.9123091e-02   6.5465092e-02   6.2183687e-02   5.9350961e-02   5.7077346e-02   5.5643805e-02   5.5486011e-02   5.7576282e-02
   6.3972375e-02   7.1781751e-02   8.2752675e-02   9.7649000e-02   1.1728428e-01   1.4257051e-01   1.7450570e-01   2.1415411e-01   2.6263077e-01   3.2106076e-01   3.9055106e-01   4.7213648e-01   5.6674117e-01   6.7511901e-01   7.9781331e-01   9.3510258e-01   1.0869701e+00   1.2530675e+00   1.4327051e+00   1.6248430e+00   1.8281093e+00   2.0408212e+00   2.2610315e+00   2.4865743e+00   2.7151310e+00   2.9442900e+00   3.1716180e+00   3.3947195e+00   3.6112991e+00   3.8192075e+00   4.0164856e+00   4.2013892e+00   4.3724113e+00   4.5282856e+00   4.6679892e+00   4.7907310e+00   4.8959410e+00   4.9832517e+00   5.0524820e+00   5.1036174e+00   5.1367956e+00   5.1522891e+00   5.1504947e+00   5.1319204e+00   5.0971778e+00   5.0469724e+00   4.9820971e+00   4.9034238e+00   4.8118963e+00   4.7085207e+00   4.5943567e+00   4.4705068e+00   4.3381050e+00   4.1983050e+00   4.0522678e+00   3.9011489e+00   3.7460868e+00   3.5881901e+00   3.4285275e+00   3.2681175e+00   3.1079195e+00   2.9488267e+00   2.7916601e+00   2.6371644e+00   2.4860045e+00   2.3387650e+00   2.1959489e+00   2.0579800e+00   1.9252039e+00   1.7978924e+00   1.6762461e+00   1.5604006e+00   1.4504299e+00   1.3463538e+00   1.2481413e+00   1.1557188e+00   1.0689732e+00   9.8776022e-01   9.1190680e-01   8.4121937e-01   7.7548526e-01   7.1448055e-01   6.5797045e-01   6.0571666e-01   5.5747661e-01   5.1301036e-01   4.7207866e-01   4.3444951e-01   3.9989501e-01   3.6819777e-01   3.3914660e-01   3.1254292e-01   2.8819537e-01   2.6592635e-01   2.4556560e-01   2.2695717e-01   2.0995186e-01   1.9441484e-01   1.8021703e-01   1.6724348e-01   1.5538358e-01   1.4454062e-01   1.3462054e-01   1.2554295e-01   1.1722830e-01   1.0961071e-01   1.0262314e-01   9.6212732e-02   9.0323424e-02   8.4914903e-02   7.9941939e-02   7.5379260e-02   7.1196941e-02   6.7396516e-02   6.3982863e-02   6.1025808e-02   5.8633035e-02   5.7080875e-02   5.6798535e-02   5.8746257e-02
   6.5005922e-02   7.2615801e-02   8.3353292e-02   9.7971903e-02   1.1727413e-01   1.4215974e-01   1.7361351e-01   2.1268577e-01   2.6047710e-01   3.1809820e-01   3.8664219e-01   4.6713119e-01   5.6047856e-01   6.6742999e-01   7.8852393e-01   9.2403816e-01   1.0739599e+00   1.2379499e+00   1.4153332e+00   1.6050902e+00   1.8058751e+00   2.0160364e+00   2.2336628e+00   2.4566286e+00   2.6826582e+00   2.9093853e+00   3.1344226e+00   3.3554200e+00   3.5701262e+00   3.7764332e+00   3.9724191e+00   4.1563724e+00   4.3268132e+00   4.4824961e+00   4.6224125e+00   4.7457789e+00   4.8520260e+00   4.9407800e+00   5.0118471e+00   5.0651940e+00   5.1009336e+00   5.1193086e+00   5.1206815e+00   5.1055221e+00   5.0744008e+00   5.0279798e+00   4.9670073e+00   4.8923097e+00   4.8047857e+00   4.7053972e+00   4.5951615e+00   4.4751408e+00   4.3464321e+00   4.2101553e+00   4.0674416e+00   3.9194210e+00   3.7672103e+00   3.6119017e+00   3.4545515e+00   3.2961704e+00   3.1377142e+00   2.9800767e+00   2.8240830e+00   2.6704856e+00   2.5199599e+00   2.3731037e+00   2.2304354e+00   2.0923958e+00   1.9593488e+00   1.8315855e+00   1.7093261e+00   1.5927261e+00   1.4818792e+00   1.3768242e+00   1.2775486e+00   1.1839963e+00   1.0960707e+00   1.0136426e+00   9.3655300e-01   8.6462083e-01   7.9764469e-01   7.3541050e-01   6.7769201e-01   6.2425817e-01   5.7487244e-01   5.2929981e-01   4.8730484e-01   4.4865843e-01   4.1313468e-01   3.8051746e-01   3.5059613e-01   3.2317209e-01   2.9805344e-01   2.7506163e-01   2.5402511e-01   2.3478634e-01   2.1719436e-01   2.0111238e-01   1.8640925e-01   1.7296791e-01   1.6067561e-01   1.4943344e-01   1.3914526e-01   1.2972857e-01   1.2110183e-01   1.1319717e-01   1.0594575e-01   9.9292900e-02   9.3180909e-02   8.7567829e-02   8.2406966e-02   7.7671519e-02   7.3330182e-02   6.9382880e-02   6.5832894e-02   6.2747798e-02   6.0232560e-02   5.8558951e-02   5.8149838e-02   5.9953638e-02
   6.6077334e-02   7.3488334e-02   8.3994178e-02   9.8338248e-02   1.1731221e-01   1.4180385e-01   1.7278501e-01   2.1129233e-01   2.5841224e-01   3.1524135e-01   3.8285910e-01   4.6227519e-01   5.5439223e-01   6.5994781e-01   7.7947545e-01   9.1325200e-01   1.0612683e+00   1.2231937e+00   1.3983674e+00   1.5857893e+00   1.7841386e+00   1.9917942e+00   2.2068795e+00   2.4273078e+00   2.6508452e+00   2.8751693e+00   3.0979375e+00   3.3168442e+00   3.5296810e+00   3.7343800e+00   3.9290563e+00   4.1120307e+00   4.2818498e+00   4.4372894e+00   4.5773558e+00   4.7012734e+00   4.8084746e+00   4.8985806e+00   4.9713862e+00   5.0268407e+00   5.0650340e+00   5.0861807e+00   5.0906108e+00   5.0787578e+00   5.0511528e+00   5.0084163e+00   4.9512532e+00   4.8804461e+00   4.7968498e+00   4.7013828e+00   4.5950211e+00   4.4787871e+00   4.3537410e+00   4.2209691e+00   4.0815726e+00   3.9366555e+00   3.7873127e+00   3.6346189e+00   3.4796172e+00   3.3233096e+00   3.1666471e+00   3.0105230e+00   2.8557653e+00   2.7031330e+00   2.5533109e+00   2.4069089e+00   2.2644596e+00   2.1264200e+00   1.9931713e+00   1.8650231e+00   1.7422147e+00   1.6249207e+00   1.5132540e+00   1.4072722e+00   1.3069811e+00   1.2123419e+00   1.1232744e+00   1.0396646e+00   9.6136748e-01   8.8821484e-01   8.2001666e-01   7.5656894e-01   6.9765428e-01   6.4304916e-01   5.9252342e-01   5.4584722e-01   5.0278933e-01   4.6312382e-01   4.2662712e-01   3.9308461e-01   3.6228650e-01   3.3403439e-01   3.0813609e-01   2.8441231e-01   2.6269039e-01   2.4281136e-01   2.2462264e-01   2.0798559e-01   1.9276715e-01   1.7884818e-01   1.6611388e-01   1.5446321e-01   1.4379799e-01   1.3403363e-01   1.2508663e-01   1.1688716e-01   1.0936457e-01   1.0246236e-01   9.6121199e-02   9.0297488e-02   8.4943057e-02   8.0029562e-02   7.5524303e-02   7.1425591e-02   6.7735102e-02   6.4518169e-02   6.1877072e-02   6.0079093e-02   5.9540880e-02   6.1199269e-02
   6.7187335e-02   7.4399907e-02   8.4675697e-02   9.8748165e-02   1.1739837e-01   1.4150238e-01   1.7201933e-01   2.0997247e-01   2.5643436e-01   3.1248774e-01   3.7919866e-01   4.5756452e-01   5.4847736e-01   6.5266669e-01   7.7066106e-01   9.0273620e-01   1.0488862e+00   1.2087887e+00   1.3817963e+00   1.5669278e+00   1.7628864e+00   1.9680804e+00   2.1806668e+00   2.3985965e+00   2.6196763e+00   2.8416263e+00   3.0621475e+00   3.2789775e+00   3.4899497e+00   3.6930360e+00   3.8863873e+00   4.0683560e+00   4.2375157e+00   4.3926632e+00   4.5328196e+00   4.6572184e+00   4.7652943e+00   4.8566645e+00   4.9311137e+00   4.9885752e+00   5.0291176e+00   5.0529292e+00   5.0603090e+00   5.0516562e+00   5.0274642e+00   4.9883133e+00   4.9348671e+00   4.8678656e+00   4.7881206e+00   4.6965090e+00   4.5939656e+00   4.4814739e+00   4.3600578e+00   4.2307700e+00   4.0946816e+00   3.9528701e+00   3.8064084e+00   3.6563527e+00   3.5037325e+00   3.3495396e+00   3.1947195e+00   3.0401638e+00   2.8867024e+00   2.7350993e+00   2.5860479e+00   2.4401689e+00   2.2980082e+00   2.1600378e+00   2.0266556e+00   1.8981887e+00   1.7748946e+00   1.6569668e+00   1.5445369e+00   1.4376808e+00   1.3364222e+00   1.2407397e+00   1.1505690e+00   1.0658118e+00   9.8633700e-01   9.1198921e-01   8.4259006e-01   7.7794591e-01   7.1784842e-01   6.6208191e-01   6.1042286e-01   5.6264697e-01   5.1852748e-01   4.7784194e-01   4.4036941e-01   4.0589707e-01   3.7421624e-01   3.4512897e-01   3.1844303e-01   2.9397856e-01   2.7156201e-01   2.5103315e-01   2.3223791e-01   2.1503594e-01   1.9929236e-01   1.8488606e-01   1.7170027e-01   1.5963189e-01   1.4858072e-01   1.3846013e-01   1.2918470e-01   1.2068264e-01   1.1288149e-01   1.0572297e-01   9.9146099e-02   9.3105615e-02   8.7551870e-02   8.2454967e-02   7.7780803e-02   7.3526064e-02   6.9690818e-02   6.6338170e-02   6.3567735e-02   6.1642379e-02   6.0972642e-02   6.2484015e-02
   6.8336668e-02   7.5351102e-02   8.5398240e-02   9.9201823e-02   1.1753252e-01   1.4125490e-01   1.7131568e-01   2.0872497e-01   2.5454171e-01   3.0983504e-01   3.7565784e-01   4.5299541e-01   5.4272935e-01   6.4558111e-01   7.6207423e-01   8.9248317e-01   1.0368050e+00   1.1947252e+00   1.3656091e+00   1.5484937e+00   1.7421056e+00   1.9448810e+00   2.1550100e+00   2.3704796e+00   2.5891361e+00   2.8087410e+00   3.0270375e+00   3.2418055e+00   3.4509192e+00   3.6523892e+00   3.8444016e+00   4.0253404e+00   4.1938053e+00   4.3486144e+00   4.4888042e+00   4.6136173e+00   4.7224917e+00   4.8150415e+00   4.8910428e+00   4.9504141e+00   4.9932042e+00   5.0195766e+00   5.0298013e+00   5.0242446e+00   5.0033639e+00   4.9677014e+00   4.9178803e+00   4.8545996e+00   4.7786298e+00   4.6908065e+00   4.5920246e+00   4.4832294e+00   4.3654086e+00   4.2395816e+00   4.1067893e+00   3.9680829e+00   3.8245123e+00   3.6771151e+00   3.5269057e+00   3.3748656e+00   3.2219336e+00   3.0689983e+00   2.9168904e+00   2.7663783e+00   2.6181623e+00   2.4728731e+00   2.3310688e+00   2.1932354e+00   2.0597865e+00   1.9310661e+00   1.8073494e+00   1.6888477e+00   1.5757109e+00   1.4680331e+00   1.3658556e+00   1.2691737e+00   1.1779396e+00   1.0920701e+00   1.0114482e+00   9.3593163e-01   8.6535368e-01   7.9953127e-01   7.3826539e-01   6.8134844e-01   6.2856387e-01   5.7969316e-01   5.3451434e-01   4.9280875e-01   4.5435836e-01   4.1895242e-01   3.8638363e-01   3.5645476e-01   3.2897373e-01   3.0376036e-01   2.8064038e-01   2.5945246e-01   2.4004123e-01   2.2226474e-01   2.0598640e-01   1.9108324e-01   1.7743659e-01   1.6494135e-01   1.5349537e-01   1.4301003e-01   1.3339798e-01   1.2458553e-01   1.1649843e-01   1.0907659e-01   1.0225740e-01   9.5993939e-02   9.0235063e-02   8.4949319e-02   8.0101186e-02   7.5685725e-02   7.1701388e-02   6.8209066e-02   6.5305730e-02   6.3249900e-02   6.2446118e-02   6.3808760e-02
   6.9526100e-02   7.6342529e-02   8.6162233e-02   9.9699429e-02   1.1771460e-01   1.4106106e-01   1.7067335e-01   2.0754867e-01   2.5273264e-01   3.0728104e-01   3.7223379e-01   4.4856428e-01   5.3714378e-01   6.3868577e-01   7.5370870e-01   8.8248561e-01   1.0250163e+00   1.1809936e+00   1.3497952e+00   1.5304755e+00   1.7217835e+00   1.9221828e+00   2.1298950e+00   2.3429424e+00   2.5592097e+00   2.7764984e+00   2.9925929e+00   3.2053141e+00   3.4125763e+00   3.6124277e+00   3.8030893e+00   3.9829756e+00   4.1507128e+00   4.3051400e+00   4.4453092e+00   4.5704728e+00   4.6800727e+00   4.7737210e+00   4.8511860e+00   4.9123731e+00   4.9573124e+00   4.9861444e+00   4.9991117e+00   4.9965492e+00   4.9788802e+00   4.9466100e+00   4.9003232e+00   4.8406791e+00   4.7684080e+00   4.6843055e+00   4.5892273e+00   4.4840811e+00   4.3698190e+00   4.2474274e+00   4.1179170e+00   3.9823122e+00   3.8416398e+00   3.6969181e+00   3.5491461e+00   3.3992938e+00   3.2482923e+00   3.0970264e+00   2.9463268e+00   2.7969645e+00   2.6496463e+00   2.5050116e+00   2.3636295e+00   2.2259995e+00   2.0925497e+00   1.9636401e+00   1.8395629e+00   1.7205469e+00   1.6067596e+00   1.4983128e+00   1.3952650e+00   1.2976283e+00   1.2053712e+00   1.1184252e+00   1.0366879e+00   9.6002975e-01   8.8829617e-01   8.2131473e-01   7.5889596e-01   7.0084060e-01   6.4693930e-01   5.9697965e-01   5.5074474e-01   5.0801997e-01   4.6859053e-01   4.3224800e-01   3.9878673e-01   3.6801044e-01   3.3972746e-01   3.1375748e-01   2.8992570e-01   2.6806990e-01   2.4803352e-01   2.2967317e-01   2.1285067e-01   1.9744129e-01   1.8332453e-01   1.7039339e-01   1.5854381e-01   1.4768521e-01   1.3772838e-01   1.2859775e-01   1.2021726e-01   1.1252506e-01   1.0545689e-01   9.8964182e-02   9.2994291e-02   8.7514200e-02   8.2486962e-02   7.7906006e-02   7.3768166e-02   7.0132129e-02   6.7092250e-02   6.4902763e-02   6.3962321e-02   6.5174403e-02
   7.0756418e-02   7.7374822e-02   8.6968131e-02   1.0024122e-01   1.1794460e-01   1.4092056e-01   1.7009167e-01   2.0644252e-01   2.5100562e-01   3.0482365e-01   3.6892378e-01   4.4426769e-01   5.3171645e-01   6.3197558e-01   7.4555846e-01   8.7273654e-01   1.0135121e+00   1.1675849e+00   1.3343445e+00   1.5128619e+00   1.7019081e+00   1.8999728e+00   2.1053081e+00   2.3159708e+00   2.5298825e+00   2.7448838e+00   2.9587992e+00   3.1694896e+00   3.3749081e+00   3.5731399e+00   3.7624401e+00   3.9412534e+00   4.1082321e+00   4.2622363e+00   4.4023337e+00   4.5277870e+00   4.6380425e+00   4.7327113e+00   4.8115550e+00   4.8744669e+00   4.9214600e+00   4.9526533e+00   4.9682632e+00   4.9685953e+00   4.9540400e+00   4.9250675e+00   4.8822252e+00   4.8261340e+00   4.7574851e+00   4.6770354e+00   4.5856022e+00   4.4840564e+00   4.3733148e+00   4.2543309e+00   4.1280857e+00   3.9955764e+00   3.8578066e+00   3.7157746e+00   3.5704634e+00   3.4228307e+00   3.2737993e+00   3.1242490e+00   2.9750093e+00   2.8268535e+00   2.6804931e+00   2.5365753e+00   2.3956797e+00   2.2583176e+00   2.1249313e+00   1.9958959e+00   1.8715197e+00   1.7520485e+00   1.6376669e+00   1.5285037e+00   1.4246346e+00   1.3260882e+00   1.2328488e+00   1.1448630e+00   1.0620426e+00   9.8427117e-01   9.1140610e-01   8.4328586e-01   7.7973072e-01   7.2055000e-01   6.6554180e-01   6.1450007e-01   5.6721325e-01   5.2347109e-01   4.8306224e-01   4.4578091e-01   4.1142336e-01   3.7979449e-01   3.5070327e-01   3.2396948e-01   2.9941801e-01   2.7688588e-01   2.5621553e-01   2.3726226e-01   2.1988644e-01   2.0396166e-01   1.8936570e-01   1.7598972e-01   1.6372781e-01   1.5248751e-01   1.4217777e-01   1.3272114e-01   1.2403982e-01   1.1607018e-01   1.0874634e-01   1.0201806e-01   9.5831206e-02   9.0151195e-02   8.4939643e-02   8.0188345e-02   7.5892515e-02   7.2108644e-02   6.8928498e-02   6.6602088e-02   6.5522279e-02   6.6581865e-02
   7.2028429e-02   7.8448638e-02   8.7816416e-02   1.0082749e-01   1.1822257e-01   1.4083314e-01   1.6957005e-01   2.0540552e-01   2.4935920e-01   3.0246088e-01   3.6572524e-01   4.4010238e-01   5.2644331e-01   6.2544569e-01   7.3761774e-01   8.6322923e-01   1.0022846e+00   1.1544903e+00   1.3192472e+00   1.4956424e+00   1.6824676e+00   1.8782383e+00   2.0812361e+00   2.2895510e+00   2.5011405e+00   2.7138832e+00   2.9256425e+00   3.1343183e+00   3.3379018e+00   3.5345142e+00   3.7224438e+00   3.9001656e+00   4.0663571e+00   4.2198996e+00   4.3598766e+00   4.4855616e+00   4.5964058e+00   4.6920202e+00   4.7721605e+00   4.8367092e+00   4.8856638e+00   4.9191226e+00   4.9372779e+00   4.9404071e+00   4.9288696e+00   4.9031015e+00   4.8636149e+00   4.8109934e+00   4.7458905e+00   4.6690253e+00   4.5811777e+00   4.4831823e+00   4.3759212e+00   4.2603157e+00   4.1373166e+00   4.0078944e+00   3.8730287e+00   3.7336977e+00   3.5908678e+00   3.4454836e+00   3.2984588e+00   3.1506676e+00   3.0029370e+00   2.8560413e+00   2.7106964e+00   2.5675561e+00   2.4272091e+00   2.2901781e+00   2.1569184e+00   2.0278194e+00   1.9032050e+00   1.7833371e+00   1.6684169e+00   1.5585901e+00   1.4539489e+00   1.3545381e+00   1.2603577e+00   1.1713695e+00   1.0874991e+00   1.0086434e+00   9.3467193e-01   8.6543410e-01   8.0076012e-01   7.4046808e-01   6.8436380e-01   6.3224783e-01   5.8391421e-01   5.3915733e-01   4.9776956e-01   4.5954801e-01   4.2429108e-01   3.9180513e-01   3.6189999e-01   3.3439574e-01   3.0911713e-01   2.8590065e-01   2.6458786e-01   2.4503292e-01   2.2709485e-01   2.1064569e-01   1.9556160e-01   1.8173196e-01   1.6904911e-01   1.5741871e-01   1.4674794e-01   1.3695752e-01   1.2796791e-01   1.1971373e-01   1.1212748e-01   1.0515726e-01   9.8747449e-02   9.2861883e-02   8.7460743e-02   8.2534186e-02   7.8075804e-02   7.4139907e-02   7.0815691e-02   6.8349007e-02   6.7127032e-02   6.8032081e-02
   7.3342959e-02   7.9564657e-02   8.8707600e-02   1.0145853e-01   1.1854857e-01   1.4079859e-01   1.6910798e-01   2.0443677e-01   2.4779202e-01   3.0019087e-01   3.6263570e-01   4.3606523e-01   5.2132053e-01   6.1909142e-01   7.2988100e-01   8.5395719e-01   9.9132648e-01   1.1417015e+00   1.3044938e+00   1.4788063e+00   1.6634507e+00   1.8569672e+00   2.0576661e+00   2.2636695e+00   2.4729698e+00   2.6834826e+00   2.8931091e+00   3.0997871e+00   3.3015449e+00   3.4965390e+00   3.6830906e+00   3.8597036e+00   4.0250813e+00   4.1781257e+00   4.3179364e+00   4.4437977e+00   4.5551667e+00   4.6516546e+00   4.7330125e+00   4.7991131e+00   4.8499394e+00   4.8855709e+00   4.9061767e+00   4.9120078e+00   4.9033938e+00   4.8807386e+00   4.8445199e+00   4.7952856e+00   4.7336528e+00   4.6603035e+00   4.5759814e+00   4.4814853e+00   4.3776636e+00   4.2654051e+00   4.1456311e+00   4.0192849e+00   3.8873223e+00   3.7507009e+00   3.6103700e+00   3.4672605e+00   3.3222760e+00   3.1762843e+00   3.0301092e+00   2.8845252e+00   2.7402510e+00   2.5979465e+00   2.4582085e+00   2.3215700e+00   2.1884985e+00   2.0593971e+00   1.9346044e+00   1.8143978e+00   1.6989946e+00   1.5885567e+00   1.4831925e+00   1.3829630e+00   1.2878835e+00   1.1979306e+00   1.1130442e+00   1.0331341e+00   9.5808210e-01   8.8774881e-01   8.2197446e-01   7.6058613e-01   7.0339755e-01   6.5021612e-01   6.0084175e-01   5.5507369e-01   5.1270833e-01   4.7354592e-01   4.3738726e-01   4.0404040e-01   3.7331625e-01   3.4503542e-01   3.1902273e-01   2.9511428e-01   2.7315095e-01   2.5298590e-01   2.3447692e-01   2.1749463e-01   2.0191364e-01   1.8762166e-01   1.7450933e-01   1.6248052e-01   1.5144066e-01   1.4130867e-01   1.3200332e-01   1.2345748e-01   1.1560205e-01   1.0838348e-01   1.0174466e-01   9.5647842e-02   9.0051775e-02   8.4944973e-02   8.0319408e-02   7.6227218e-02   7.2755054e-02   7.0144666e-02   6.8777637e-02   6.9526002e-02
   7.4700850e-02   8.0723583e-02   8.9642220e-02   1.0213470e-01   1.1892273e-01   1.4081678e-01   1.6870497e-01   2.0353542e-01   2.4630280e-01   2.9801186e-01   3.5965283e-01   4.3215327e-01   5.1634441e-01   6.1290833e-01   7.2234293e-01   8.4491423e-01   9.8063046e-01   1.1292101e+00   1.2900753e+00   1.4623437e+00   1.6448465e+00   1.8361478e+00   2.0345856e+00   2.2383133e+00   2.4453571e+00   2.6536685e+00   2.8611855e+00   3.0658829e+00   3.2658250e+00   3.4592031e+00   3.6443702e+00   3.8198592e+00   3.9843983e+00   4.1369103e+00   4.2765111e+00   4.4024961e+00   4.5143285e+00   4.6116208e+00   4.6941202e+00   4.7616907e+00   4.8143020e+00   4.8520158e+00   4.8749798e+00   4.8834197e+00   4.8776368e+00   4.8580044e+00   4.8249670e+00   4.7790382e+00   4.7207997e+00   4.6508977e+00   4.5700403e+00   4.4789918e+00   4.3785667e+00   4.2696223e+00   4.1530503e+00   4.0297669e+00   3.9007041e+00   3.7667983e+00   3.6289812e+00   3.4881697e+00   3.3452565e+00   3.2011021e+00   3.0565263e+00   2.9123028e+00   2.7691524e+00   2.6277398e+00   2.4886692e+00   2.3524831e+00   2.2196601e+00   2.0906163e+00   1.9657042e+00   1.8452163e+00   1.7293851e+00   1.6183884e+00   1.5123506e+00   1.4113481e+00   1.3154117e+00   1.2245326e+00   1.1386645e+00   1.0577307e+00   9.8162498e-01   9.1021924e-01   8.4336392e-01   7.8089526e-01   7.2263512e-01   6.6839795e-01   6.1798977e-01   5.7121497e-01   5.2787418e-01   4.8777105e-01   4.5070903e-01   4.1649809e-01   3.8495047e-01   3.5588749e-01   3.2913425e-01   3.0452666e-01   2.8190508e-01   2.6112179e-01   2.4203352e-01   2.2450957e-01   2.0842312e-01   1.9366027e-01   1.8011003e-01   1.6767458e-01   1.5625761e-01   1.4577632e-01   1.3614777e-01   1.2730315e-01   1.1917174e-01   1.1169838e-01   1.0482445e-01   9.8510641e-02   9.2714248e-02   8.7422154e-02   8.2624706e-02   7.8371886e-02   7.4747821e-02   7.1990219e-02   7.0475162e-02   7.1064597e-02
   7.6102966e-02   8.1926138e-02   9.0620839e-02   1.0285636e-01   1.1934519e-01   1.4088758e-01   1.6836061e-01   2.0270071e-01   2.4489037e-01   2.9592216e-01   3.5677442e-01   4.2836366e-01   5.1151144e-01   6.0689212e-01   7.1499844e-01   8.3609437e-01   9.7018970e-01   1.1170086e+00   1.2759829e+00   1.4462448e+00   1.6266444e+00   1.8157686e+00   2.0119826e+00   2.2134698e+00   2.4182895e+00   2.6244278e+00   2.8298587e+00   3.0325929e+00   3.2307302e+00   3.4224953e+00   3.6062728e+00   3.7806238e+00   3.9443014e+00   4.0962490e+00   4.2355986e+00   4.3616570e+00   4.4738943e+00   4.5719247e+00   4.6554923e+00   4.7244534e+00   4.7787655e+00   4.8184740e+00   4.8437062e+00   4.8546640e+00   4.8516219e+00   4.8349236e+00   4.8049821e+00   4.7622779e+00   4.7073583e+00   4.6408350e+00   4.5633813e+00   4.4757275e+00   4.3786553e+00   4.2729905e+00   4.1595954e+00   4.0393597e+00   3.9131907e+00   3.7820040e+00   3.6467131e+00   3.5082202e+00   3.3674066e+00   3.2251246e+00   3.0821893e+00   2.9393727e+00   2.7973967e+00   2.6569302e+00   2.5185834e+00   2.3829077e+00   2.2503922e+00   2.1214648e+00   1.9964914e+00   1.8757786e+00   1.7595740e+00   1.6480708e+00   1.5414085e+00   1.4396791e+00   1.3429282e+00   1.2511617e+00   1.1643471e+00   1.0824208e+00   1.0052889e+00   9.3283458e-01   8.6491858e-01   8.0138647e-01   7.4206840e-01   6.8678612e-01   6.3535198e-01   5.8757573e-01   5.4326250e-01   5.0221958e-01   4.6425330e-01   4.2917579e-01   3.9680084e-01   3.6695072e-01   3.3945098e-01   3.1413752e-01   2.9085036e-01   2.6944106e-01   2.4976541e-01   2.3169151e-01   2.1509121e-01   1.9984912e-01   1.8585270e-01   1.7300245e-01   1.6120044e-01   1.5036213e-01   1.4040297e-01   1.3125244e-01   1.2283825e-01   1.1510362e-01   1.0798844e-01   1.0145184e-01   9.5449671e-02   8.9967175e-02   8.4993080e-02   8.0575226e-02   7.6795235e-02   7.3886831e-02   7.2220687e-02   7.2648845e-02
   7.7550184e-02   8.3173066e-02   9.1644045e-02   1.0362393e-01   1.1981615e-01   1.4101095e-01   1.6807455e-01   2.0193192e-01   2.4355362e-01   2.9392022e-01   3.5399837e-01   4.2469372e-01   5.0681826e-01   6.0103871e-01   7.0784264e-01   8.2749187e-01   9.5999756e-01   1.1050892e+00   1.2622081e+00   1.4305003e+00   1.6088341e+00   1.7958187e+00   1.9898452e+00   2.1891267e+00   2.3917541e+00   2.5957476e+00   2.7991159e+00   2.9999047e+00   3.1962484e+00   3.3864045e+00   3.5687884e+00   3.7419891e+00   3.9047840e+00   4.0561370e+00   4.1951962e+00   4.3212804e+00   4.4338666e+00   4.5325714e+00   4.6171366e+00   4.6874118e+00   4.7433433e+00   4.7849613e+00   4.8123741e+00   4.8257611e+00   4.8253712e+00   4.8115201e+00   4.7845904e+00   4.7450306e+00   4.6933551e+00   4.6301418e+00   4.5560304e+00   4.4717178e+00   4.3779535e+00   4.2755323e+00   4.1652877e+00   4.0480822e+00   3.9247992e+00   3.7963326e+00   3.6635777e+00   3.5274214e+00   3.3887330e+00   3.2483559e+00   3.1070998e+00   2.9657340e+00   2.8249809e+00   2.6855123e+00   2.5479440e+00   2.4128352e+00   2.2806844e+00   2.1519309e+00   2.0269532e+00   1.9060714e+00   1.7895476e+00   1.6775895e+00   1.5703519e+00   1.4679416e+00   1.3704190e+00   1.2778043e+00   1.1900789e+00   1.1071921e+00   1.0290623e+00   9.5558398e-01   8.8662843e-01   8.2205061e-01   7.6168914e-01   7.0537329e-01   6.5292190e-01   6.0415034e-01   5.5886848e-01   5.1688746e-01   4.7801676e-01   4.4207089e-01   4.0886539e-01   3.7822369e-01   3.4997201e-01   3.2394642e-01   2.9998675e-01   2.7794401e-01   2.5767319e-01   2.3904131e-01   2.2191901e-01   2.0618948e-01   1.9173872e-01   1.7846563e-01   1.6627070e-01   1.5506773e-01   1.4477055e-01   1.3530699e-01   1.2660321e-01   1.1860082e-01   1.1123822e-01   1.0447299e-01   9.8259541e-02   9.2581479e-02   8.7425913e-02   8.2838553e-02   7.8898544e-02   7.5835677e-02   7.4015303e-02   7.4279741e-02
   7.9043396e-02   8.4465130e-02   9.2712449e-02   1.0443784e-01   1.2033583e-01   1.4118685e-01   1.6784648e-01   2.0122841e-01   2.4229150e-01   2.9200454e-01   3.5132268e-01   4.2114086e-01   5.0226164e-01   5.9534417e-01   7.0087082e-01   8.1910122e-01   9.5004767e-01   1.0934447e+00   1.2487427e+00   1.4151011e+00   1.5914057e+00   1.7762872e+00   1.9681623e+00   2.1652721e+00   2.3657388e+00   2.5676154e+00   2.7689445e+00   2.9678061e+00   3.1623679e+00   3.3509199e+00   3.5319073e+00   3.7039466e+00   3.8658392e+00   4.0165693e+00   4.1553013e+00   4.2813658e+00   4.3942474e+00   4.4935654e+00   4.5790603e+00   4.6505758e+00   4.7080480e+00   4.7514929e+00   4.7810010e+00   4.7967306e+00   4.7989063e+00   4.7878169e+00   4.7638160e+00   4.7273215e+00   4.6788157e+00   4.6188440e+00   4.5480132e+00   4.4669878e+00   4.3764855e+00   4.2772707e+00   4.1701481e+00   4.0559537e+00   3.9355465e+00   3.8097989e+00   3.6795874e+00   3.5457832e+00   3.4092429e+00   3.2708009e+00   3.1312601e+00   2.9913867e+00   2.8519026e+00   2.7134816e+00   2.5767446e+00   2.4422572e+00   2.3105270e+00   2.1820037e+00   2.0570777e+00   1.9360820e+00   1.8192923e+00   1.7069308e+00   1.5991668e+00   1.4961217e+00   1.3978704e+00   1.3044471e+00   1.2158470e+00   1.1320322e+00   1.0529334e+00   9.7845654e-01   9.0848337e-01   8.4287843e-01   7.8148897e-01   7.2415192e-01   6.7069287e-01   6.2093300e-01   5.7468711e-01   5.3177048e-01   4.9199592e-01   4.5518055e-01   4.2114191e-01   3.8970478e-01   3.6069623e-01   3.3395272e-01   3.0931403e-01   2.8663080e-01   2.6575733e-01   2.4655971e-01   2.2890747e-01   2.1268249e-01   1.9776939e-01   1.8406554e-01   1.7146991e-01   1.5989467e-01   1.4925211e-01   1.3946843e-01   1.3046824e-01   1.2219157e-01   1.1457536e-01   1.0757563e-01   1.0114535e-01   9.5266505e-02   8.9924587e-02   8.5163190e-02   8.1059002e-02   7.7837937e-02   7.5860110e-02   7.5958292e-02
   8.0583511e-02   8.5803110e-02   9.3826684e-02   1.0529854e-01   1.2090449e-01   1.4141530e-01   1.6767614e-01   2.0058961e-01   2.4110307e-01   2.9017374e-01   3.4874547e-01   4.1770265e-01   4.9783852e-01   5.8980475e-01   6.9407850e-01   8.1091710e-01   9.4033388e-01   1.0820681e+00   1.2355789e+00   1.4000384e+00   1.5743496e+00   1.7571640e+00   1.9469226e+00   2.1418944e+00   2.3402316e+00   2.5400191e+00   2.7393325e+00   2.9362851e+00   3.1290773e+00   3.3160307e+00   3.4956197e+00   3.6664879e+00   3.8274602e+00   3.9775409e+00   4.1159108e+00   4.2419124e+00   4.3550382e+00   4.4549109e+00   4.5412702e+00   4.6139547e+00   4.6728912e+00   4.7180829e+00   4.7496034e+00   4.7675911e+00   4.7722477e+00   4.7638361e+00   4.7426825e+00   4.7091750e+00   4.6637651e+00   4.6069667e+00   4.5393548e+00   4.4615619e+00   4.3742748e+00   4.2782280e+00   4.1741977e+00   4.0629934e+00   3.9454499e+00   3.8224179e+00   3.6947548e+00   3.5633157e+00   3.4289443e+00   3.2924647e+00   3.1546731e+00   3.0163313e+00   2.8781600e+00   2.7408345e+00   2.6049794e+00   2.4711664e+00   2.3399111e+00   2.2116730e+00   2.0868535e+00   1.9657980e+00   1.8487954e+00   1.7360815e+00   1.6278397e+00   1.5242058e+00   1.4252688e+00   1.3310769e+00   1.2416385e+00   1.1569288e+00   1.0768906e+00   1.0014413e+00   9.3047326e-01   8.6386059e-01   8.0145938e-01   7.4311436e-01   6.8865807e-01   6.3791768e-01   5.9071320e-01   5.4686419e-01   5.0618706e-01   4.6850176e-01   4.3362802e-01   4.0139218e-01   3.7162238e-01   3.4415562e-01   3.1883184e-01   2.9550142e-01   2.7401816e-01   2.5424733e-01   2.3605745e-01   2.1932921e-01   2.0394591e-01   1.8980351e-01   1.7679949e-01   1.6484447e-01   1.5384922e-01   1.4373833e-01   1.3443492e-01   1.2587746e-01   1.1800141e-01   1.1076128e-01   1.0410858e-01   9.8023688e-02   9.2490482e-02   8.7550456e-02   8.3277865e-02   7.9894798e-02   7.7756217e-02   7.7685515e-02
   8.2171449e-02   8.7187803e-02   9.4987404e-02   1.0620653e-01   1.2152242e-01   1.4169638e-01   1.6756332e-01   2.0001498e-01   2.3998743e-01   2.8842651e-01   3.4626495e-01   4.1437675e-01   4.9354597e-01   5.8441684e-01   6.8746134e-01   8.0293443e-01   9.3085027e-01   1.0709526e+00   1.2227089e+00   1.3853039e+00   1.5576565e+00   1.7384389e+00   1.9261156e+00   2.1189823e+00   2.3152207e+00   2.5129466e+00   2.7102678e+00   2.9053299e+00   3.0963654e+00   3.2817262e+00   3.4599161e+00   3.6296045e+00   3.7896400e+00   3.9390466e+00   4.0770214e+00   4.2029191e+00   4.3162402e+00   4.4166115e+00   4.5037723e+00   4.5775570e+00   4.6378841e+00   4.6847448e+00   4.7181971e+00   4.7383606e+00   4.7454151e+00   4.7395993e+00   4.7212125e+00   4.6906147e+00   4.6482278e+00   4.5945347e+00   4.5300797e+00   4.4554643e+00   4.3713448e+00   4.2784265e+00   4.1774573e+00   4.0692205e+00   3.9545267e+00   3.8342047e+00   3.7090928e+00   3.5800297e+00   3.4478454e+00   3.3133534e+00   3.1773422e+00   3.0405688e+00   2.9037521e+00   2.7675677e+00   2.6326432e+00   2.4995558e+00   2.3688283e+00   2.2409290e+00   2.1162698e+00   1.9952077e+00   1.8780443e+00   1.7650285e+00   1.6563574e+00   1.5521807e+00   1.4526011e+00   1.3576806e+00   1.2674408e+00   1.1818698e+00   1.1009224e+00   1.0245275e+00   9.5258790e-01   8.8498767e-01   8.2159174e-01   7.6225280e-01   7.0681050e-01   6.5509823e-01   6.0694134e-01   5.6216397e-01   5.2058628e-01   4.8203129e-01   4.4632112e-01   4.1328390e-01   3.8274900e-01   3.5455415e-01   3.2853963e-01   3.0455573e-01   2.8245587e-01   2.6210463e-01   2.4336967e-01   2.2613056e-01   2.1026941e-01   1.9568079e-01   1.8226081e-01   1.6991857e-01   1.5856336e-01   1.4811823e-01   1.3850480e-01   1.2966003e-01   1.2151792e-01   1.1403144e-01   1.0715070e-01   1.0085445e-01   9.5124974e-02   9.0001672e-02   8.5556393e-02   8.2007454e-02   7.9704742e-02   7.9462439e-02
   8.3808145e-02   8.8620024e-02   9.6195284e-02   1.0716232e-01   1.2218994e-01   1.4203018e-01   1.6750785e-01   1.9950407e-01   2.3894376e-01   2.8676163e-01   3.4387942e-01   4.1116095e-01   4.8938118e-01   5.7917699e-01   6.8101519e-01   7.9514830e-01   9.2159116e-01   1.0600917e+00   1.2101256e+00   1.3708892e+00   1.5413176e+00   1.7201022e+00   1.9057308e+00   2.0965251e+00   2.2906950e+00   2.4863866e+00   2.6817389e+00   2.8749292e+00   3.0642209e+00   3.2479962e+00   3.4247868e+00   3.5932881e+00   3.7523716e+00   3.9010811e+00   4.0386297e+00   4.1643845e+00   4.2778542e+00   4.3786702e+00   4.4665722e+00   4.5413907e+00   4.6030371e+00   4.6514913e+00   4.6867971e+00   4.7090560e+00   4.7184274e+00   4.7151267e+00   4.6994280e+00   4.6716637e+00   4.6322271e+00   4.5815719e+00   4.5202119e+00   4.4487186e+00   4.3677186e+00   4.2778881e+00   4.1799475e+00   4.0746541e+00   3.9627942e+00   3.8451748e+00   3.7226148e+00   3.5959361e+00   3.4659548e+00   3.3334731e+00   3.1992714e+00   3.0641012e+00   2.9286783e+00   2.7936786e+00   2.6597318e+00   2.5274194e+00   2.3972708e+00   2.2697625e+00   2.1453162e+00   2.0242999e+00   1.9070270e+00   1.7937593e+00   1.6847070e+00   1.5800332e+00   1.4798543e+00   1.3842454e+00   1.2932415e+00   1.2068431e+00   1.1250172e+00   1.0477040e+00   9.7481706e-01   9.0625019e-01   8.4187733e-01   7.8155932e-01   7.2514305e-01   6.7246830e-01   6.2336599e-01   5.7766500e-01   5.3518949e-01   4.9576572e-01   4.5921845e-01   4.2537774e-01   3.9407444e-01   3.6514717e-01   3.3843670e-01   3.1379342e-01   2.9107050e-01   2.7013198e-01   2.5084475e-01   2.3308740e-01   2.1674090e-01   2.0169856e-01   1.8785515e-01   1.7511834e-01   1.6339597e-01   1.5260959e-01   1.4267940e-01   1.3354079e-01   1.2512637e-01   1.1738761e-01   1.1027317e-01   1.0376022e-01   9.7829433e-02   9.2518157e-02   8.7895848e-02   8.4177100e-02   8.1706808e-02   8.1290101e-02
   8.5494542e-02   9.0100601e-02   9.7451017e-02   1.0816644e-01   1.2290741e-01   1.4241683e-01   1.6750963e-01   1.9905645e-01   2.3797131e-01   2.8517793e-01   3.4158729e-01   4.0805315e-01   4.8534149e-01   5.7408193e-01   6.7473609e-01   7.8755401e-01   9.1255107e-01   1.0494792e+00   1.1978217e+00   1.3567866e+00   1.5253241e+00   1.7021446e+00   1.8857583e+00   2.0745119e+00   2.2666433e+00   2.4603276e+00   2.6537344e+00   2.8450716e+00   3.0326331e+00   3.2148303e+00   3.3902224e+00   3.5575304e+00   3.7156481e+00   3.8636389e+00   4.0007320e+00   4.1263068e+00   4.2398807e+00   4.3410899e+00   4.4296748e+00   4.5054632e+00   4.5683599e+00   4.6183347e+00   4.6554176e+00   4.6796938e+00   4.6913029e+00   4.6904384e+00   4.6773500e+00   4.6523440e+00   4.6157863e+00   4.5681016e+00   4.5097748e+00   4.4413480e+00   4.3634186e+00   4.2766346e+00   4.1816890e+00   4.0793132e+00   3.9702698e+00   3.8553436e+00   3.7353341e+00   3.6110462e+00   3.4832815e+00   3.3528307e+00   3.2204652e+00   3.0869305e+00   2.9529389e+00   2.8191654e+00   2.6862411e+00   2.5547515e+00   2.4252314e+00   2.2981651e+00   2.1739831e+00   2.0530639e+00   1.9357322e+00   1.8222619e+00   1.7128761e+00   1.6077508e+00   1.5070156e+00   1.4107588e+00   1.3190282e+00   1.2318368e+00   1.1491636e+00   1.0709601e+00   9.9715050e-01   9.2763859e-01   8.6230736e-01   8.0102587e-01   7.4364845e-01   6.9002140e-01   6.3998142e-01   5.9336230e-01   5.4999241e-01   5.0970148e-01   4.7231704e-01   4.3767136e-01   4.0559689e-01   3.7593336e-01   3.4852220e-01   3.2321404e-01   2.9986197e-01   2.7832960e-01   2.5848318e-01   2.4020043e-01   2.2336130e-01   2.0785789e-01   1.9358372e-01   1.8044508e-01   1.6834843e-01   1.5721387e-01   1.4696016e-01   1.3752122e-01   1.2882826e-01   1.2083124e-01   1.1347742e-01   1.0674238e-01   1.0060522e-01   9.5101227e-02   9.0297488e-02   8.6404935e-02   8.3763544e-02   8.3169548e-02
   8.7231597e-02   9.1630376e-02   9.8755316e-02   1.0921945e-01   1.2367520e-01   1.4285650e-01   1.6756858e-01   1.9867177e-01   2.3706939e-01   2.8367435e-01   3.3938705e-01   4.0505133e-01   4.8142434e-01   5.6912847e-01   6.6862021e-01   7.8014703e-01   9.0372472e-01   1.0391090e+00   1.1857905e+00   1.3429884e+00   1.5096675e+00   1.6845570e+00   1.8661882e+00   2.0529327e+00   2.2430549e+00   2.4347588e+00   2.6262432e+00   2.8157463e+00   3.0015913e+00   3.1822184e+00   3.3562137e+00   3.5223230e+00   3.6794623e+00   3.8267145e+00   3.9633244e+00   4.0886841e+00   4.2023198e+00   4.3038726e+00   4.3930846e+00   4.4697814e+00   4.5338617e+00   4.5852861e+00   4.6240722e+00   4.6502893e+00   4.6640589e+00   4.6655533e+00   4.6549989e+00   4.6326773e+00   4.5989274e+00   4.5541466e+00   4.4987914e+00   4.4333752e+00   4.3584672e+00   4.2746873e+00   4.1827020e+00   4.0832169e+00   3.9769708e+00   3.8647268e+00   3.7472645e+00   3.6253716e+00   3.4998350e+00   3.3714334e+00   3.2409287e+00   3.1090596e+00   2.9765346e+00   2.8440267e+00   2.7121681e+00   2.5815471e+00   2.4527037e+00   2.3261287e+00   2.2022613e+00   2.0814894e+00   1.9641487e+00   1.8505246e+00   1.7408525e+00   1.6353210e+00   1.5340726e+00   1.4372084e+00   1.3447887e+00   1.2568390e+00   1.1733501e+00   1.0942848e+00   1.0195780e+00   9.4914331e-01   8.8287295e-01   8.2064433e-01   7.6231931e-01   7.0775091e-01   6.5678174e-01   6.0925072e-01   5.6499061e-01   5.2383477e-01   4.8561376e-01   4.5016220e-01   4.1731435e-01   3.8691123e-01   3.5879511e-01   3.3281698e-01   3.0883002e-01   2.8669756e-01   2.6628534e-01   2.4747028e-01   2.3013143e-01   2.1415977e-01   1.9944765e-01   1.8590004e-01   1.7342208e-01   1.6193244e-01   1.5134851e-01   1.4160277e-01   1.3262502e-01   1.2436377e-01   1.1676488e-01   1.0980235e-01   1.0345370e-01   9.7752190e-02   9.2762575e-02   8.8692160e-02   8.5876083e-02   8.5101831e-02
   8.9020275e-02   9.3210205e-02   1.0010891e-01   1.1032193e-01   1.2449372e-01   1.4334940e-01   1.6768465e-01   1.9834971e-01   2.3623735e-01   2.8224989e-01   3.3727728e-01   4.0215360e-01   4.7762729e-01   5.6431361e-01   6.6266390e-01   7.7292302e-01   8.9510704e-01   1.0289753e+00   1.1740254e+00   1.3294871e+00   1.4943399e+00   1.6673304e+00   1.8470111e+00   2.0317773e+00   2.2199195e+00   2.4096693e+00   2.5992546e+00   2.7869425e+00   2.9710851e+00   3.1501506e+00   3.3227514e+00   3.4876577e+00   3.6438074e+00   3.7903023e+00   3.9264030e+00   4.0515142e+00   4.1651711e+00   4.2670204e+00   4.3568059e+00   4.4343515e+00   4.4995510e+00   4.5523564e+00   4.5927737e+00   4.6208576e+00   4.6367121e+00   4.6404896e+00   4.6323945e+00   4.6126842e+00   4.5816722e+00   4.5397291e+00   4.4872840e+00   4.4248225e+00   4.3528861e+00   4.2720675e+00   4.1830066e+00   4.0863840e+00   3.9829147e+00   3.8733399e+00   3.7584197e+00   3.6389240e+00   3.5156250e+00   3.3892888e+00   3.2606672e+00   3.1304920e+00   2.9994665e+00   2.8682618e+00   2.7375101e+00   2.6078019e+00   2.4796816e+00   2.3536460e+00   2.2301421e+00   2.1095669e+00   1.9922660e+00   1.8785363e+00   1.7686246e+00   1.6627320e+00   1.5610132e+00   1.4635820e+00   1.3705111e+00   1.2818381e+00   1.1975655e+00   1.1176673e+00   1.0420892e+00   9.7075472e-01   9.0356518e-01   8.4040648e-01   7.8114814e-01   7.2565007e-01   6.7376093e-01   6.2532496e-01   5.8017946e-01   5.3816166e-01   4.9910529e-01   4.6284755e-01   4.2922468e-01   3.9807915e-01   3.6925423e-01   3.4260148e-01   3.1797429e-01   2.9523583e-01   2.7425145e-01   2.5489744e-01   2.3705200e-01   2.2060510e-01   2.0544799e-01   1.9148438e-01   1.7861816e-01   1.6676663e-01   1.5584584e-01   1.4578683e-01   1.3651808e-01   1.2798662e-01   1.2013694e-01   1.1294148e-01   1.0637620e-01   1.0047235e-01   9.5292362e-02   9.1039975e-02   8.8045561e-02   8.7088011e-02
   9.0861547e-02   9.4840956e-02   1.0151254e-01   1.1147448e-01   1.2536340e-01   1.4389575e-01   1.6785786e-01   1.9809001e-01   2.3547463e-01   2.8090360e-01   3.3525662e-01   3.9935816e-01   4.7394804e-01   5.5963446e-01   6.5686363e-01   7.6587778e-01   8.8669314e-01   1.0190724e+00   1.1625199e+00   1.3162758e+00   1.4793334e+00   1.6504564e+00   1.8282178e+00   2.0110360e+00   2.1972268e+00   2.3850489e+00   2.5727579e+00   2.7586496e+00   2.9411042e+00   3.1186170e+00   3.2898264e+00   3.4535263e+00   3.6086762e+00   3.7543965e+00   3.8899637e+00   4.0147948e+00   4.1284344e+00   4.2305348e+00   4.3208421e+00   4.3991794e+00   4.4654358e+00   4.5195557e+00   4.5615344e+00   4.5914128e+00   4.6092785e+00   4.6152651e+00   4.6095558e+00   4.5923850e+00   4.5640416e+00   4.5248707e+00   4.4752744e+00   4.4157118e+00   4.3466969e+00   4.2687960e+00   4.1826228e+00   4.0888333e+00   3.9881187e+00   3.8811988e+00   3.7688136e+00   3.6517157e+00   3.5306617e+00   3.4064048e+00   3.2796868e+00   3.1512312e+00   3.0217365e+00   2.8918706e+00   2.7622651e+00   2.6335121e+00   2.5061597e+00   2.3807102e+00   2.2576175e+00   2.1372870e+00   2.0200741e+00   1.9062861e+00   1.7961811e+00   1.6899719e+00   1.5878256e+00   1.4898678e+00   1.3961836e+00   1.3068224e+00   1.2217985e+00   1.1410970e+00   1.0646741e+00   9.9246322e-01   9.2437506e-01   8.6030400e-01   8.0012736e-01   7.4371199e-01   6.9091282e-01   6.4157953e-01   5.9555419e-01   5.5267802e-01   5.1278816e-01   4.7572452e-01   4.4132553e-01   4.0943529e-01   3.7989823e-01   3.5256663e-01   3.2729423e-01   3.0394421e-01   2.8238166e-01   2.6248230e-01   2.4412362e-01   2.2719468e-01   2.1158569e-01   1.9719919e-01   1.8393788e-01   1.7171771e-01   1.6045346e-01   1.5007478e-01   1.4050882e-01   1.3170118e-01   1.2359499e-01   1.1616115e-01   1.0937407e-01   1.0326300e-01   9.7888100e-02   9.3449578e-02   9.0273115e-02   8.9129151e-02
   9.2756394e-02   9.6523505e-02   1.0296696e-01   1.1267773e-01   1.2628470e-01   1.4449583e-01   1.6808824e-01   1.9789244e-01   2.3478070e-01   2.7963462e-01   3.3332382e-01   3.9666329e-01   4.7038436e-01   5.5508824e-01   6.5121605e-01   7.5900732e-01   8.7847832e-01   1.0093949e+00   1.1512680e+00   1.3033475e+00   1.4646402e+00   1.6339267e+00   1.8097995e+00   1.9906995e+00   2.1749671e+00   2.3608872e+00   2.5467430e+00   2.7308575e+00   2.9116386e+00   3.0876081e+00   3.2574297e+00   3.4199207e+00   3.5740616e+00   3.7189914e+00   3.8540021e+00   3.9785232e+00   4.0921087e+00   4.1944168e+00   4.2851966e+00   4.3642703e+00   4.4315234e+00   4.4868935e+00   4.5303658e+00   4.5619684e+00   4.5817734e+00   4.5898966e+00   4.5865010e+00   4.5717990e+00   4.5460561e+00   4.5095922e+00   4.4627841e+00   4.4060642e+00   4.3399206e+00   4.2648932e+00   4.1815703e+00   4.0905833e+00   3.9926003e+00   3.8883193e+00   3.7784605e+00   3.6637588e+00   3.5449552e+00   3.4227898e+00   3.2979935e+00   3.1712817e+00   3.0433468e+00   2.9148532e+00   2.7864314e+00   2.6586745e+00   2.5321333e+00   2.4073150e+00   2.2846799e+00   2.1646412e+00   2.0475634e+00   1.9337637e+00   1.8235111e+00   1.7170296e+00   1.6144981e+00   1.5160542e+00   1.4217947e+00   1.3317808e+00   1.2460382e+00   1.1645632e+00   1.0873224e+00   1.0142592e+00   9.4529358e-01   8.8032855e-01   8.1924926e-01   7.6192968e-01   7.0823112e-01   6.5800886e-01   6.1110987e-01   5.6737960e-01   5.2665873e-01   4.8879007e-01   4.5361442e-01   4.2097768e-01   3.9072561e-01   3.6271137e-01   3.3678920e-01   3.1282241e-01   2.9067596e-01   2.7022513e-01   2.5134681e-01   2.3392922e-01   2.1786163e-01   2.0304550e-01   1.8938234e-01   1.7678689e-01   1.6517265e-01   1.5446792e-01   1.4459857e-01   1.3550879e-01   1.2714038e-01   1.1946269e-01   1.1244861e-01   1.0612543e-01   1.0055103e-01   9.5922167e-02   9.2559885e-02   9.1226317e-02
   9.4705802e-02   9.8258741e-02   1.0447296e-01   1.1393230e-01   1.2725809e-01   1.4514993e-01   1.6837587e-01   1.9775684e-01   2.3415509e-01   2.7844215e-01   3.3147769e-01   3.9406738e-01   4.6693416e-01   5.5067232e-01   6.4571793e-01   7.5230776e-01   8.7045805e-01   9.9993764e-01   1.1402636e+00   1.2906956e+00   1.4502532e+00   1.6177332e+00   1.7917475e+00   1.9707585e+00   2.1531307e+00   2.3371746e+00   2.5211996e+00   2.7035560e+00   2.8826783e+00   3.0571144e+00   3.2255525e+00   3.3868329e+00   3.5399568e+00   3.6840812e+00   3.8185138e+00   3.9426967e+00   4.0561930e+00   4.1586674e+00   4.2498721e+00   4.3296292e+00   4.3978210e+00   4.4543789e+00   4.4992788e+00   4.5325372e+00   4.5542115e+00   4.5644003e+00   4.5632478e+00   4.5509452e+00   4.5277353e+00   4.4939142e+00   4.4498337e+00   4.3959008e+00   4.3325779e+00   4.2603793e+00   4.1798685e+00   4.0916525e+00   3.9963765e+00   3.8947170e+00   3.7873745e+00   3.6750657e+00   3.5585162e+00   3.4384524e+00   3.3155942e+00   3.1906481e+00   3.0643001e+00   2.9372106e+00   2.8100082e+00   2.6832862e+00   2.5575979e+00   2.4334546e+00   2.3113223e+00   2.1916214e+00   2.0747248e+00   1.9609592e+00   1.8506040e+00   1.7438941e+00   1.6410196e+00   1.5421297e+00   1.4473329e+00   1.3567019e+00   1.2702736e+00   1.1880553e+00   1.1100239e+00   1.0361330e+00   9.6631170e-01   9.0047170e-01   8.3850609e-01   7.8029606e-01   7.2570941e-01   6.7460718e-01   6.2684143e-01   5.8226196e-01   5.4071317e-01   5.0204098e-01   4.6608870e-01   4.3270419e-01   4.0173473e-01   3.7303449e-01   3.4645838e-01   3.2186997e-01   2.9913421e-01   2.7812608e-01   2.5872196e-01   2.4080933e-01   2.2427661e-01   2.0902422e-01   1.9495262e-01   1.8197532e-01   1.7000463e-01   1.5896755e-01   1.4878866e-01   1.3941080e-01   1.3077443e-01   1.2284742e-01   1.1560114e-01   1.0906091e-01   1.0328240e-01   9.8458932e-02   9.4907006e-02   9.3380581e-02
   9.6710762e-02   1.0004756e-01   1.0603131e-01   1.1523885e-01   1.2828408e-01   1.4585837e-01   1.6872086e-01   1.9768306e-01   2.3359739e-01   2.7732544e-01   3.2971711e-01   3.9156887e-01   4.6359541e-01   5.4638416e-01   6.4036616e-01   7.4577540e-01   8.6262797e-01   9.9069552e-01   1.1295011e+00   1.2783136e+00   1.4361652e+00   1.6018683e+00   1.7740534e+00   1.9512042e+00   2.1317084e+00   2.3139012e+00   2.4961180e+00   2.6767354e+00   2.8542139e+00   3.0271266e+00   3.1941861e+00   3.3542549e+00   3.5063545e+00   3.6496601e+00   3.7834945e+00   3.9073122e+00   4.0206860e+00   4.1232872e+00   4.2148710e+00   4.2952604e+00   4.3643348e+00   4.4220201e+00   4.4682840e+00   4.5031316e+00   4.5266066e+00   4.5387919e+00   4.5398132e+00   4.5298417e+00   4.5090984e+00   4.4778565e+00   4.4364435e+00   4.3852419e+00   4.3246890e+00   4.2552743e+00   4.1775366e+00   4.0920592e+00   3.9994646e+00   3.9004079e+00   3.7955698e+00   3.6856491e+00   3.5713555e+00   3.4534017e+00   3.3324959e+00   3.2093355e+00   3.0845997e+00   2.9589440e+00   2.8329949e+00   2.7073452e+00   2.5825499e+00   2.4591238e+00   2.3375381e+00   2.2182197e+00   2.1015495e+00   1.9878632e+00   1.8774498e+00   1.7705548e+00   1.6673792e+00   1.5680834e+00   1.4727872e+00   1.3815747e+00   1.2944939e+00   1.2115627e+00   1.1327687e+00   1.0580750e+00   9.8742039e-01   9.2072501e-01   8.5789002e-01   7.9880393e-01   7.4334116e-01   6.9136865e-01   6.4274367e-01   5.9732053e-01   5.5494755e-01   5.1547388e-01   4.7874555e-01   4.4461253e-01   4.1292377e-01   3.8353463e-01   3.5630081e-01   3.3108631e-01   3.0775617e-01   2.8618519e-01   2.6624937e-01   2.4783552e-01   2.3083132e-01   2.1513623e-01   2.0064970e-01   1.8728409e-01   1.7495057e-01   1.6357487e-01   1.5308034e-01   1.4340848e-01   1.3449846e-01   1.2631664e-01   1.1883292e-01   1.1207070e-01   1.0608343e-01   1.0106106e-01   9.7315615e-02   9.5593013e-02
   9.8772267e-02   1.0189086e-01   1.0764280e-01   1.1659806e-01   1.2936318e-01   1.4662148e-01   1.6912335e-01   1.9767101e-01   2.3310722e-01   2.7628380e-01   3.2804103e-01   3.8916632e-01   4.6036621e-01   5.4222136e-01   6.3515777e-01   7.3940667e-01   8.5498388e-01   9.8166370e-01   1.1189749e+00   1.2661953e+00   1.4223692e+00   1.5863243e+00   1.7567091e+00   1.9320279e+00   2.1106910e+00   2.2910577e+00   2.4714887e+00   2.6503861e+00   2.8262357e+00   2.9976356e+00   3.1633218e+00   3.3221787e+00   3.4732479e+00   3.6157222e+00   3.7489395e+00   3.8723668e+00   3.9855864e+00   4.0882762e+00   4.1801956e+00   4.2611679e+00   4.3310709e+00   4.3898252e+00   4.4373910e+00   4.4737631e+00   4.4989723e+00   4.5130863e+00   4.5162136e+00   4.5085060e+00   4.4901640e+00   4.4614382e+00   4.4226332e+00   4.3741074e+00   4.3162739e+00   4.2495976e+00   4.1745936e+00   4.0918215e+00   4.0018816e+00   3.9054077e+00   3.8030607e+00   3.6955217e+00   3.5834841e+00   3.4676467e+00   3.3487059e+00   3.2273495e+00   3.1042491e+00   2.9800553e+00   2.8553915e+00   2.7308498e+00   2.6069860e+00   2.4843180e+00   2.3633213e+00   2.2444291e+00   2.1280295e+00   2.0144666e+00   1.9040387e+00   1.7970015e+00   1.6935662e+00   1.5939044e+00   1.4981468e+00   1.4063884e+00   1.3186884e+00   1.2350752e+00   1.1555466e+00   1.0800758e+00   1.0086106e+00   9.4107998e-01   8.7739316e-01   8.1744604e-01   7.6111976e-01   7.0828728e-01   6.5881123e-01   6.1255060e-01   5.6935775e-01   5.2908526e-01   4.9158201e-01   4.5670026e-01   4.2429080e-01   3.9421030e-01   3.6631543e-01   3.4047071e-01   3.1654146e-01   2.9440239e-01   2.7392921e-01   2.5500821e-01   2.3752636e-01   2.2138228e-01   2.0647448e-01   1.9271423e-01   1.8001158e-01   1.6829106e-01   1.5747485e-01   1.4750309e-01   1.3831372e-01   1.2987163e-01   1.2214523e-01   1.1515605e-01   1.0895534e-01   1.0372973e-01   9.9786843e-02   9.7864684e-02
   1.0089131e-01   1.0378956e-01   1.0930825e-01   1.1801060e-01   1.3049595e-01   1.4743965e-01   1.6958352e-01   1.9772064e-01   2.3268427e-01   2.7531660e-01   3.2644847e-01   3.8685836e-01   4.5724475e-01   5.3818160e-01   6.3008994e-01   7.3319816e-01   8.4752176e-01   9.7283751e-01   1.1086797e+00   1.2543347e+00   1.4088587e+00   1.5710940e+00   1.7397068e+00   1.9132213e+00   2.0900697e+00   2.2686351e+00   2.4473024e+00   2.6244986e+00   2.7987346e+00   2.9686325e+00   3.1329511e+00   3.2905966e+00   3.4406301e+00   3.5822616e+00   3.7148441e+00   3.8378570e+00   3.9508923e+00   4.0536347e+00   4.1458475e+00   4.2273555e+00   4.2980347e+00   4.3578016e+00   4.4066092e+00   4.4444428e+00   4.4713213e+00   4.4872979e+00   4.4924646e+00   4.4869552e+00   4.4709499e+00   4.4446782e+00   4.4084220e+00   4.3625169e+00   4.3073519e+00   4.2433685e+00   4.1710580e+00   4.0909574e+00   4.0036444e+00   3.9097321e+00   3.8098617e+00   3.7046964e+00   3.5949133e+00   3.4811970e+00   3.3642320e+00   3.2446957e+00   3.1232523e+00   3.0005467e+00   2.8771986e+00   2.7537987e+00   2.6309034e+00   2.5090328e+00   2.3886664e+00   2.2702429e+00   2.1541570e+00   2.0407608e+00   1.9303615e+00   1.8232242e+00   1.7195705e+00   1.6195822e+00   1.5234009e+00   1.4311325e+00   1.3428467e+00   1.2585825e+00   1.1783479e+00   1.1021258e+00   1.0298733e+00   9.6152811e-01   8.9700758e-01   8.3621505e-01   7.7903848e-01   7.2535698e-01   6.7503866e-01   6.2794733e-01   5.8393954e-01   5.4287145e-01   5.0459496e-01   4.6896480e-01   4.3583370e-01   4.0505985e-01   3.7650098e-01   3.5002233e-01   3.2548957e-01   3.0277747e-01   2.8176156e-01   2.6232770e-01   2.4436226e-01   2.2776308e-01   2.1242780e-01   1.9826667e-01   1.8518871e-01   1.7311726e-01   1.6197335e-01   1.5169586e-01   1.4222145e-01   1.3351362e-01   1.2553932e-01   1.1831818e-01   1.1189933e-01   1.0646612e-01   1.0232182e-01   1.0019666e-01
   1.0306890e-01   1.0574457e-01   1.1102847e-01   1.1947717e-01   1.3168292e-01   1.4831328e-01   1.7010156e-01   1.9783192e-01   2.3232824e-01   2.7442327e-01   3.2493852e-01   3.8464368e-01   4.5422928e-01   5.3426268e-01   6.2515993e-01   7.2714658e-01   8.4023771e-01   9.6421244e-01   1.0986103e+00   1.2427261e+00   1.3956271e+00   1.5561704e+00   1.7230388e+00   1.8947762e+00   2.0698360e+00   2.2466243e+00   2.4235499e+00   2.5990639e+00   2.7717015e+00   2.9401083e+00   3.1030657e+00   3.2595009e+00   3.4084940e+00   3.5492724e+00   3.6812037e+00   3.8037796e+00   3.9166018e+00   4.0193622e+00   4.1118282e+00   4.1938263e+00   4.2652314e+00   4.3259562e+00   4.3759474e+00   4.4151813e+00   4.4436657e+00   4.4614403e+00   4.4685815e+00   4.4652056e+00   4.4514736e+00   4.4275945e+00   4.3938287e+00   4.3504892e+00   4.2979421e+00   4.2366058e+00   4.1669484e+00   4.0894844e+00   4.0047698e+00   3.9133968e+00   3.8159872e+00   3.7131860e+00   3.6056543e+00   3.4940623e+00   3.3790820e+00   3.2613805e+00   3.1416139e+00   3.0204208e+00   2.8984170e+00   2.7761913e+00   2.6542999e+00   2.5332646e+00   2.4135683e+00   2.2956547e+00   2.1799247e+00   2.0667377e+00   1.9564092e+00   1.8492135e+00   1.7453820e+00   1.6451066e+00   1.5485393e+00   1.4557965e+00   1.3669584e+00   1.2820744e+00   1.2011626e+00   1.1242155e+00   1.0511994e+00   9.8206090e-01   9.1672531e-01   8.5510357e-01   7.9709054e-01   7.4257157e-01   6.9142038e-01   6.4350573e-01   5.9868853e-01   5.5682866e-01   5.1778117e-01   4.8140341e-01   4.4755025e-01   4.1608149e-01   3.8685612e-01   3.5974019e-01   3.3459988e-01   3.1131013e-01   2.8974639e-01   2.6979420e-01   2.5133943e-01   2.3427923e-01   2.1851042e-01   2.0394233e-01   1.9048295e-01   1.7805454e-01   1.6657698e-01   1.5598795e-01   1.4622287e-01   1.3724385e-01   1.2901640e-01   1.2155831e-01   1.1491660e-01   1.0927138e-01   1.0492166e-01   1.0259002e-01
   1.0530603e-01   1.0775680e-01   1.1280428e-01   1.2099848e-01   1.3292469e-01   1.4924276e-01   1.7067772e-01   1.9800488e-01   2.3203891e-01   2.7360329e-01   3.2351033e-01   3.8252105e-01   4.5131818e-01   5.3046249e-01   6.2036512e-01   7.2124877e-01   8.3312800e-01   9.5578413e-01   1.0887617e+00   1.2313637e+00   1.3826683e+00   1.5415465e+00   1.7066977e+00   1.8766846e+00   2.0499816e+00   2.2250168e+00   2.4002223e+00   2.5740730e+00   2.7451275e+00   2.9120545e+00   3.0736574e+00   3.2288838e+00   3.3768329e+00   3.5167486e+00   3.6480134e+00   3.7701311e+00   3.8827130e+00   3.9854583e+00   4.0781389e+00   4.1605833e+00   4.2326656e+00   4.2942955e+00   4.3454137e+00   4.3859886e+00   4.4160174e+00   4.4355269e+00   4.4445789e+00   4.4432729e+00   4.4317518e+00   4.4102048e+00   4.3788715e+00   4.3380430e+00   4.2880632e+00   4.2293279e+00   4.1622828e+00   4.0874201e+00   4.0052745e+00   3.9164174e+00   3.8214514e+00   3.7210036e+00   3.6157188e+00   3.5062525e+00   3.3932642e+00   3.2774104e+00   3.1593385e+00   3.0396806e+00   2.9190482e+00   2.7980272e+00   2.6771736e+00   2.5570100e+00   2.4380225e+00   2.3206589e+00   2.2053258e+00   2.0923894e+00   1.9821733e+00   1.8749604e+00   1.7709912e+00   1.6704676e+00   1.5735517e+00   1.4803701e+00   1.3910134e+00   1.3055410e+00   1.2239810e+00   1.1463355e+00   1.0725801e+00   1.0026698e+00   9.3653835e-01   8.7410415e-01   8.1526906e-01   7.5992476e-01   7.0795071e-01   6.5922073e-01   6.1360023e-01   5.7095293e-01   5.3113723e-01   4.9401322e-01   4.5943805e-01   4.2727330e-01   3.9737934e-01   3.6962318e-01   3.4387163e-01   3.1999992e-01   2.9788355e-01   2.7740781e-01   2.5845821e-01   2.4093123e-01   2.2472303e-01   2.0974200e-01   1.9589523e-01   1.8310390e-01   1.7128684e-01   1.6038050e-01   1.5031915e-01   1.4106349e-01   1.3257766e-01   1.2487763e-01   1.1800832e-01   1.1214667e-01   1.0758748e-01   1.0504582e-01
   1.0760369e-01   1.0982718e-01   1.1463652e-01   1.2257525e-01   1.3422183e-01   1.5022855e-01   1.7131224e-01   1.9823954e-01   2.3181609e-01   2.7285618e-01   3.2216309e-01   3.8048933e-01   4.4850987e-01   5.2677902e-01   6.1570302e-01   7.1550170e-01   8.2618903e-01   9.4754840e-01   1.0791292e+00   1.2202422e+00   1.3699762e+00   1.5272157e+00   1.6906763e+00   1.8589389e+00   2.0304982e+00   2.2038040e+00   2.3773110e+00   2.5495171e+00   2.7190040e+00   2.8844626e+00   3.0447180e+00   3.1987379e+00   3.3456399e+00   3.4846845e+00   3.6152684e+00   3.7369078e+00   3.8492236e+00   3.9519222e+00   4.0447804e+00   4.1276289e+00   4.2003417e+00   4.2628255e+00   4.3150161e+00   4.3568742e+00   4.3883872e+00   4.4095701e+00   4.4204706e+00   4.4211724e+00   4.4118009e+00   4.3925263e+00   4.3635681e+00   4.3251963e+00   4.2777334e+00   4.2215530e+00   4.1570790e+00   4.0847818e+00   4.0051748e+00   3.9188094e+00   3.8262688e+00   3.7281623e+00   3.6251183e+00   3.5177777e+00   3.4067870e+00   3.2927921e+00   3.1764312e+00   3.0583297e+00   2.9390938e+00   2.8193068e+00   2.6995231e+00   2.5802664e+00   2.4620249e+00   2.3452500e+00   2.2303538e+00   2.1177087e+00   2.0076457e+00   1.9004559e+00   1.7963887e+00   1.6956556e+00   1.5984283e+00   1.5048435e+00   1.4150017e+00   1.3289725e+00   1.2467936e+00   1.1684766e+00   1.0940063e+00   1.0233464e+00   9.5643869e-01   8.9320931e-01   8.3356711e-01   7.7741021e-01   7.2462387e-01   6.7508713e-01   6.2867000e-01   5.8524021e-01   5.4465961e-01   5.0679122e-01   4.7149458e-01   4.3863322e-01   4.0806902e-01   3.7967006e-01   3.5330395e-01   3.2884630e-01   3.0617278e-01   2.8516856e-01   2.6571882e-01   2.4771954e-01   2.3106621e-01   2.1566643e-01   2.0142641e-01   1.8826631e-01   1.7610394e-01   1.6487460e-01   1.5451140e-01   1.4497371e-01   1.3622428e-01   1.2827730e-01   1.2117565e-01   1.1509313e-01   1.1032039e-01   1.0756512e-01
   1.0996287e-01   1.1195663e-01   1.1652600e-01   1.2420821e-01   1.3557496e-01   1.5127109e-01   1.7200541e-01   1.9853601e-01   2.3165960e-01   2.7218150e-01   3.2089607e-01   3.7854742e-01   4.4580288e-01   5.2321036e-01   6.1117124e-01   7.0990245e-01   8.1941734e-01   9.3950121e-01   1.0697081e+00   1.2093563e+00   1.3575450e+00   1.5131717e+00   1.6749677e+00   1.8415317e+00   2.0113781e+00   2.1829778e+00   2.3548076e+00   2.5253878e+00   2.6933224e+00   2.8573244e+00   3.0162396e+00   3.1690557e+00   3.3149082e+00   3.4530740e+00   3.5829639e+00   3.7041060e+00   3.8161312e+00   3.9187530e+00   4.0117534e+00   4.0949656e+00   4.1682635e+00   4.2315519e+00   4.2847618e+00   4.3278471e+00   4.3607860e+00   4.3835822e+00   4.3962703e+00   4.3989189e+00   4.3916365e+00   4.3745754e+00   4.3479356e+00   4.3119668e+00   4.2669705e+00   4.2132990e+00   4.1513545e+00   4.0815864e+00   4.0044872e+00   3.9205882e+00   3.8304537e+00   3.7346752e+00   3.6338645e+00   3.5286481e+00   3.4196593e+00   3.3075328e+00   3.1928976e+00   3.0763717e+00   2.9585561e+00   2.8400304e+00   2.7213476e+00   2.6030314e+00   2.4855716e+00   2.3694233e+00   2.2550028e+00   2.1426887e+00   2.0328187e+00   1.9256916e+00   1.8215657e+00   1.7206612e+00   1.6231595e+00   1.5292069e+00   1.4389137e+00   1.3523591e+00   1.2695908e+00   1.1906295e+00   1.1154691e+00   1.0440821e+00   9.7641831e-01   9.1241153e-01   8.5197771e-01   7.9502146e-01   7.4143398e-01   6.9109962e-01   6.4389309e-01   5.9968630e-01   5.5834467e-01   5.1973426e-01   4.8371720e-01   4.5015906e-01   4.1892338e-01   3.8987948e-01   3.6289583e-01   3.3784860e-01   3.1461371e-01   2.9307632e-01   2.7312140e-01   2.5464448e-01   2.3754049e-01   2.2171629e-01   2.0707729e-01   1.9354267e-01   1.8102929e-01   1.6947130e-01   1.5880074e-01   1.4897564e-01   1.3995740e-01   1.3175848e-01   1.2441973e-01   1.1811187e-01   1.1312148e-01   1.1014896e-01
   1.1238458e-01   1.1414607e-01   1.1847358e-01   1.2589810e-01   1.3698468e-01   1.5237087e-01   1.7275753e-01   1.9889437e-01   2.3156935e-01   2.7157888e-01   3.1970860e-01   3.7669430e-01   4.4319580e-01   5.1975468e-01   6.0676748e-01   7.0444824e-01   8.1280960e-01   9.3163867e-01   1.0604940e+00   1.1987009e+00   1.3453690e+00   1.4994082e+00   1.6595650e+00   1.8244557e+00   1.9926136e+00   2.1625302e+00   2.3327038e+00   2.5016765e+00   2.6680743e+00   2.8306315e+00   2.9882144e+00   3.1398299e+00   3.2846312e+00   3.4219113e+00   3.5510949e+00   3.6717220e+00   3.7834333e+00   3.8859497e+00   3.9790583e+00   4.0625951e+00   4.1364347e+00   4.2004799e+00   4.2546578e+00   4.2989158e+00   4.3332237e+00   4.3575747e+00   4.3719908e+00   4.3765263e+00   4.3712739e+00   4.3563683e+00   4.3319908e+00   4.2983717e+00   4.2557919e+00   4.2045831e+00   4.1451266e+00   4.0778507e+00   4.0032278e+00   3.9217692e+00   3.8340205e+00   3.7405553e+00   3.6419694e+00   3.5388742e+00   3.4318899e+00   3.3216398e+00   3.2087433e+00   3.0938109e+00   2.9774376e+00   2.8601992e+00   2.7426466e+00   2.6253030e+00   2.5086597e+00   2.3931742e+00   2.2792673e+00   2.1673227e+00   2.0576848e+00   1.9506597e+00   1.8465136e+00   1.7454755e+00   1.6477360e+00   1.5534507e+00   1.4627396e+00   1.3756914e+00   1.2923632e+00   1.2127851e+00   1.1369598e+00   1.0648685e+00   9.9646920e-01   9.3170325e-01   8.7049381e-01   8.1275202e-01   7.5837510e-01   7.0725279e-01   6.5926467e-01   6.1428689e-01   5.7218862e-01   5.3283909e-01   4.9610312e-01   4.6184850e-01   4.2994054e-01   4.0024993e-01   3.7264616e-01   3.4700604e-01   3.2320587e-01   3.0113090e-01   2.8066598e-01   2.6170631e-01   2.4414632e-01   2.2789219e-01   2.1284859e-01   1.9893382e-01   1.8606380e-01   1.7417161e-01   1.6318820e-01   1.5307035e-01   1.4377814e-01   1.3532229e-01   1.2774168e-01   1.2120400e-01   1.1599184e-01   1.1279841e-01
   1.1486979e-01   1.1639642e-01   1.2048009e-01   1.2764566e-01   1.3845163e-01   1.5352837e-01   1.7356893e-01   1.9931478e-01   2.3154523e-01   2.7104798e-01   3.1860003e-01   3.7492900e-01   4.4068730e-01   5.1641023e-01   6.0248955e-01   6.9913638e-01   8.0636260e-01   9.2395702e-01   1.0514824e+00   1.1882713e+00   1.3334427e+00   1.4859192e+00   1.6444619e+00   1.8077038e+00   1.9741971e+00   2.1424534e+00   2.3109915e+00   2.4783753e+00   2.6432517e+00   2.8043760e+00   2.9606346e+00   3.1110532e+00   3.2548023e+00   3.3911905e+00   3.5196564e+00   3.6397520e+00   3.7511272e+00   3.8535108e+00   3.9466951e+00   4.0305192e+00   4.1048585e+00   4.1696144e+00   4.2247105e+00   4.2700883e+00   4.3057099e+00   4.3315586e+00   4.3476446e+00   4.3540085e+00   4.3507278e+00   4.3379204e+00   4.3157500e+00   4.2844277e+00   4.2442147e+00   4.1954226e+00   4.1384121e+00   4.0735913e+00   4.0014125e+00   3.9223675e+00   3.8369832e+00   3.7458159e+00   3.6494448e+00   3.5484664e+00   3.4434878e+00   3.3351206e+00   3.2239744e+00   3.1106516e+00   2.9957412e+00   2.8798145e+00   2.7634199e+00   2.6470798e+00   2.5312861e+00   2.4164987e+00   2.3031421e+00   2.1916048e+00   2.0822372e+00   1.9753523e+00   1.8712240e+00   1.7700897e+00   1.6721487e+00   1.5775658e+00   1.4864701e+00   1.3989600e+00   1.3151016e+00   1.2349342e+00   1.1584696e+00   1.0856972e+00   1.0165833e+00   9.5107694e-01   8.8910834e-01   8.3059533e-01   7.7544118e-01   7.2354115e-01   6.7477977e-01   6.2903756e-01   5.8618756e-01   5.4610230e-01   5.0864943e-01   4.7369908e-01   4.4111849e-01   4.1077982e-01   3.8255370e-01   3.5631771e-01   3.3194867e-01   3.0933199e-01   2.8835252e-01   2.6890518e-01   2.5088403e-01   2.3419463e-01   2.1874098e-01   2.0444054e-01   1.9120834e-01   1.7897647e-01   1.6767481e-01   1.5725891e-01   1.4768757e-01   1.3896982e-01   1.3114260e-01   1.2437062e-01   1.1893252e-01   1.1551448e-01
   1.1741948e-01   1.1870860e-01   1.2254638e-01   1.2945163e-01   1.3997645e-01   1.5474409e-01   1.7443997e-01   1.9979739e-01   2.3158720e-01   2.7058850e-01   3.1756978e-01   3.7325063e-01   4.3827612e-01   5.1317535e-01   5.9833535e-01   6.9396430e-01   8.0007328e-01   9.1645265e-01   1.0426693e+00   1.1780626e+00   1.3217609e+00   1.4726988e+00   1.6296517e+00   1.7912693e+00   1.9561216e+00   2.1227397e+00   2.2896631e+00   2.4554761e+00   2.6188465e+00   2.7785501e+00   2.9334927e+00   3.0827183e+00   3.2254147e+00   3.3609057e+00   3.4886436e+00   3.6081918e+00   3.7192102e+00   3.8214350e+00   3.9146639e+00   3.9987393e+00   4.0735378e+00   4.1389599e+00   4.1949259e+00   4.2413724e+00   4.2782539e+00   4.3055446e+00   4.3232435e+00   4.3313784e+00   4.3300123e+00   4.3192470e+00   4.2992290e+00   4.2701511e+00   4.2322555e+00   4.1858340e+00   4.1312276e+00   4.0688245e+00   3.9990571e+00   3.9223982e+00   3.8393563e+00   3.7504700e+00   3.6563026e+00   3.5574355e+00   3.4544624e+00   3.3479831e+00   3.2385972e+00   3.1268988e+00   3.0134702e+00   2.8988781e+00   2.7836679e+00   2.6683606e+00   2.5534485e+00   2.4393933e+00   2.3266225e+00   2.2155292e+00   2.1064692e+00   1.9997621e+00   1.8956890e+00   1.7944954e+00   1.6963888e+00   1.6015430e+00   1.5100962e+00   1.4221557e+00   1.3377969e+00   1.2570681e+00   1.1799898e+00   1.1065599e+00   1.0367527e+00   9.7052502e-01   9.0781422e-01   8.4854478e-01   7.9262614e-01   7.3995914e-01   6.9043335e-01   6.4393380e-01   6.0033749e-01   5.5952038e-01   5.2135310e-01   4.8570823e-01   4.5245507e-01   4.2146739e-01   3.9261708e-01   3.6578262e-01   3.4084141e-01   3.1767918e-01   2.9618085e-01   2.7624118e-01   2.5775390e-01   2.4062407e-01   2.2475505e-01   2.1006354e-01   1.9646375e-01   1.8388678e-01   1.7226152e-01   1.6154232e-01   1.5168674e-01   1.4270215e-01   1.3462357e-01   1.2761281e-01   1.2194460e-01   1.1829821e-01
   1.2003463e-01   1.2108352e-01   1.2467329e-01   1.3131679e-01   1.4155978e-01   1.5601856e-01   1.7537100e-01   2.0034240e-01   2.3169525e-01   2.7020018e-01   3.1661733e-01   3.7165834e-01   4.3596106e-01   5.1004847e-01   5.9430287e-01   6.8892953e-01   7.9393866e-01   9.0912208e-01   1.0340507e+00   1.1680702e+00   1.3103185e+00   1.4597414e+00   1.6151285e+00   1.7751454e+00   1.9383799e+00   2.1033819e+00   2.2687108e+00   2.4329711e+00   2.5948511e+00   2.7531461e+00   2.9067812e+00   3.0548184e+00   3.1964621e+00   3.3310512e+00   3.4580514e+00   3.5770377e+00   3.6876794e+00   3.7897205e+00   3.8829642e+00   3.9672565e+00   4.0424753e+00   4.1085206e+00   4.1653099e+00   4.2127752e+00   4.2508643e+00   4.2795428e+00   4.2987991e+00   4.3086488e+00   4.3091411e+00   4.3003626e+00   4.2824430e+00   4.2555577e+00   4.2199304e+00   4.1758338e+00   4.1235895e+00   4.0635662e+00   3.9961771e+00   3.9218762e+00   3.8411536e+00   3.7545308e+00   3.6625548e+00   3.5657921e+00   3.4648230e+00   3.3602353e+00   3.2526182e+00   3.1425573e+00   3.0306281e+00   2.9173921e+00   2.8033912e+00   2.6891448e+00   2.5751449e+00   2.4618547e+00   2.3497042e+00   2.2390906e+00   2.1303747e+00   2.0238821e+00   1.9199011e+00   1.8186843e+00   1.7204478e+00   1.6253736e+00   1.5336087e+00   1.4452695e+00   1.3604402e+00   1.2791779e+00   1.2015118e+00   1.1274482e+00   1.0569695e+00   9.9003994e-01   9.2660431e-01   8.6659373e-01   8.0992382e-01   7.5650109e-01   7.0622027e-01   6.5897097e-01   6.1463427e-01   5.7308971e-01   5.3421098e-01   4.9787326e-01   4.6394803e-01   4.3231079e-01   4.0283483e-01   3.7539962e-01   3.4988329e-01   3.2617195e-01   3.0415072e-01   2.8371428e-01   2.6475612e-01   2.4718086e-01   2.3089132e-01   2.1580348e-01   2.0183078e-01   1.8890339e-01   1.7694926e-01   1.6592158e-01   1.5577667e-01   1.4652032e-01   1.3818565e-01   1.3093160e-01   1.2502911e-01   1.2115062e-01
   1.2271619e-01   1.2352210e-01   1.2686166e-01   1.3324187e-01   1.4320228e-01   1.5735231e-01   1.7636241e-01   2.0095002e-01   2.3186937e-01   2.6988281e-01   3.1574219e-01   3.7015135e-01   4.3374100e-01   5.0702807e-01   5.9039019e-01   6.8402971e-01   7.8795589e-01   9.0196196e-01   1.0256225e+00   1.1582898e+00   1.2991103e+00   1.4470415e+00   1.6008862e+00   1.7593258e+00   1.9209651e+00   2.0843727e+00   2.2481271e+00   2.4108528e+00   2.5712576e+00   2.7281564e+00   2.8804928e+00   3.0273464e+00   3.1679379e+00   3.3016212e+00   3.4278749e+00   3.5462855e+00   3.6565319e+00   3.7583657e+00   3.8515957e+00   3.9360717e+00   4.0116733e+00   4.0783002e+00   4.1358677e+00   4.1843035e+00   4.2235494e+00   4.2535627e+00   4.2743222e+00   4.2858318e+00   4.2881275e+00   4.2812813e+00   4.2654071e+00   4.2406631e+00   4.2072554e+00   4.1654380e+00   4.1155137e+00   4.0578323e+00   3.9927880e+00   3.9208162e+00   3.8423892e+00   3.7580114e+00   3.6682134e+00   3.5735472e+00   3.4745792e+00   3.3718853e+00   3.2660443e+00   3.1576326e+00   3.0472188e+00   2.9353589e+00   2.8225909e+00   2.7094320e+00   2.5963738e+00   2.4838800e+00   2.3723832e+00   2.2622840e+00   2.1539478e+00   2.0477058e+00   1.9438529e+00   1.8426489e+00   1.7443175e+00   1.6490490e+00   1.5569991e+00   1.4682927e+00   1.3830226e+00   1.3012549e+00   1.2230271e+00   1.1483539e+00   1.0772256e+00   1.0096141e+00   9.4547149e-01   8.8473548e-01   8.2732800e-01   7.7316129e-01   7.2213531e-01   6.7414435e-01   6.2907370e-01   5.8680654e-01   5.4721980e-01   5.1019136e-01   4.7559499e-01   4.4330806e-01   4.1320536e-01   3.8516748e-01   3.5907338e-01   3.3480968e-01   3.1226178e-01   2.9132437e-01   2.7189079e-01   2.5386529e-01   2.3715024e-01   2.2166093e-01   2.0731013e-01   1.9402710e-01   1.8173891e-01   1.7039760e-01   1.5995834e-01   1.5042532e-01   1.4182985e-01   1.3432804e-01   1.2818707e-01   1.2407269e-01
   1.2546513e-01   1.2602524e-01   1.2911234e-01   1.3522766e-01   1.4490461e-01   1.5874588e-01   1.7741461e-01   2.0162047e-01   2.3210963e-01   2.6963619e-01   3.1494391e-01   3.6872891e-01   4.3161486e-01   5.0411273e-01   5.8659548e-01   6.7926255e-01   7.8212224e-01   8.9496904e-01   1.0173812e+00   1.1487171e+00   1.2881318e+00   1.4345937e+00   1.5869191e+00   1.7438041e+00   1.9038706e+00   2.0657051e+00   2.2279049e+00   2.3891138e+00   2.5480588e+00   2.7035736e+00   2.8546202e+00   3.0002954e+00   3.1398358e+00   3.2726098e+00   3.3981090e+00   3.5159312e+00   3.6257646e+00   3.7273686e+00   3.8205577e+00   3.9051856e+00   3.9811339e+00   4.0483023e+00   4.1066043e+00   4.1559639e+00   4.1963170e+00   4.2276137e+00   4.2498234e+00   4.2629391e+00   4.2669842e+00   4.2620169e+00   4.2481356e+00   4.2254823e+00   4.1942457e+00   4.1546621e+00   4.1070159e+00   4.0516382e+00   3.9889048e+00   3.9192328e+00   3.8430770e+00   3.7609246e+00   3.6732905e+00   3.5807116e+00   3.4837407e+00   3.3829416e+00   3.2788823e+00   3.1721303e+00   3.0632466e+00   2.9527812e+00   2.8412683e+00   2.7292224e+00   2.6171338e+00   2.5054669e+00   2.3946561e+00   2.2851049e+00   2.1771830e+00   2.0712269e+00   1.9675374e+00   1.8663814e+00   1.7679899e+00   1.6725611e+00   1.5802588e+00   1.4912165e+00   1.4055356e+00   1.3232906e+00   1.2445273e+00   1.1692687e+00   1.0975132e+00   1.0292401e+00   9.6440862e-01   9.0296333e-01   8.4483244e-01   7.8993397e-01   7.3817317e-01   6.8944914e-01   6.4365144e-01   6.0066705e-01   5.6037619e-01   5.2265960e-01   4.8739345e-01   4.5445711e-01   4.2372696e-01   3.9508485e-01   3.6841067e-01   3.4359165e-01   3.2051358e-01   2.9907124e-01   2.7915792e-01   2.6067757e-01   2.4353217e-01   2.2763642e-01   2.1290243e-01   1.9925866e-01   1.8663128e-01   1.7497129e-01   1.6423269e-01   1.5441815e-01   1.4555719e-01   1.3780312e-01   1.3141949e-01   1.2706543e-01
   1.2828237e-01   1.2859384e-01   1.3142616e-01   1.3727489e-01   1.4666744e-01   1.6019984e-01   1.7852801e-01   2.0235403e-01   2.3241607e-01   2.6946018e-01   3.1422210e-01   3.6739034e-01   4.2958166e-01   5.0130108e-01   5.8291699e-01   6.7462589e-01   7.7643508e-01   8.8814021e-01   1.0093231e+00   1.1393479e+00   1.2773782e+00   1.4223930e+00   1.5732214e+00   1.7285744e+00   1.8870900e+00   2.0473724e+00   2.2080371e+00   2.3677467e+00   2.5252472e+00   2.6793906e+00   2.8291566e+00   2.9736588e+00   3.1121496e+00   3.2440115e+00   3.3687489e+00   3.4859706e+00   3.5953744e+00   3.6967271e+00   3.7898494e+00   3.8745986e+00   3.9508589e+00   4.0185301e+00   4.0775244e+00   4.1277622e+00   4.1691746e+00   4.2017045e+00   4.2253127e+00   4.2399819e+00   4.2457235e+00   4.2425824e+00   4.2306424e+00   4.2100298e+00   4.1809166e+00   4.1435216e+00   4.0981114e+00   4.0449991e+00   3.9845424e+00   3.9171405e+00   3.8432308e+00   3.7632836e+00   3.6777981e+00   3.5872962e+00   3.4923173e+00   3.3934127e+00   3.2911396e+00   3.1860562e+00   3.0787158e+00   2.9696623e+00   2.8594252e+00   2.7485162e+00   2.6374241e+00   2.5266133e+00   2.4165195e+00   2.3075490e+00   2.2000752e+00   2.0944395e+00   1.9909482e+00   1.8898748e+00   1.7914573e+00   1.6959017e+00   1.6033796e+00   1.5140327e+00   1.4279707e+00   1.3452764e+00   1.2660042e+00   1.1901848e+00   1.1178245e+00   1.0489103e+00   9.8340855e-01   9.2127055e-01   8.6243083e-01   8.0681327e-01   7.5432850e-01   7.0488045e-01   6.5836309e-01   6.1466728e-01   5.7367667e-01   5.3527495e-01   4.9934081e-01   4.6575573e-01   4.3439782e-01   4.0515027e-01   3.7789403e-01   3.5251705e-01   3.2890558e-01   3.0695460e-01   2.8655744e-01   2.6761783e-01   2.5003742e-01   2.3373040e-01   2.1860828e-01   2.0459874e-01   1.9162716e-01   1.7964348e-01   1.6860062e-01   1.5849975e-01   1.4936862e-01   1.4135785e-01   1.3472736e-01   1.3012979e-01
   1.3116886e-01   1.3122878e-01   1.3380395e-01   1.3938435e-01   1.4849144e-01   1.6171473e-01   1.7970305e-01   2.0315097e-01   2.3278881e-01   2.6935465e-01   3.1357638e-01   3.6613501e-01   4.2764043e-01   4.9859183e-01   5.7935304e-01   6.7011764e-01   7.7089187e-01   8.8147248e-01   1.0014446e+00   1.1301783e+00   1.2668450e+00   1.4104344e+00   1.5597878e+00   1.7136306e+00   1.8706169e+00   2.0293678e+00   2.1885168e+00   2.3467447e+00   2.5028157e+00   2.6556001e+00   2.8040948e+00   2.9474299e+00   3.0848729e+00   3.2158204e+00   3.3397895e+00   3.4563996e+00   3.5653581e+00   3.6664393e+00   3.7594697e+00   3.8443111e+00   3.9208498e+00   3.9889865e+00   4.0486322e+00   4.0997043e+00   4.1421292e+00   4.1758435e+00   4.2007998e+00   4.2169711e+00   4.2243574e+00   4.2229909e+00   4.2129413e+00   4.1943199e+00   4.1672825e+00   4.1320313e+00   4.0888153e+00   4.0379301e+00   3.9797156e+00   3.9145536e+00   3.8428641e+00   3.7651013e+00   3.6817481e+00   3.5933121e+00   3.5003187e+00   3.4033071e+00   3.3028234e+00   3.1994164e+00   3.0936311e+00   2.9860054e+00   2.8770637e+00   2.7673142e+00   2.6572442e+00   2.5473175e+00   2.4379708e+00   2.3296126e+00   2.2226197e+00   2.1173379e+00   2.0140788e+00   1.9131220e+00   1.8147124e+00   1.7190630e+00   1.6263534e+00   1.5367329e+00   1.4503196e+00   1.3672043e+00   1.2874494e+00   1.2110939e+00   1.1381517e+00   1.0686173e+00   1.0024642e+00   9.3965040e-01   8.8011687e-01   8.2379333e-01   7.7059585e-01   7.2043331e-01   6.7320415e-01   6.2880321e-01   5.8711767e-01   5.4803427e-01   5.1143436e-01   4.7720161e-01   4.4521601e-01   4.1536218e-01   3.8752223e-01   3.6158493e-01   3.3743712e-01   3.1497406e-01   2.9408918e-01   2.7468610e-01   2.5666621e-01   2.3994325e-01   2.2442819e-01   2.1004799e-01   1.9672727e-01   1.8441499e-01   1.7306300e-01   1.6267102e-01   1.5326510e-01   1.4499318e-01   1.3811163e-01   1.3326674e-01
   1.3412550e-01   1.3393095e-01   1.3624655e-01   1.4155679e-01   1.5037730e-01   1.6329113e-01   1.8094017e-01   2.0401157e-01   2.3322794e-01   2.6931953e-01   3.1300645e-01   3.6496232e-01   4.2579028e-01   4.9598375e-01   5.7590203e-01   6.6573579e-01   7.6549018e-01   8.7496296e-01   9.9374251e-01   1.1212044e+00   1.2565280e+00   1.3987129e+00   1.5466128e+00   1.6989671e+00   1.8544452e+00   2.0116849e+00   2.1693372e+00   2.3261006e+00   2.4807574e+00   2.6321953e+00   2.7794281e+00   2.9216021e+00   3.0579996e+00   3.1880312e+00   3.3112258e+00   3.4272141e+00   3.5357124e+00   3.6365027e+00   3.7294176e+00   3.8143230e+00   3.8911081e+00   3.9596743e+00   4.0199317e+00   4.0717955e+00   4.1151876e+00   4.1500388e+00   4.1762940e+00   4.1939170e+00   4.2028971e+00   4.2032545e+00   4.1950454e+00   4.1783664e+00   4.1533579e+00   4.1202057e+00   4.0791423e+00   4.0304457e+00   3.9744387e+00   3.9114860e+00   3.8419906e+00   3.7663903e+00   3.6851526e+00   3.5987702e+00   3.5077550e+00   3.4126337e+00   3.3139414e+00   3.2122170e+00   3.1079977e+00   3.0018142e+00   2.8941860e+00   2.7856175e+00   2.6765939e+00   2.5675781e+00   2.4590075e+00   2.3512922e+00   2.2448121e+00   2.1399169e+00   2.0369234e+00   1.9361167e+00   1.8377481e+00   1.7420377e+00   1.6491723e+00   1.5593092e+00   1.4725741e+00   1.3890660e+00   1.3088551e+00   1.2319883e+00   1.1584872e+00   1.0883537e+00   1.0215684e+00   9.5809615e-01   8.9788420e-01   8.4086821e-01   7.8696975e-01   7.3610270e-01   6.8817005e-01   6.4307071e-01   6.0069550e-01   5.6093432e-01   5.2367127e-01   4.8879235e-01   4.5617949e-01   4.2571889e-01   3.9729393e-01   3.7079428e-01   3.4610747e-01   3.2312914e-01   3.0175291e-01   2.8188236e-01   2.6341870e-01   2.4627527e-01   2.3036260e-01   2.1560697e-01   2.0193229e-01   1.8928657e-01   1.7762065e-01   1.6693284e-01   1.5724752e-01   1.4871003e-01   1.4157326e-01   1.3647722e-01
   1.3715320e-01   1.3670121e-01   1.3875477e-01   1.4379297e-01   1.5232567e-01   1.6492962e-01   1.8223982e-01   2.0493616e-01   2.3373363e-01   2.6935476e-01   3.1251201e-01   3.6387173e-01   4.2403038e-01   4.9347568e-01   5.7256244e-01   6.6147843e-01   7.6022767e-01   8.6860886e-01   9.8621347e-01   1.1124224e+00   1.2464228e+00   1.3872240e+00   1.5336915e+00   1.6845783e+00   1.8385690e+00   1.9943175e+00   2.1504918e+00   2.3058079e+00   2.4590655e+00   2.6091693e+00   2.7551498e+00   2.8961689e+00   3.0315238e+00   3.1606380e+00   3.2830530e+00   3.3984098e+00   3.5064339e+00   3.6069151e+00   3.6996917e+00   3.7846344e+00   3.8616348e+00   3.9305957e+00   3.9914267e+00   4.0440407e+00   4.0883561e+00   4.1242978e+00   4.1518040e+00   4.1708296e+00   4.1813538e+00   4.1833852e+00   4.1769673e+00   4.1621826e+00   4.1391566e+00   4.1080593e+00   4.0691067e+00   4.0225604e+00   3.9687261e+00   3.9079517e+00   3.8406236e+00   3.7671635e+00   3.6880235e+00   3.6036815e+00   3.5146361e+00   3.4214014e+00   3.3245012e+00   3.2244647e+00   3.1218205e+00   3.0170926e+00   2.9107947e+00   2.8034275e+00   2.6954733e+00   2.5873942e+00   2.4796274e+00   2.3725846e+00   2.2666483e+00   2.1621717e+00   2.0594762e+00   1.9588524e+00   1.8605575e+00   1.7648184e+00   1.6718289e+00   1.5817537e+00   1.4947264e+00   1.4108535e+00   1.3302133e+00   1.2528601e+00   1.1788233e+00   1.1081121e+00   1.0407141e+00   9.7660105e-01   9.1572645e-01   8.5803196e-01   8.0344466e-01   7.5188351e-01   7.0325613e-01   6.5746558e-01   6.1440640e-01   5.7397176e-01   5.3604863e-01   5.0052542e-01   4.6728613e-01   4.3621865e-01   4.0720769e-01   3.8014398e-01   3.5491579e-01   3.3141926e-01   3.0954829e-01   2.8920648e-01   2.7029495e-01   2.5272672e-01   2.3641191e-01   2.2127619e-01   2.0724282e-01   1.9425892e-01   1.8227435e-01   1.7128605e-01   1.6131678e-01   1.5250932e-01   1.4511315e-01   1.3976213e-01
   1.4025283e-01   1.3954042e-01   1.4132943e-01   1.4609364e-01   1.5433725e-01   1.6663078e-01   1.8360248e-01   2.0592506e-01   2.3430602e-01   2.6946030e-01   3.1209281e-01   3.6286273e-01   4.2235994e-01   4.9106651e-01   5.6933282e-01   6.5734373e-01   7.5510210e-01   8.6240751e-01   9.7885438e-01   1.1038289e+00   1.2365254e+00   1.3759631e+00   1.5210188e+00   1.6704588e+00   1.8229824e+00   1.9772594e+00   2.1319742e+00   2.2858600e+00   2.4377332e+00   2.5865155e+00   2.7312534e+00   2.8711242e+00   3.0054393e+00   3.1336355e+00   3.2552661e+00   3.3699825e+00   3.4775194e+00   3.5776739e+00   3.6702908e+00   3.7552448e+00   3.8324308e+00   3.9017529e+00   3.9631206e+00   4.0164448e+00   4.0616406e+00   4.0986279e+00   4.1273382e+00   4.1477184e+00   4.1597381e+00   4.1633947e+00   4.1587195e+00   4.1457816e+00   4.1246921e+00   4.0956057e+00   4.0587227e+00   4.0142883e+00   3.9625917e+00   3.9039643e+00   3.8387763e+00   3.7674335e+00   3.6903726e+00   3.6080572e+00   3.5209721e+00   3.4296191e+00   3.3345107e+00   3.2361660e+00   3.1351052e+00   3.0318448e+00   2.9268929e+00   2.8207459e+00   2.7138831e+00   2.6067650e+00   2.4998287e+00   2.3934870e+00   2.2881245e+00   2.1840977e+00   2.0817320e+00   1.9813231e+00   1.8831341e+00   1.7873981e+00   1.6943158e+00   1.6040590e+00   1.5167687e+00   1.4325591e+00   1.3515161e+00   1.2737016e+00   1.1991524e+00   1.1278851e+00   1.0598943e+00   9.9515837e-01   9.3363727e-01   8.7527860e-01   8.2001502e-01   7.6777059e-01   7.1845766e-01   6.7198351e-01   6.2824651e-01   5.8714317e-01   5.4856342e-01   5.1239821e-01   4.7853370e-01   4.4685956e-01   4.1726198e-01   3.8963280e-01   3.6386116e-01   3.3984377e-01   3.1747490e-01   2.9665827e-01   2.7729497e-01   2.5929776e-01   2.4257643e-01   2.2705612e-01   2.1265945e-01   1.9933271e-01   1.8702483e-01   1.7573144e-01   1.6547371e-01   1.5639193e-01   1.4873221e-01   1.4312238e-01
   1.4342528e-01   1.4244942e-01   1.4397133e-01   1.4845955e-01   1.5641272e-01   1.6839520e-01   1.8502861e-01   2.0697860e-01   2.3494530e-01   2.6963615e-01   3.1174864e-01   3.6193487e-01   4.2077822e-01   4.8875519e-01   5.6621177e-01   6.5332991e-01   7.5011132e-01   8.5635632e-01   9.7166222e-01   1.0954202e+00   1.2268320e+00   1.3649258e+00   1.5085899e+00   1.6566034e+00   1.8076799e+00   1.9605046e+00   2.1137782e+00   2.2662504e+00   2.4167541e+00   2.5642273e+00   2.7077324e+00   2.8464616e+00   2.9797403e+00   3.1070182e+00   3.2278602e+00   3.3419281e+00   3.4489654e+00   3.5487768e+00   3.6412132e+00   3.7261539e+00   3.8034969e+00   3.8731479e+00   3.9350165e+00   3.9890122e+00   4.0350468e+00   4.0730360e+00   4.1029049e+00   4.1245927e+00   4.1380601e+00   4.1432940e+00   4.1403139e+00   4.1291761e+00   4.1099776e+00   4.0828587e+00   4.0480041e+00   4.0056432e+00   3.9560493e+00   3.8995374e+00   3.8364618e+00   3.7672127e+00   3.6922118e+00   3.6119081e+00   3.5267731e+00   3.4372959e+00   3.3439778e+00   3.2473278e+00   3.1478572e+00   3.0460751e+00   2.9424837e+00   2.8375745e+00   2.7318238e+00   2.6256902e+00   2.5196101e+00   2.4139971e+00   2.3092374e+00   2.2056905e+00   2.1036857e+00   2.0035232e+00   1.9054717e+00   1.8097701e+00   1.7166258e+00   1.6262175e+00   1.5386935e+00   1.4541751e+00   1.3727559e+00   1.2945052e+00   1.2194671e+00   1.1476655e+00   1.0791019e+00   1.0137614e+00   9.5161028e-01   8.9260212e-01   8.3667519e-01   7.8375874e-01   7.3376986e-01   6.8662016e-01   6.4221189e-01   6.0044502e-01   5.6121253e-01   5.2440799e-01   4.8991985e-01   4.5763965e-01   4.2745515e-01   3.9925941e-01   3.7294254e-01   3.4840191e-01   3.2553224e-01   3.0423745e-01   2.8441866e-01   2.6598849e-01   2.4885643e-01   2.3294713e-01   2.1818268e-01   2.0450854e-01   1.9187279e-01   1.8026978e-01   1.6971912e-01   1.6035869e-01   1.5243131e-01   1.4655884e-01
   1.4667137e-01   1.4542905e-01   1.4668127e-01   1.5089144e-01   1.5855274e-01   1.7022347e-01   1.8651870e-01   2.0809715e-01   2.3565167e-01   2.6988233e-01   3.1147930e-01   3.6108771e-01   4.1928452e-01   4.8654073e-01   5.6319798e-01   6.4943532e-01   7.4525324e-01   8.5045281e-01   9.6463407e-01   1.0871931e+00   1.2173386e+00   1.3541079e+00   1.4964000e+00   1.6430068e+00   1.7926559e+00   1.9440474e+00   2.0958978e+00   2.2469728e+00   2.3961217e+00   2.5422984e+00   2.6845805e+00   2.8221750e+00   2.9544209e+00   3.0807807e+00   3.2008304e+00   3.3142422e+00   3.4207684e+00   3.5202212e+00   3.6124573e+00   3.6973610e+00   3.7748336e+00   3.8447824e+00   3.9071174e+00   3.9617469e+00   4.0085802e+00   4.0475286e+00   4.0785115e+00   4.1014613e+00   4.1163297e+00   4.1230939e+00   4.1217621e+00   4.1123782e+00   4.0950260e+00   4.0698314e+00   4.0369644e+00   3.9966388e+00   3.9491123e+00   3.8946842e+00   3.8336931e+00   3.7665137e+00   3.6935528e+00   3.6152454e+00   3.5320492e+00   3.4444410e+00   3.3529107e+00   3.2579571e+00   3.1600823e+00   3.0597882e+00   2.9575704e+00   2.8539157e+00   2.7492967e+00   2.6441697e+00   2.5389704e+00   2.4341125e+00   2.3299838e+00   2.2269462e+00   2.1253325e+00   2.0254473e+00   1.9275642e+00   1.8319280e+00   1.7387522e+00   1.6482222e+00   1.5604933e+00   1.4756941e+00   1.3939252e+00   1.3152634e+00   1.2397601e+00   1.1674461e+00   1.0983300e+00   1.0324035e+00   9.6963909e-01   9.0999649e-01   8.5341954e-01   7.9984271e-01   7.4918790e-01   7.0137110e-01   6.5629853e-01   6.1387370e-01   5.7399275e-01   5.3655196e-01   5.0144215e-01   4.6855685e-01   4.3778548e-01   4.0902242e-01   3.8215883e-01   3.5709284e-01   3.3371971e-01   3.1194364e-01   2.9166588e-01   2.7279894e-01   2.5525209e-01   2.3894957e-01   2.2381295e-01   2.0978698e-01   1.9681888e-01   1.8490177e-01   1.7405379e-01   1.6441042e-01   1.5621128e-01   1.5007237e-01
   1.4999195e-01   1.4848010e-01   1.4946003e-01   1.5339006e-01   1.6075799e-01   1.7211617e-01   1.8807325e-01   2.0928107e-01   2.3642534e-01   2.7019889e-01   3.1128465e-01   3.6032087e-01   4.1787820e-01   4.8442220e-01   5.6029018e-01   6.4565832e-01   7.4052589e-01   8.4469460e-01   9.5776713e-01   1.0791443e+00   1.2080416e+00   1.3435051e+00   1.4844447e+00   1.6296643e+00   1.7779052e+00   1.9278821e+00   2.0783270e+00   2.2280213e+00   2.3758299e+00   2.5207224e+00   2.6617915e+00   2.7982584e+00   2.9294755e+00   3.0549176e+00   3.1741720e+00   3.2869207e+00   3.3929250e+00   3.4920042e+00   3.5840214e+00   3.6688656e+00   3.7464412e+00   3.8166578e+00   3.8794258e+00   3.9346528e+00   3.9822456e+00   4.0221118e+00   4.0541656e+00   4.0783326e+00   4.0945564e+00   4.1028047e+00   4.1030752e+00   4.0953999e+00   4.0798496e+00   4.0565367e+00   4.0256166e+00   3.9872883e+00   3.9417940e+00   3.8894178e+00   3.8304829e+00   3.7653487e+00   3.6944074e+00   3.6180798e+00   3.5368104e+00   3.4510635e+00   3.3613174e+00   3.2680608e+00   3.1717867e+00   3.0729889e+00   2.9721568e+00   2.8697719e+00   2.7663030e+00   2.6622038e+00   2.5579088e+00   2.4538316e+00   2.3503610e+00   2.2478613e+00   2.1466682e+00   2.0470902e+00   1.9494060e+00   1.8538654e+00   1.7606883e+00   1.6700662e+00   1.5821610e+00   1.4971086e+00   1.4150166e+00   1.3359689e+00   1.2600241e+00   1.1872199e+00   1.1175717e+00   1.0510779e+00   9.8771737e-01   9.2745569e-01   8.7024240e-01   8.1601720e-01   7.6470686e-01   7.1623182e-01   6.7050233e-01   6.2742554e-01   5.8690080e-01   5.4882722e-01   5.1309808e-01   4.7960899e-01   4.4825113e-01   4.1892030e-01   3.9150881e-01   3.6591563e-01   3.4203664e-01   3.1977641e-01   2.9903640e-01   2.7972906e-01   2.6176354e-01   2.4506370e-01   2.2955068e-01   2.1516853e-01   2.0186368e-01   1.8962809e-01   1.7847845e-01   1.6854790e-01   1.6007293e-01   1.5366380e-01
   1.5338782e-01   1.5160339e-01   1.5230838e-01   1.5595613e-01   1.6302914e-01   1.7407391e-01   1.8969273e-01   2.1053073e-01   2.3726656e-01   2.7058589e-01   3.1116454e-01   3.5963400e-01   4.1655866e-01   4.8239870e-01   5.5748717e-01   6.4199738e-01   7.3592735e-01   8.3907937e-01   9.5105868e-01   1.0712707e+00   1.1989374e+00   1.3331137e+00   1.4727195e+00   1.6165710e+00   1.7634225e+00   1.9120033e+00   2.0610601e+00   2.2093897e+00   2.3558726e+00   2.4994934e+00   2.6393594e+00   2.7747059e+00   2.9048984e+00   3.0294236e+00   3.1478800e+00   3.2599595e+00   3.3654316e+00   3.4641234e+00   3.5559038e+00   3.6406666e+00   3.7183200e+00   3.7887755e+00   3.8519443e+00   3.9077336e+00   3.9560479e+00   3.9967917e+00   4.0298742e+00   4.0552146e+00   4.0727492e+00   4.0824366e+00   4.0842641e+00   4.0782527e+00   4.0644607e+00   4.0429872e+00   4.0139737e+00   3.9776047e+00   3.9341075e+00   3.8837512e+00   3.8268437e+00   3.7637298e+00   3.6947872e+00   3.6204225e+00   3.5410670e+00   3.4571727e+00   3.3692064e+00   3.2776463e+00   3.1829763e+00   3.0856823e+00   2.9862468e+00   2.8851459e+00   2.7828443e+00   2.6797930e+00   2.5764248e+00   2.4731527e+00   2.3703666e+00   2.2684323e+00   2.1676884e+00   2.0684472e+00   1.9709915e+00   1.8755766e+00   1.7824276e+00   1.6917425e+00   1.6036897e+00   1.5184116e+00   1.4360229e+00   1.3566145e+00   1.2802518e+00   1.2069796e+00   1.1368201e+00   1.0697781e+00   1.0058388e+00   9.4497369e-01   8.8713808e-01   8.3227689e-01   7.8032181e-01   7.3119777e-01   6.8481915e-01   6.4109677e-01   5.9993330e-01   5.6123077e-01   5.2488502e-01   4.9079380e-01   4.5885018e-01   4.2895146e-01   4.0099119e-01   3.7486925e-01   3.5048227e-01   3.2773524e-01   3.0652989e-01   2.8677873e-01   2.6839082e-01   2.5128973e-01   2.3539620e-01   2.2065364e-01   2.0700776e-01   1.9444937e-01   1.8299379e-01   1.7277189e-01   1.6401706e-01   1.5733392e-01
   1.5685977e-01   1.5479969e-01   1.5522707e-01   1.5859037e-01   1.6536685e-01   1.7609726e-01   1.9137766e-01   2.1184652e-01   2.3817557e-01   2.7104341e-01   3.1111889e-01   3.5902678e-01   4.1532533e-01   4.8046940e-01   5.5478781e-01   6.3845103e-01   7.3145579e-01   8.3360493e-01   9.4450610e-01   1.0635692e+00   1.1900227e+00   1.3229296e+00   1.4612202e+00   1.6037222e+00   1.7492029e+00   1.8964055e+00   2.0440914e+00   2.1910724e+00   2.3362438e+00   2.4786052e+00   2.6172782e+00   2.7515117e+00   2.8806839e+00   3.0042936e+00   3.1219499e+00   3.2333542e+00   3.3382847e+00   3.4365758e+00   3.5281023e+00   3.6127632e+00   3.6904699e+00   3.7611364e+00   3.8246750e+00   3.8809924e+00   3.9299916e+00   3.9715738e+00   4.0056439e+00   4.0321152e+00   4.0509169e+00   4.0619990e+00   4.0653394e+00   4.0609478e+00   4.0488709e+00   4.0291951e+00   4.0020482e+00   3.9676007e+00   3.9260656e+00   3.8776969e+00   3.8227880e+00   3.7616692e+00   3.6947035e+00   3.6222841e+00   3.5448291e+00   3.4627778e+00   3.3765859e+00   3.2867210e+00   3.1936576e+00   3.0978736e+00   2.9998445e+00   2.9000407e+00   2.7989227e+00   2.6969382e+00   2.5945180e+00   2.4920747e+00   2.3899983e+00   2.2886562e+00   2.1883896e+00   2.0895137e+00   1.9923158e+00   1.8970557e+00   1.8039642e+00   1.7132449e+00   1.6250726e+00   1.5395962e+00   1.4569371e+00   1.3771930e+00   1.3004363e+00   1.2267185e+00   1.1560685e+00   1.0884974e+00   1.0239969e+00   9.6254446e-01   9.0410087e-01   8.4861643e-01   7.9602777e-01   7.4626436e-01   6.9924476e-01   6.5488355e-01   6.1308681e-01   5.7375956e-01   5.3680026e-01   5.0210895e-01   4.6958063e-01   4.3911421e-01   4.1060457e-01   3.8395261e-01   3.5905575e-01   3.3581951e-01   3.1414597e-01   2.9394777e-01   2.7513393e-01   2.5762780e-01   2.4134978e-01   2.2624272e-01   2.1225161e-01   1.9936621e-01   1.8760048e-01   1.7708309e-01   1.6804441e-01   1.6108351e-01
   1.6040855e-01   1.5806976e-01   1.5821686e-01   1.6129349e-01   1.6777179e-01   1.7818683e-01   1.9312853e-01   2.1322883e-01   2.3915262e-01   2.7157157e-01   3.1114761e-01   3.5849892e-01   4.1417768e-01   4.7863351e-01   5.5219102e-01   6.3501786e-01   7.2710946e-01   8.2826913e-01   9.3810688e-01   1.0560369e+00   1.1812939e+00   1.3129491e+00   1.4499426e+00   1.5911134e+00   1.7352415e+00   1.8810837e+00   2.0274156e+00   2.1730635e+00   2.3169377e+00   2.4580520e+00   2.5955421e+00   2.7286700e+00   2.8568267e+00   2.9795224e+00   3.0963767e+00   3.2071007e+00   3.3114808e+00   3.4093586e+00   3.5006152e+00   3.5851542e+00   3.6628908e+00   3.7337416e+00   3.7976199e+00   3.8544324e+00   3.9040808e+00   3.9464634e+00   3.9814810e+00   4.0090418e+00   4.0290679e+00   4.0415014e+00   4.0463110e+00   4.0434960e+00   4.0330918e+00   4.0151723e+00   3.9898524e+00   3.9572889e+00   3.9176806e+00   3.8712674e+00   3.8183281e+00   3.7591786e+00   3.6941680e+00   3.6236756e+00   3.5481067e+00   3.4678882e+00   3.3834643e+00   3.2952922e+00   3.2038370e+00   3.1095681e+00   3.0129541e+00   2.9144596e+00   2.8145402e+00   2.7136403e+00   2.6121886e+00   2.5105966e+00   2.4092544e+00   2.3085304e+00   2.2087680e+00   2.1102855e+00   2.0133738e+00   1.9182974e+00   1.8252920e+00   1.7345670e+00   1.6463030e+00   1.5606554e+00   1.4777521e+00   1.3976975e+00   1.3205706e+00   1.2464296e+00   1.1753100e+00   1.1072294e+00   1.0421856e+00   9.8016199e-01   9.2112507e-01   8.6503044e-01   8.1181970e-01   7.6142692e-01   7.1377488e-01   6.6878199e-01   6.2635781e-01   5.8641042e-01   5.4884101e-01   5.1355199e-01   4.8044038e-01   4.4940677e-01   4.2034747e-01   3.9316450e-01   3.6775614e-01   3.4402853e-01   3.2188418e-01   3.0123590e-01   2.8199278e-01   2.6407799e-01   2.4741165e-01   2.3193610e-01   2.1759568e-01   2.0437914e-01   1.9229913e-01   1.8148218e-01   1.7215570e-01   1.6491334e-01
   1.6403491e-01   1.6141433e-01   1.6127846e-01   1.6406619e-01   1.7024460e-01   1.8034320e-01   1.9494584e-01   2.1467806e-01   2.4019799e-01   2.7217048e-01   3.1125064e-01   3.5805017e-01   4.1311523e-01   4.7689027e-01   5.4969576e-01   6.3169651e-01   7.2288665e-01   8.2306992e-01   9.3185859e-01   1.0486710e+00   1.1727480e+00   1.3031686e+00   1.4388827e+00   1.5787402e+00   1.7215335e+00   1.8660326e+00   2.0110272e+00   2.1553577e+00   2.2979487e+00   2.4378281e+00   2.5741453e+00   2.7061753e+00   2.8333213e+00   2.9551049e+00   3.0711559e+00   3.1811948e+00   3.2850163e+00   3.3824691e+00   3.4734403e+00   3.5578384e+00   3.6355826e+00   3.7065918e+00   3.7707808e+00   3.8280565e+00   3.8783194e+00   3.9214655e+00   3.9573918e+00   3.9860014e+00   4.0072102e+00   4.0209528e+00   4.0271888e+00   4.0259079e+00   4.0171344e+00   4.0009304e+00   3.9773982e+00   3.9466814e+00   3.9089650e+00   3.8644750e+00   3.8134760e+00   3.7562698e+00   3.6931918e+00   3.6246078e+00   3.5509100e+00   3.4725132e+00   3.3898501e+00   3.3033675e+00   3.2135209e+00   3.1207714e+00   3.0255802e+00   2.9284058e+00   2.8296991e+00   2.7299007e+00   2.6294369e+00   2.5287177e+00   2.4281331e+00   2.3280523e+00   2.2288204e+00   2.1307585e+00   2.0341610e+00   1.9392964e+00   1.8464054e+00   1.7557027e+00   1.6673747e+00   1.5815829e+00   1.4984614e+00   1.4181212e+00   1.3406479e+00   1.2661062e+00   1.1945381e+00   1.1259676e+00   1.0603985e+00   9.9782026e-01   9.3820496e-01   8.8151353e-01   8.2769256e-01   7.7668075e-01   7.2840517e-01   6.8278813e-01   6.3974270e-01   5.9918013e-01   5.6100442e-01   5.2512040e-01   4.9142723e-01   4.5982727e-01   4.3021835e-01   4.0250365e-01   3.7658245e-01   3.5236155e-01   3.2974398e-01   3.0864280e-01   2.8896722e-01   2.7064031e-01   2.5358197e-01   2.3773407e-01   2.2304038e-01   2.0948865e-01   1.9709031e-01   1.8596979e-01   1.7635162e-01   1.6882410e-01
   1.6773956e-01   1.6483414e-01   1.6441258e-01   1.6690914e-01   1.7278592e-01   1.8256694e-01   1.9683010e-01   2.1619461e-01   2.4131197e-01   2.7284028e-01   3.1142796e-01   3.5768029e-01   4.1213753e-01   4.7523899e-01   5.4730105e-01   6.2848571e-01   7.1878577e-01   8.1800534e-01   9.2575887e-01   1.0414688e+00   1.1643818e+00   1.2935847e+00   1.4280365e+00   1.5665983e+00   1.7080743e+00   1.8512475e+00   1.9949210e+00   2.1379495e+00   2.2792712e+00   2.4179279e+00   2.5530823e+00   2.6840221e+00   2.8101625e+00   2.9310360e+00   3.0462828e+00   3.1556324e+00   3.2588876e+00   3.3559042e+00   3.4465754e+00   3.5308146e+00   3.6085447e+00   3.6796875e+00   3.7441593e+00   3.8018673e+00   3.8527112e+00   3.8965848e+00   3.9333819e+00   3.9630009e+00   3.9853516e+00   4.0003616e+00   4.0079822e+00   4.0081935e+00   4.0010094e+00   3.9864807e+00   3.9646973e+00   3.9357901e+00   3.8999308e+00   3.8573316e+00   3.8082435e+00   3.7529545e+00   3.6917862e+00   3.6250912e+00   3.5532489e+00   3.4766621e+00   3.3957519e+00   3.3109546e+00   3.2227162e+00   3.1314892e+00   3.0377274e+00   2.9418832e+00   2.8444021e+00   2.7457211e+00   2.6462634e+00   2.5464377e+00   2.4466332e+00   2.3472198e+00   2.2485439e+00   2.1509291e+00   2.0546729e+00   1.9600478e+00   1.8672990e+00   1.7766462e+00   1.6882815e+00   1.6023720e+00   1.5190582e+00   1.4384573e+00   1.3606614e+00   1.2857416e+00   1.2137462e+00   1.1447055e+00   1.0786294e+00   1.0155133e+00   9.5533484e-01   8.9806029e-01   8.4364127e-01   7.9202113e-01   7.4313126e-01   6.9689793e-01   6.5323782e-01   6.1206539e-01   5.7328753e-01   5.3681158e-01   5.0253892e-01   4.7037377e-01   4.4021554e-01   4.1196870e-01   3.8553357e-01   3.6081771e-01   3.3772474e-01   3.1616804e-01   2.9605702e-01   2.7731471e-01   2.5986084e-01   2.4363688e-01   2.2858606e-01   2.1469521e-01   2.0197457e-01   1.9054654e-01   1.8063283e-01   1.7281651e-01
   1.7152319e-01   1.6832987e-01   1.6761992e-01   1.6982302e-01   1.7539638e-01   1.8485864e-01   1.9878182e-01   2.1777889e-01   2.4249484e-01   2.7358112e-01   3.1167955e-01   3.5738908e-01   4.1124415e-01   4.7367901e-01   5.4500596e-01   6.2538421e-01   7.1480524e-01   8.1307349e-01   9.1980548e-01   1.0344276e+00   1.1561922e+00   1.2841938e+00   1.4174004e+00   1.5546836e+00   1.6948594e+00   1.8367235e+00   1.9790921e+00   2.1208336e+00   2.2608998e+00   2.3983458e+00   2.5323475e+00   2.6622049e+00   2.7873449e+00   2.9073108e+00   3.0217528e+00   3.1304093e+00   3.2330912e+00   3.3296612e+00   3.4200184e+00   3.5040814e+00   3.5817767e+00   3.6530292e+00   3.7177568e+00   3.7758672e+00   3.8272595e+00   3.8718259e+00   3.9094569e+00   3.9400467e+00   3.9634996e+00   3.9797363e+00   3.9887004e+00   3.9903628e+00   3.9847275e+00   3.9718341e+00   3.9517611e+00   3.9246267e+00   3.8905898e+00   3.8498492e+00   3.8026425e+00   3.7492440e+00   3.6899622e+00   3.6251365e+00   3.5551336e+00   3.4803442e+00   3.4011782e+00   3.3180611e+00   3.2314295e+00   3.1417273e+00   3.0494007e+00   2.9548955e+00   2.8586520e+00   2.7611031e+00   2.6626690e+00   2.5637563e+00   2.4647536e+00   2.3660309e+00   2.2679358e+00   2.1707939e+00   2.0749055e+00   1.9805470e+00   1.8879676e+00   1.7973919e+00   1.7090173e+00   1.6230166e+00   1.5395362e+00   1.4586995e+00   1.3806046e+00   1.3053292e+00   1.2329278e+00   1.1634367e+00   1.0968722e+00   1.0332352e+00   9.7250901e-01   9.1466532e-01   8.5966072e-01   8.0744327e-01   7.5794871e-01   7.1110733e-01   6.6683945e-01   6.2506282e-01   5.8568731e-01   5.4862285e-01   5.1377310e-01   4.8104424e-01   4.5033732e-01   4.2155821e-01   3.9460832e-01   3.6939609e-01   3.4582577e-01   3.2381116e-01   3.0326191e-01   2.8410107e-01   2.6624830e-01   2.4964469e-01   2.3423300e-01   2.1999920e-01   2.0695238e-01   1.9521297e-01   1.8499995e-01   1.7689122e-01
   1.7538644e-01   1.7190220e-01   1.7090115e-01   1.7280848e-01   1.7807662e-01   1.8721886e-01   2.0080148e-01   2.1943131e-01   2.4374690e-01   2.7439317e-01   3.1200542e-01   3.5717638e-01   4.1043471e-01   4.7220969e-01   5.4280959e-01   6.2239085e-01   7.1094359e-01   8.0827255e-01   9.1399624e-01   1.0275448e+00   1.1481764e+00   1.2749926e+00   1.4069706e+00   1.5429920e+00   1.6818845e+00   1.8224559e+00   1.9635356e+00   2.1040049e+00   2.2428291e+00   2.3790766e+00   2.5119356e+00   2.6407185e+00   2.7648634e+00   2.8839245e+00   2.9975614e+00   3.1055215e+00   3.2076234e+00   3.3037369e+00   3.3937671e+00   3.4776372e+00   3.5552780e+00   3.6266172e+00   3.6915745e+00   3.7500584e+00   3.8019677e+00   3.8471930e+00   3.8856220e+00   3.9171450e+00   3.9416612e+00   3.9590849e+00   3.9693521e+00   3.9724253e+00   3.9682987e+00   3.9570015e+00   3.9386007e+00   3.9132026e+00   3.8809534e+00   3.8420392e+00   3.7966842e+00   3.7451497e+00   3.6877308e+00   3.6247541e+00   3.5565740e+00   3.4835689e+00   3.4061375e+00   3.3246949e+00   3.2396679e+00   3.1514917e+00   3.0606049e+00   2.9674466e+00   2.8724519e+00   2.7760489e+00   2.6786547e+00   2.5806738e+00   2.4824936e+00   2.3844841e+00   2.2869936e+00   2.1903496e+00   2.0948550e+00   2.0007894e+00   1.9084062e+00   1.8179344e+00   1.7295765e+00   1.6435107e+00   1.5598891e+00   1.4788411e+00   1.4004711e+00   1.3248626e+00   1.2520764e+00   1.1821551e+00   1.1151206e+00   1.0509799e+00   9.8972179e-01   9.3132320e-01   8.7574581e-01   8.2294238e-01   7.7285307e-01   7.2541219e-01   6.8054380e-01   6.3816900e-01   5.9820069e-01   5.6055146e-01   5.2512735e-01   4.9183655e-01   4.6058189e-01   4.3127065e-01   4.0380547e-01   3.7809569e-01   3.5404630e-01   3.3157158e-01   3.1058152e-01   2.9099922e-01   2.7274432e-01   2.5575763e-01   2.3998147e-01   2.2540098e-01   2.1202420e-01   1.9996962e-01   1.8945355e-01   1.8104886e-01
   1.7932997e-01   1.7555177e-01   1.7425692e-01   1.7586617e-01   1.8082723e-01   1.8964818e-01   2.0288960e-01   2.2115229e-01   2.4506847e-01   2.7527661e-01   3.1240560e-01   3.5704202e-01   4.0970886e-01   4.7083046e-01   5.4071111e-01   6.1950450e-01   7.0719939e-01   8.0360075e-01   9.0832904e-01   1.0208181e+00   1.1403315e+00   1.2659781e+00   1.3967435e+00   1.5315197e+00   1.6691453e+00   1.8084402e+00   1.9482465e+00   2.0874583e+00   2.2250541e+00   2.3601149e+00   2.4918413e+00   2.6195576e+00   2.7427130e+00   2.8608721e+00   2.9737040e+00   3.0809648e+00   3.1824808e+00   3.2781285e+00   3.3678190e+00   3.4514805e+00   3.5290479e+00   3.6004515e+00   3.6656134e+00   3.7244430e+00   3.7768387e+00   3.8226900e+00   3.8618822e+00   3.8943018e+00   3.9198433e+00   3.9384150e+00   3.9499459e+00   3.9543901e+00   3.9517329e+00   3.9419930e+00   3.9252268e+00   3.9015288e+00   3.8710331e+00   3.8339131e+00   3.7903802e+00   3.7406827e+00   3.6851029e+00   3.6239547e+00   3.5575799e+00   3.4863454e+00   3.4106384e+00   3.3308637e+00   3.2474382e+00   3.1607884e+00   3.0713452e+00   2.9795410e+00   2.8858049e+00   2.7905607e+00   2.6942219e+00   2.5971905e+00   2.4998527e+00   2.4025778e+00   2.3057151e+00   2.2095933e+00   2.1145177e+00   2.0207710e+00   1.9286101e+00   1.8382685e+00   1.7499535e+00   1.6638484e+00   1.5801109e+00   1.4988762e+00   1.4202544e+00   1.3443354e+00   1.2711859e+00   1.2008544e+00   1.1333688e+00   1.0687416e+00   1.0069675e+00   9.4802852e-01   8.9189140e-01   8.3851363e-01   7.8783981e-01   7.3980834e-01   6.9434704e-01   6.5138043e-01   6.1082450e-01   5.7259458e-01   5.3659916e-01   5.0274853e-01   4.7094735e-01   4.4110443e-01   4.1312367e-01   3.8691543e-01   3.6238550e-01   3.3944870e-01   3.1801542e-01   2.9800891e-01   2.7934884e-01   2.6197576e-01   2.4583164e-01   2.3090086e-01   2.1719042e-01   2.0481697e-01   1.9399420e-01   1.8529002e-01
   1.8335436e-01   1.7927922e-01   1.7768786e-01   1.7899671e-01   1.8364882e-01   1.9214713e-01   2.0504666e-01   2.2294223e-01   2.4645984e-01   2.7623162e-01   3.1288012e-01   3.5698588e-01   4.0906627e-01   4.6954077e-01   5.3870973e-01   6.1672409e-01   7.0357126e-01   7.9905642e-01   9.0280186e-01   1.0142451e+00   1.1326549e+00   1.2571470e+00   1.3867158e+00   1.5202628e+00   1.6566376e+00   1.7946720e+00   1.9332202e+00   2.0711891e+00   2.2075697e+00   2.3414555e+00   2.4720594e+00   2.5987171e+00   2.7208888e+00   2.8381489e+00   2.9501763e+00   3.0567352e+00   3.1576596e+00   3.2528330e+00   3.3421719e+00   3.4256098e+00   3.5030854e+00   3.5745323e+00   3.6398746e+00   3.6990227e+00   3.7518754e+00   3.7983207e+00   3.8382421e+00   3.8715226e+00   3.8980524e+00   3.9177341e+00   3.9304899e+00   3.9362663e+00   3.9350396e+00   3.9268190e+00   3.9116500e+00   3.8896163e+00   3.8608398e+00   3.8254819e+00   3.7837415e+00   3.7358540e+00   3.6820891e+00   3.6227483e+00   3.5581613e+00   3.4886830e+00   3.4146896e+00   3.3365753e+00   3.2547475e+00   3.1696237e+00   3.0816270e+00   2.9911828e+00   2.8987144e+00   2.8046409e+00   2.7093720e+00   2.6133070e+00   2.5168305e+00   2.4203111e+00   2.3240984e+00   2.2285224e+00   2.1338904e+00   2.0404877e+00   1.9485748e+00   1.8583893e+00   1.7701429e+00   1.6840240e+00   1.6001956e+00   1.5187984e+00   1.4399485e+00   1.3637415e+00   1.2902499e+00   1.2195284e+00   1.1516105e+00   1.0865145e+00   1.0242405e+00   9.6477588e-01   9.0809236e-01   8.5415219e-01   8.0290442e-01   7.5429157e-01   7.0824529e-01   6.6469356e-01   6.2355551e-01   5.8474932e-01   5.4818595e-01   5.1377791e-01   4.8143174e-01   4.5105785e-01   4.2256151e-01   3.9585415e-01   3.7084244e-01   3.4744182e-01   3.2556311e-01   3.0512982e-01   2.8606169e-01   2.6829908e-01   2.5178366e-01   2.3649909e-01   2.2245140e-01   2.0975545e-01   1.9862239e-01   1.8961528e-01
   1.8746019e-01   1.8308513e-01   1.8119458e-01   1.8220069e-01   1.8654196e-01   1.9471628e-01   2.0727315e-01   2.2480155e-01   2.4792135e-01   2.7725840e-01   3.1342905e-01   3.5700784e-01   4.0850664e-01   4.6834009e-01   5.3680467e-01   6.1404859e-01   7.0005790e-01   7.9463792e-01   8.9741276e-01   1.0078234e+00   1.1251438e+00   1.2484965e+00   1.3768841e+00   1.5092177e+00   1.6443576e+00   1.7811470e+00   1.9184522e+00   2.0551924e+00   2.1903710e+00   2.3230936e+00   2.4525850e+00   2.5781921e+00   2.6993857e+00   2.8157503e+00   2.9269738e+00   3.0328286e+00   3.1331565e+00   3.2278472e+00   3.3168234e+00   3.4000232e+00   3.4773896e+00   3.5488594e+00   3.6143586e+00   3.6737993e+00   3.7270802e+00   3.7740887e+00   3.8147062e+00   3.8488130e+00   3.8762948e+00   3.8970493e+00   3.9109921e+00   3.9180625e+00   3.9182281e+00   3.9114890e+00   3.8978807e+00   3.8774755e+00   3.8503845e+00   3.8167567e+00   3.7767789e+00   3.7306743e+00   3.6787001e+00   3.6211454e+00   3.5583278e+00   3.4905909e+00   3.4182997e+00   3.3418378e+00   3.2616030e+00   3.1780039e+00   3.0914556e+00   3.0023766e+00   2.9111841e+00   2.8182922e+00   2.7241068e+00   2.6290242e+00   2.5334269e+00   2.4376830e+00   2.3421419e+00   2.2471345e+00   2.1529698e+00   2.0599358e+00   1.9682961e+00   1.8782920e+00   1.7901396e+00   1.7040321e+00   1.6201375e+00   1.5386020e+00   1.4595473e+00   1.3830746e+00   1.3092624e+00   1.2381710e+00   1.1698399e+00   1.1042928e+00   1.0415352e+00   9.8155990e-01   9.2434356e-01   8.6985320e-01   8.1804233e-01   7.6885763e-01   7.2223461e-01   6.7810476e-01   6.3639045e-01   5.9701271e-01   5.5988509e-01   5.2492235e-01   4.9203301e-01   4.6112917e-01   4.3211752e-01   4.0491063e-01   3.7941613e-01   3.5555015e-01   3.3322405e-01   3.1236159e-01   2.9288267e-01   2.7472755e-01   2.5783760e-01   2.4219587e-01   2.2780745e-01   2.1478547e-01   2.0333860e-01   1.9402516e-01
   1.9164800e-01   1.8697009e-01   1.8477767e-01   1.8547871e-01   1.8950723e-01   1.9735614e-01   2.0956955e-01   2.2673066e-01   2.4945330e-01   2.7835716e-01   3.1405244e-01   3.5710782e-01   4.0802969e-01   4.6722795e-01   5.3499523e-01   6.1147704e-01   6.9665805e-01   7.9034371e-01   8.9215985e-01   1.0015508e+00   1.1177956e+00   1.2400236e+00   1.3672451e+00   1.4983808e+00   1.6323013e+00   1.7678611e+00   1.9039381e+00   2.0394636e+00   2.1734531e+00   2.3050242e+00   2.4334129e+00   2.5579775e+00   2.6781990e+00   2.7936717e+00   2.9040921e+00   3.0092412e+00   3.1089677e+00   3.2031682e+00   3.2917710e+00   3.3747192e+00   3.4519597e+00   3.5234325e+00   3.5890663e+00   3.6487742e+00   3.7024556e+00   3.7499972e+00   3.7912788e+00   3.8261779e+00   3.8545766e+00   3.8763674e+00   3.8914601e+00   3.8997869e+00   3.9013074e+00   3.8960128e+00   3.8839286e+00   3.8651170e+00   3.8396776e+00   3.8077481e+00   3.7695034e+00   3.7251544e+00   3.6749462e+00   3.6191559e+00   3.5580893e+00   3.4920784e+00   3.4214772e+00   3.3466590e+00   3.2680117e+00   3.1859353e+00   3.1008366e+00   3.0131270e+00   2.9232177e+00   2.8315175e+00   2.7384282e+00   2.6443430e+00   2.5496423e+00   2.4546929e+00   2.3598441e+00   2.2654273e+00   2.1717532e+00   2.0791119e+00   1.9877699e+00   1.8979721e+00   1.8099387e+00   1.7238673e+00   1.6399311e+00   1.5582812e+00   1.4790448e+00   1.4023288e+00   1.3282174e+00   1.2567764e+00   1.1880510e+00   1.1220706e+00   1.0588460e+00   9.9837520e-01   9.4063987e-01   8.8561179e-01   8.3324896e-01   7.8350224e-01   7.3631103e-01   6.9161040e-01   6.4932597e-01   6.0938172e-01   5.7169386e-01   5.3617944e-01   5.0274907e-01   4.7131656e-01   4.4179012e-01   4.1408357e-01   3.8810552e-01   3.6377287e-01   3.4099759e-01   3.1970377e-01   2.9981153e-01   2.8126105e-01   2.6399351e-01   2.4799137e-01   2.3325883e-01   2.1990738e-01   2.0814326e-01   1.9852016e-01
   1.9591830e-01   1.9093462e-01   1.8843769e-01   1.8883133e-01   1.9254518e-01   2.0006726e-01   2.1193634e-01   2.2872997e-01   2.5105601e-01   2.7952811e-01   3.1475039e-01   3.5728574e-01   4.0763517e-01   4.6620390e-01   5.3328072e-01   6.0900850e-01   6.9337050e-01   7.8617228e-01   8.8704132e-01   9.9542527e-01   1.1106081e+00   1.2317254e+00   1.3577956e+00   1.4877486e+00   1.6204649e+00   1.7548100e+00   1.8896734e+00   2.0239982e+00   2.1568114e+00   2.2872424e+00   2.4145385e+00   2.5380686e+00   2.6573240e+00   2.7719084e+00   2.8815270e+00   2.9859689e+00   3.0850899e+00   3.1787930e+00   3.2670123e+00   3.3496957e+00   3.4267943e+00   3.4982514e+00   3.5639980e+00   3.6239488e+00   3.6780038e+00   3.7260494e+00   3.7679639e+00   3.8036224e+00   3.8329034e+00   3.8556950e+00   3.8719013e+00   3.8814476e+00   3.8842861e+00   3.8803994e+00   3.8698036e+00   3.8525507e+00   3.8287296e+00   3.7984667e+00   3.7619254e+00   3.7193047e+00   3.6708378e+00   3.6167900e+00   3.5574554e+00   3.4931545e+00   3.4242307e+00   3.3510467e+00   3.2739810e+00   3.1934243e+00   3.1097755e+00   3.0234388e+00   2.9348191e+00   2.8443198e+00   2.7523384e+00   2.6592647e+00   2.5654769e+00   2.4713403e+00   2.3772037e+00   2.2833990e+00   2.1902380e+00   2.0980127e+00   2.0069924e+00   1.9174253e+00   1.8295354e+00   1.7435246e+00   1.6595708e+00   1.5778302e+00   1.4984353e+00   1.4214983e+00   1.3471089e+00   1.2753387e+00   1.2062382e+00   1.1398424e+00   1.0761674e+00   1.0152164e+00   9.5697617e-01   9.0142309e-01   8.4851970e-01   7.9822108e-01   7.5047053e-01   7.0520675e-01   6.6235868e-01   6.2185328e-01   5.8360948e-01   5.4754672e-01   5.1357772e-01   4.8161812e-01   4.5157771e-01   4.2337158e-01   3.9690946e-01   3.7210907e-01   3.4888303e-01   3.2715586e-01   3.0684792e-01   2.8789941e-01   2.7025136e-01   2.5388567e-01   2.3880576e-01   2.2512148e-01   2.1303677e-01   2.0310073e-01
   2.0027156e-01   1.9497926e-01   1.9217517e-01   1.9225910e-01   1.9565634e-01   2.0285012e-01   2.1437398e-01   2.3079988e-01   2.5272982e-01   2.8077146e-01   3.1552299e-01   3.5754154e-01   4.0732285e-01   4.6526750e-01   5.3166050e-01   6.0664208e-01   6.9019410e-01   7.8212219e-01   8.8205543e-01   9.8944468e-01   1.1035786e+00   1.2235993e+00   1.3485328e+00   1.4773177e+00   1.6088447e+00   1.7419900e+00   1.8756541e+00   2.0087916e+00   2.1404413e+00   2.2697436e+00   2.3959569e+00   2.5184607e+00   2.6367561e+00   2.7504560e+00   2.8592743e+00   2.9630077e+00   3.0615194e+00   3.1547185e+00   3.2425448e+00   3.3249510e+00   3.4018924e+00   3.4733156e+00   3.5391540e+00   3.5993243e+00   3.6537269e+00   3.7022481e+00   3.7447652e+00   3.7811510e+00   3.8112808e+00   3.8350384e+00   3.8523226e+00   3.8630524e+00   3.8671728e+00   3.8646580e+00   3.8555151e+00   3.8397864e+00   3.8175505e+00   3.7889227e+00   3.7540552e+00   3.7131354e+00   3.6663850e+00   3.6140575e+00   3.5564355e+00   3.4938285e+00   3.4265688e+00   3.3550091e+00   3.2795180e+00   3.2004775e+00   3.1182782e+00   3.0333169e+00   2.9459923e+00   2.8567022e+00   2.7658396e+00   2.6737908e+00   2.5809315e+00   2.4876251e+00   2.3942199e+00   2.3010478e+00   2.2084216e+00   2.1166351e+00   2.0259601e+00   1.9366476e+00   1.8489252e+00   1.7629992e+00   1.6790517e+00   1.5972438e+00   1.5177132e+00   1.4405773e+00   1.3659312e+00   1.2938519e+00   1.2243956e+00   1.1576024e+00   1.0934939e+00   1.0320783e+00   9.7334734e-01   9.1728223e-01   8.6384996e-01   8.1300981e-01   7.6470908e-01   7.1889008e-01   6.7548513e-01   6.3442425e-01   5.9562912e-01   5.5902164e-01   5.2451672e-01   4.9203188e-01   4.6147856e-01   4.3277323e-01   4.0582676e-01   3.8055778e-01   3.5687962e-01   3.3471728e-01   3.1399146e-01   2.9464241e-01   2.7661105e-01   2.5987883e-01   2.4444839e-01   2.3042806e-01   2.1801948e-01   2.0776730e-01
   2.0470824e-01   1.9910448e-01   1.9599063e-01   1.9576254e-01   1.9884124e-01   2.0570524e-01   2.1688293e-01   2.3294079e-01   2.5447503e-01   2.8208744e-01   3.1637033e-01   3.5787520e-01   4.0709254e-01   4.6441836e-01   5.3013396e-01   6.0437693e-01   6.8712774e-01   7.7819206e-01   8.7720050e-01   9.8360703e-01   1.0967050e+00   1.2156426e+00   1.3394535e+00   1.4670849e+00   1.5974372e+00   1.7293971e+00   1.8618760e+00   1.9938397e+00   2.1243382e+00   2.2525231e+00   2.3776635e+00   2.4991491e+00   2.6164906e+00   2.7293101e+00   2.8373297e+00   2.9403539e+00   3.0382528e+00   3.1309417e+00   3.2183659e+00   3.3004831e+00   3.3772527e+00   3.4486245e+00   3.5145347e+00   3.5749016e+00   3.6296266e+00   3.6785961e+00   3.7216864e+00   3.7587682e+00   3.7897141e+00   3.8144037e+00   3.8327310e+00   3.8446089e+00   3.8499755e+00   3.8487972e+00   3.8410724e+00   3.8268339e+00   3.8061502e+00   3.7791262e+00   3.7459030e+00   3.7066568e+00   3.6615978e+00   3.6109681e+00   3.5550392e+00   3.4941092e+00   3.4285001e+00   3.3585540e+00   3.2846302e+00   3.2071015e+00   3.1263504e+00   3.0427664e+00   2.9567416e+00   2.8686681e+00   2.7789344e+00   2.6879230e+00   2.5960067e+00   2.5035473e+00   2.4108918e+00   2.3183723e+00   2.2263021e+00   2.1349765e+00   2.0446694e+00   1.9556349e+00   1.8681037e+00   1.7822861e+00   1.6983685e+00   1.6165166e+00   1.5368729e+00   1.4595601e+00   1.3846786e+00   1.3123106e+00   1.2425175e+00   1.1753451e+00   1.1108200e+00   1.0489555e+00   9.8974830e-01   9.3318433e-01   8.7923509e-01   8.2786408e-01   7.7902258e-01   7.3265659e-01   6.8870184e-01   6.4709143e-01   6.0774987e-01   5.7060159e-01   5.3556374e-01   5.0255580e-01   4.7149092e-01   4.4228700e-01   4.1485615e-01   3.8911794e-01   3.6498652e-01   3.4238741e-01   3.2124169e-01   3.0148975e-01   2.8307247e-01   2.6597085e-01   2.5018686e-01   2.3582733e-01   2.2309171e-01   2.1252026e-01
   2.0922873e-01   2.0331074e-01   1.9988456e-01   1.9934215e-01   2.0210037e-01   2.0863309e-01   2.1946364e-01   2.3515310e-01   2.5629198e-01   2.8347628e-01   3.1729253e-01   3.5828667e-01   4.0694404e-01   4.6365611e-01   5.2870053e-01   6.0221224e-01   6.8417036e-01   7.7438055e-01   8.7247490e-01   9.7791042e-01   1.0899850e+00   1.2078529e+00   1.3305549e+00   1.4570470e+00   1.5862389e+00   1.7170276e+00   1.8483351e+00   1.9791383e+00   2.1084979e+00   2.2355766e+00   2.3596538e+00   2.4801292e+00   2.5965231e+00   2.7084663e+00   2.8156892e+00   2.9180036e+00   3.0152865e+00   3.1074595e+00   3.1944732e+00   3.2762902e+00   3.3528738e+00   3.4241776e+00   3.4901401e+00   3.5506817e+00   3.6057048e+00   3.6550960e+00   3.6987307e+00   3.7364782e+00   3.7682081e+00   3.7937967e+00   3.8131329e+00   3.8261243e+00   3.8327022e+00   3.8328254e+00   3.8264842e+00   3.8137023e+00   3.7945383e+00   3.7690871e+00   3.7374787e+00   3.6998788e+00   3.6564861e+00   3.6075317e+00   3.5532757e+00   3.4940058e+00   3.4300329e+00   3.3616894e+00   3.2893248e+00   3.2133029e+00   3.1339981e+00   3.0517924e+00   2.9670712e+00   2.8802211e+00   2.7916255e+00   2.7016631e+00   2.6107037e+00   2.5191071e+00   2.4272190e+00   2.3353711e+00   2.2438773e+00   2.1530341e+00   2.0631174e+00   1.9743836e+00   1.8870669e+00   1.8013810e+00   1.7175165e+00   1.6356435e+00   1.5559093e+00   1.4784414e+00   1.4033455e+00   1.3307089e+00   1.2605985e+00   1.1930650e+00   1.1281403e+00   1.0658428e+00   1.0061740e+00   9.4912455e-01   8.9467048e-01   8.4277952e-01   7.9340695e-01   7.4650247e-01   7.0200526e-01   6.5985157e-01   6.1996880e-01   5.8228392e-01   5.4671642e-01   5.1318778e-01   4.8161295e-01   4.5191131e-01   4.2399628e-01   3.9778846e-01   3.7320283e-01   3.5016554e-01   3.2859811e-01   3.0844110e-01   2.8963541e-01   2.7216168e-01   2.5602123e-01   2.4131946e-01   2.2825371e-01   2.1735995e-01
   2.1383341e-01   2.0759847e-01   2.0385741e-01   2.0299840e-01   2.0543421e-01   2.1163414e-01   2.2211655e-01   2.3743718e-01   2.5818097e-01   2.8493821e-01   3.1828971e-01   3.5877596e-01   4.0687717e-01   4.6298041e-01   5.2735964e-01   6.0014725e-01   6.8132095e-01   7.7068638e-01   8.6787708e-01   9.7235299e-01   1.0834164e+00   1.2002275e+00   1.3218342e+00   1.4472009e+00   1.5752465e+00   1.7048778e+00   1.8350275e+00   1.9646831e+00   2.0929161e+00   2.2188996e+00   2.3419233e+00   2.4613966e+00   2.5768492e+00   2.6879204e+00   2.7943486e+00   2.8959530e+00   2.9926172e+00   3.0842689e+00   3.1708641e+00   3.2523701e+00   3.3287545e+00   3.3999740e+00   3.4659703e+00   3.5266654e+00   3.5819630e+00   3.6317500e+00   3.6759014e+00   3.7142849e+00   3.7467679e+00   3.7732229e+00   3.7935348e+00   3.8076056e+00   3.8153605e+00   3.8167510e+00   3.8117595e+00   3.8004008e+00   3.7827244e+00   3.7588149e+00   3.7287922e+00   3.6928111e+00   3.6510596e+00   3.6037576e+00   3.5511545e+00   3.4935271e+00   3.4311759e+00   3.3644233e+00   3.2936091e+00   3.2190884e+00   3.1412272e+00   3.0604001e+00   2.9769857e+00   2.8913647e+00   2.8039156e+00   2.7150131e+00   2.6250237e+00   2.5343049e+00   2.4432010e+00   2.3520433e+00   2.2611457e+00   2.1708057e+00   2.0813010e+00   1.9928904e+00   1.9058108e+00   1.8202795e+00   1.7364909e+00   1.6546195e+00   1.5748169e+00   1.4972158e+00   1.4219265e+00   1.3490416e+00   1.2786330e+00   1.2107566e+00   1.1454495e+00   1.0827349e+00   1.0226193e+00   9.6509802e-01   9.1015150e-01   8.5775174e-01   8.0785804e-01   7.6042385e-01   7.1539182e-01   6.7270139e-01   6.3228288e-01   5.9406591e-01   5.5797231e-01   5.2392566e-01   4.9184274e-01   4.6164452e-01   4.3324576e-01   4.0656815e-01   3.8152761e-01   3.5805092e-01   3.3606014e-01   3.1549605e-01   2.9629963e-01   2.7845121e-01   2.6195151e-01   2.4690460e-01   2.3350573e-01   2.2228669e-01
   2.1852262e-01   2.1196804e-01   2.0790961e-01   2.0673175e-01   2.0884323e-01   2.1470885e-01   2.2484207e-01   2.3979342e-01   2.6014232e-01   2.8647344e-01   3.1936200e-01   3.5934304e-01   4.0689180e-01   4.6239092e-01   5.2611079e-01   5.9818122e-01   6.7857853e-01   7.6710834e-01   8.6340553e-01   9.6693294e-01   1.0769972e+00   1.1927641e+00   1.3132888e+00   1.4375436e+00   1.5644566e+00   1.6929442e+00   1.8219495e+00   1.9504703e+00   2.0775886e+00   2.2024877e+00   2.3244676e+00   2.4429470e+00   2.5574646e+00   2.6676682e+00   2.7733040e+00   2.8741983e+00   2.9702414e+00   3.0613668e+00   3.1475360e+00   3.2287209e+00   3.3048932e+00   3.3760131e+00   3.4420251e+00   3.5028532e+00   3.5584025e+00   3.6085604e+00   3.6532015e+00   3.6921922e+00   3.7253978e+00   3.7526877e+00   3.7739426e+00   3.7890596e+00   3.7979577e+00   3.8005818e+00   3.7969065e+00   3.7869383e+00   3.7707175e+00   3.7483191e+00   3.7198530e+00   3.6854634e+00   3.6453278e+00   3.5996553e+00   3.5486846e+00   3.4926818e+00   3.4319373e+00   3.3667634e+00   3.2974905e+00   3.2244647e+00   3.1480439e+00   3.0685948e+00   2.9864895e+00   2.9021027e+00   2.8158079e+00   2.7279753e+00   2.6389681e+00   2.5491414e+00   2.4588379e+00   2.3683879e+00   2.2781056e+00   2.1882891e+00   2.0992175e+00   2.0111518e+00   1.9243316e+00   1.8389774e+00   1.7552873e+00   1.6734397e+00   1.5935910e+00   1.5158780e+00   1.4404162e+00   1.3673031e+00   1.2966156e+00   1.2284146e+00   1.1627422e+00   1.0996267e+00   1.0390793e+00   9.8109992e-01   9.2567352e-01   8.7277635e-01   8.2237173e-01   7.7441686e-01   7.2885791e-01   6.8563756e-01   6.4468908e-01   6.0594477e-01   5.6932891e-01   5.3476720e-01   5.0217834e-01   4.7148491e-01   4.4260310e-01   4.1545577e-01   3.8995981e-01   3.6604273e-01   3.4362715e-01   3.2265415e-01   3.0306484e-01   2.8483929e-01   2.6797770e-01   2.5258283e-01   2.3884795e-01   2.2730074e-01
   2.2329666e-01   2.1641983e-01   2.1204157e-01   2.1054264e-01   2.1232785e-01   2.1785763e-01   2.2764061e-01   2.4222218e-01   2.6217634e-01   2.8808223e-01   3.2050951e-01   3.5998794e-01   4.0698779e-01   4.6188736e-01   5.2495349e-01   5.9631345e-01   6.7594218e-01   7.6364522e-01   8.5905881e-01   9.6164855e-01   1.0707253e+00   1.1854605e+00   1.3049160e+00   1.4280722e+00   1.5538660e+00   1.6812234e+00   1.8090973e+00   1.9364959e+00   2.0625113e+00   2.1863370e+00   2.3072825e+00   2.4247760e+00   2.5383650e+00   2.6477055e+00   2.7525513e+00   2.8527358e+00   2.9481557e+00   3.0387503e+00   3.1244863e+00   3.2053404e+00   3.2812884e+00   3.3522940e+00   3.4183043e+00   3.4792457e+00   3.5350247e+00   3.5855292e+00   3.6306338e+00   3.6702037e+00   3.7041023e+00   3.7321962e+00   3.7543622e+00   3.7704927e+00   3.7805011e+00   3.7843256e+00   3.7819336e+00   3.7733234e+00   3.7585266e+00   3.7376090e+00   3.7106704e+00   3.6778452e+00   3.6393002e+00   3.5952341e+00   3.5458751e+00   3.4914789e+00   3.4323257e+00   3.3687178e+00   3.3009764e+00   3.2294387e+00   3.1544541e+00   3.0763820e+00   2.9955874e+00   2.9124392e+00   2.8273053e+00   2.7405519e+00   2.6525385e+00   2.5636174e+00   2.4741296e+00   2.3844045e+00   2.2947558e+00   2.2054824e+00   2.1168645e+00   2.0291649e+00   1.9426259e+00   1.8574708e+00   1.7739013e+00   1.6920997e+00   1.6122264e+00   1.5344230e+00   1.4588095e+00   1.3854882e+00   1.3145410e+00   1.2460337e+00   1.1800134e+00   1.1165131e+00   1.0555490e+00   9.9712543e-01   9.4123193e-01   8.8784895e-01   8.3694384e-01   7.8847759e-01   7.4239989e-01   6.9865669e-01   6.5718429e-01   6.1791769e-01   5.8078367e-01   5.4571012e-01   5.1261771e-01   4.8143071e-01   4.5206679e-01   4.2445003e-01   3.9849836e-01   3.7414009e-01   3.5129845e-01   3.2991488e-01   3.0993067e-01   2.9132570e-01   2.7409970e-01   2.5835419e-01   2.4428050e-01   2.3240233e-01
   2.2815581e-01   2.2095416e-01   2.1625365e-01   2.1443145e-01   2.1588851e-01   2.2108091e-01   2.3051258e-01   2.4472383e-01   2.6428333e-01   2.8976478e-01   3.2173239e-01   3.6071067e-01   4.0716500e-01   4.6146943e-01   5.2388727e-01   5.9454327e-01   6.7341099e-01   7.6029590e-01   8.5483551e-01   9.5649814e-01   1.0645988e+00   1.1783143e+00   1.2967133e+00   1.4187839e+00   1.5434717e+00   1.6697120e+00   1.7964674e+00   1.9227561e+00   2.0476803e+00   2.1704432e+00   2.2903638e+00   2.4068795e+00   2.5195463e+00   2.6280283e+00   2.7320867e+00   2.8315619e+00   2.9263566e+00   3.0164162e+00   3.1017125e+00   3.1822267e+00   3.2579387e+00   3.3288157e+00   3.3948077e+00   3.4558434e+00   3.5118306e+00   3.5626583e+00   3.6082009e+00   3.6483228e+00   3.6828856e+00   3.7117534e+00   3.7347993e+00   3.7519113e+00   3.7629975e+00   3.7679898e+00   3.7668486e+00   3.7595645e+00   3.7461605e+00   3.7266934e+00   3.7012537e+00   3.6699656e+00   3.6329859e+00   3.5905031e+00   3.5427350e+00   3.4899270e+00   3.4323492e+00   3.3702943e+00   3.3040741e+00   3.2340170e+00   3.1604640e+00   3.0837670e+00   3.0042842e+00   2.9223780e+00   2.8384113e+00   2.7527455e+00   2.6657365e+00   2.5777339e+00   2.4890765e+00   2.4000924e+00   2.3110952e+00   2.2223837e+00   2.1342394e+00   2.0469268e+00   1.9606902e+00   1.8757559e+00   1.7923288e+00   1.7105949e+00   1.6307187e+00   1.5528459e+00   1.4771013e+00   1.4035917e+00   1.3324039e+00   1.2636087e+00   1.1972577e+00   1.1333890e+00   1.0720233e+00   1.0131698e+00   9.5682212e-01   9.0296515e-01   8.5157022e-01   8.0260210e-01   7.5601409e-01   7.1175539e-01   6.6976536e-01   6.2998180e-01   5.9233399e-01   5.5675209e-01   5.2315878e-01   4.9148008e-01   4.6163522e-01   4.3354955e-01   4.0714211e-01   3.8234204e-01   3.5907327e-01   3.3727765e-01   3.1689671e-01   2.9791019e-01   2.8031738e-01   2.6421866e-01   2.4980350e-01   2.3759166e-01
   2.3310028e-01   2.2557133e-01   2.2054620e-01   2.1839857e-01   2.1952558e-01   2.2437909e-01   2.3345835e-01   2.4729871e-01   2.6646359e-01   2.9152133e-01   3.2303077e-01   3.6151125e-01   4.0742335e-01   4.6113687e-01   5.2291168e-01   5.9287004e-01   6.7098412e-01   7.5705929e-01   8.5073429e-01   9.5148010e-01   1.0586157e+00   1.1713233e+00   1.2886782e+00   1.4096759e+00   1.5332706e+00   1.6584067e+00   1.7840563e+00   1.9092473e+00   2.0330917e+00   2.1548023e+00   2.2737074e+00   2.3892534e+00   2.5010044e+00   2.6086326e+00   2.7119063e+00   2.8106728e+00   2.9048410e+00   2.9943617e+00   3.0792119e+00   3.1593775e+00   3.2348423e+00   3.3055772e+00   3.3715349e+00   3.4326464e+00   3.4888214e+00   3.5399494e+00   3.5859052e+00   3.6265526e+00   3.6617516e+00   3.6913638e+00   3.7152592e+00   3.7333215e+00   3.7454536e+00   3.7515818e+00   3.7516594e+00   3.7456698e+00   3.7336278e+00   3.7155814e+00   3.6916119e+00   3.6618338e+00   3.6263942e+00   3.5854714e+00   3.5392731e+00   3.4880346e+00   3.4320161e+00   3.3715008e+00   3.3067910e+00   3.2382064e+00   3.1660799e+00   3.0907556e+00   3.0125846e+00   2.9319233e+00   2.8491291e+00   2.7645587e+00   2.6785642e+00   2.5914920e+00   2.5036790e+00   2.4154516e+00   2.3271228e+00   2.2389916e+00   2.1513403e+00   2.0644347e+00   1.9785214e+00   1.8938290e+00   1.8105657e+00   1.7289209e+00   1.6490630e+00   1.5711419e+00   1.4952866e+00   1.4216086e+00   1.3501994e+00   1.2811344e+00   1.2144702e+00   1.1502494e+00   1.0884975e+00   1.0292281e+00   9.7243950e-01   9.1812054e-01   8.6624667e-01   8.1678647e-01   7.6969680e-01   7.2493020e-01   6.8242912e-01   6.4213416e-01   6.0397720e-01   5.6789069e-01   5.3379939e-01   5.0163113e-01   4.7130674e-01   4.4275291e-01   4.1588985e-01   3.9064759e-01   3.6695082e-01   3.4474185e-01   3.2396250e-01   3.0459243e-01   2.8663058e-01   2.7017621e-01   2.5541699e-01   2.4286888e-01
   2.3813027e-01   2.3027159e-01   2.2491954e-01   2.2244434e-01   2.2323945e-01   2.2775253e-01   2.3647829e-01   2.4994716e-01   2.6871742e-01   2.9335211e-01   3.2440479e-01   3.6238971e-01   4.0776272e-01   4.6088944e-01   5.2202632e-01   5.9129315e-01   6.6866074e-01   7.5393433e-01   8.4675386e-01   9.4659288e-01   1.0527743e+00   1.1644856e+00   1.2808084e+00   1.4007457e+00   1.5232599e+00   1.6473043e+00   1.7718605e+00   1.8959658e+00   2.0187417e+00   2.1394104e+00   2.2573094e+00   2.3718935e+00   2.4827353e+00   2.5895144e+00   2.6920064e+00   2.7900651e+00   2.8836053e+00   2.9725837e+00   3.0569820e+00   3.1367908e+00   3.2119978e+00   3.2825774e+00   3.3484854e+00   3.4096551e+00   3.4659977e+00   3.5174042e+00   3.5637492e+00   3.6048963e+00   3.6407041e+00   3.6710320e+00   3.6957471e+00   3.7147290e+00   3.7278758e+00   3.7351084e+00   3.7363735e+00   3.7316472e+00   3.7209367e+00   3.7042814e+00   3.6817536e+00   3.6534587e+00   3.6195340e+00   3.5801478e+00   3.5354981e+00   3.4858102e+00   3.4313347e+00   3.3723450e+00   3.3091344e+00   3.2420139e+00   3.1713080e+00   3.0973532e+00   3.0204937e+00   2.9410795e+00   2.8594624e+00   2.7759944e+00   2.6910236e+00   2.6048932e+00   2.5179376e+00   2.4304819e+00   2.3428379e+00   2.2553048e+00   2.1681652e+00   2.0816863e+00   1.9961165e+00   1.9116869e+00   1.8286083e+00   1.7470738e+00   1.6672551e+00   1.5893063e+00   1.5133605e+00   1.4395339e+00   1.3679223e+00   1.2986058e+00   1.2316457e+00   1.1670893e+00   1.1049667e+00   1.0452958e+00   9.8807949e-01   9.3331073e-01   8.8096902e-01   8.3102672e-01   7.8344430e-01   7.3817765e-01   6.9517234e-01   6.5437182e-01   6.1571060e-01   5.7912348e-01   5.4453735e-01   5.1188191e-01   4.8107963e-01   4.5205863e-01   4.2474031e-01   3.9905568e-01   3.7493023e-01   3.5230678e-01   3.3112751e-01   3.1137207e-01   2.9303907e-01   2.7622673e-01   2.6112100e-01   2.4823409e-01
   2.4324594e-01   2.3505516e-01   2.2937393e-01   2.2656909e-01   2.2703046e-01   2.3120160e-01   2.3957274e-01   2.5266950e-01   2.7104508e-01   2.9525732e-01   3.2585458e-01   3.6334609e-01   4.0818303e-01   4.6072690e-01   5.2123079e-01   5.8981203e-01   6.6644007e-01   7.5092001e-01   8.4289295e-01   9.4183496e-01   1.0470728e+00   1.1577990e+00   1.2731014e+00   1.3919905e+00   1.5134367e+00   1.6364019e+00   1.7598768e+00   1.8829081e+00   2.0046267e+00   2.1242638e+00   2.2411658e+00   2.3547960e+00   2.4647350e+00   2.5706699e+00   2.6723832e+00   2.7697351e+00   2.8626465e+00   2.9510792e+00   3.0350202e+00   3.1144643e+00   3.1894034e+00   3.2598152e+00   3.3256587e+00   3.3868694e+00   3.4433605e+00   3.4950239e+00   3.5417350e+00   3.5833567e+00   3.6197467e+00   3.6507624e+00   3.6762679e+00   3.6961394e+00   3.7102705e+00   3.7185765e+00   3.7209981e+00   3.7175045e+00   3.7080953e+00   3.6928018e+00   3.6716877e+00   3.6448491e+00   3.6124139e+00   3.5745411e+00   3.5314187e+00   3.4832623e+00   3.4303129e+00   3.3728347e+00   3.3111117e+00   3.2454462e+00   3.1761545e+00   3.1035656e+00   3.0280164e+00   2.9498508e+00   2.8694148e+00   2.7870555e+00   2.7031169e+00   2.6179390e+00   2.5318534e+00   2.4451834e+00   2.3582400e+00   2.2713220e+00   2.1847123e+00   2.0986792e+00   2.0134727e+00   1.9293261e+00   1.8464530e+00   1.7650493e+00   1.6852906e+00   1.6073345e+00   1.5313185e+00   1.4573627e+00   1.3855677e+00   1.3160179e+00   1.2487794e+00   1.1839039e+00   1.1214259e+00   1.0613682e+00   1.0037375e+00   9.4853136e-01   8.9573308e-01   8.4531888e-01   7.9725285e-01   7.5149423e-01   7.0799176e-01   6.6669177e-01   6.2753144e-01   5.9044796e-01   5.5537041e-01   5.2223040e-01   4.9095213e-01   4.6146516e-01   4.3369216e-01   4.0756519e-01   3.8301056e-01   3.5997169e-01   3.3839118e-01   3.1824868e-01   2.9954257e-01   2.8237007e-01   2.6691548e-01   2.5368737e-01
   2.4844739e-01   2.3992224e-01   2.3390963e-01   2.3077311e-01   2.3089892e-01   2.3472663e-01   2.4274204e-01   2.5546605e-01   2.7344685e-01   2.9723719e-01   3.2738029e-01   3.6438044e-01   4.0868420e-01   4.6064905e-01   5.2052471e-01   5.8842611e-01   6.6432135e-01   7.4801537e-01   8.3915038e-01   9.3720491e-01   1.0415095e+00   1.1512616e+00   1.2655552e+00   1.3834080e+00   1.5037981e+00   1.6256963e+00   1.7481019e+00   1.8700708e+00   1.9907430e+00   2.1093586e+00   2.2252728e+00   2.3379571e+00   2.4469998e+00   2.5520953e+00   2.6530330e+00   2.7496794e+00   2.8419611e+00   2.9298453e+00   3.0133238e+00   3.0923959e+00   3.1670574e+00   3.2372895e+00   3.3030542e+00   3.3642895e+00   3.4209104e+00   3.4728101e+00   3.5198645e+00   3.5619365e+00   3.5988827e+00   3.6305589e+00   3.6568265e+00   3.6775583e+00   3.6926436e+00   3.7019926e+00   3.7055403e+00   3.7032492e+00   3.6951116e+00   3.6811509e+00   3.6614224e+00   3.6360134e+00   3.6050428e+00   3.5686599e+00   3.5270433e+00   3.4803992e+00   3.4289590e+00   3.3729776e+00   3.3127301e+00   3.2485101e+00   3.1806258e+00   3.1093984e+00   3.0351579e+00   2.9582417e+00   2.8789900e+00   2.7977450e+00   2.7148465e+00   2.6306309e+00   2.5454271e+00   2.4595565e+00   2.3733288e+00   2.2870422e+00   2.2009801e+00   2.1154113e+00   2.0305874e+00   1.9467437e+00   1.8640962e+00   1.7828438e+00   1.7031654e+00   1.6252223e+00   1.5491559e+00   1.4750904e+00   1.4031308e+00   1.3333660e+00   1.2658663e+00   1.2006882e+00   1.1378705e+00   1.0774404e+00   1.0194091e+00   9.6377805e-01   9.1053467e-01   8.5965898e-01   8.1111869e-01   7.6487643e-01   7.2088410e-01   6.7909098e-01   6.3943692e-01   6.0186158e-01   5.6629627e-01   5.3267455e-01   5.0092241e-01   4.7097089e-01   4.4274403e-01   4.1617493e-01   3.9119084e-01   3.6773580e-01   3.4575287e-01   3.2522179e-01   3.0614075e-01   2.8860604e-01   2.7280036e-01   2.5922873e-01
   2.5373471e-01   2.4487298e-01   2.3852685e-01   2.3505666e-01   2.3484514e-01   2.3832793e-01   2.4598650e-01   2.5833710e-01   2.7592300e-01   2.9929192e-01   3.2898204e-01   3.6549278e-01   4.0926617e-01   4.6065567e-01   5.1990772e-01   5.8713488e-01   6.6230386e-01   7.4521946e-01   8.3552497e-01   9.3270131e-01   1.0360826e+00   1.1448714e+00   1.2581675e+00   1.3749956e+00   1.4943417e+00   1.6151846e+00   1.7365327e+00   1.8574505e+00   1.9770871e+00   2.0946913e+00   2.2096267e+00   2.3213728e+00   2.4295257e+00   2.5337868e+00   2.6339522e+00   2.7298945e+00   2.8215459e+00   2.9088791e+00   2.9918903e+00   3.0705834e+00   3.1449581e+00   3.2149991e+00   3.2806712e+00   3.3419151e+00   3.3986479e+00   3.4507639e+00   3.4981397e+00   3.5406383e+00   3.5781155e+00   3.6104255e+00   3.6374274e+00   3.6589908e+00   3.6750009e+00   3.6853632e+00   3.6900071e+00   3.6888886e+00   3.6819932e+00   3.6693366e+00   3.6509660e+00   3.6269602e+00   3.5974290e+00   3.5625126e+00   3.5223804e+00   3.4772291e+00   3.4272809e+00   3.3727814e+00   3.3139969e+00   3.2512125e+00   3.1847281e+00   3.1148574e+00   3.0419233e+00   2.9662566e+00   2.8881919e+00   2.8080663e+00   2.7262150e+00   2.6429708e+00   2.5586600e+00   2.4736016e+00   2.3881040e+00   2.3024648e+00   2.2169672e+00   2.1318807e+00   2.0474583e+00   1.9639368e+00   1.8815347e+00   1.8004536e+00   1.7208755e+00   1.6429654e+00   1.5668682e+00   1.4927124e+00   1.4206069e+00   1.3506451e+00   1.2829017e+00   1.2174375e+00   1.1542958e+00   1.0935081e+00   1.0350898e+00   9.7904645e-01   9.2536962e-01   8.7404304e-01   8.2503806e-01   7.7832069e-01   7.3384605e-01   6.9156635e-01   6.5142421e-01   6.1336175e-01   5.7731257e-01   5.4321225e-01   5.1098857e-01   4.8057418e-01   4.5189447e-01   4.2488368e-01   3.9947003e-01   3.7559825e-01   3.5321191e-01   3.3229089e-01   3.1283324e-01   2.9493440e-01   2.7877553e-01   2.6485818e-01
   2.5910793e-01   2.4990750e-01   2.4322578e-01   2.3941998e-01   2.3886939e-01   2.4200579e-01   2.4930641e-01   2.6128292e-01   2.7847377e-01   3.0142172e-01   3.3065998e-01   3.6668318e-01   4.0992887e-01   4.6074658e-01   5.1937950e-01   5.8593781e-01   6.6038690e-01   7.4253139e-01   8.3201561e-01   9.2832281e-01   1.0307907e+00   1.1386266e+00   1.2509362e+00   1.3667510e+00   1.4850646e+00   1.6048640e+00   1.7251660e+00   1.8450441e+00   1.9636556e+00   2.0802583e+00   2.1942238e+00   2.3050396e+00   2.4123092e+00   2.5157408e+00   2.6151373e+00   2.7103770e+00   2.8013979e+00   2.8881775e+00   2.9707171e+00   3.0490246e+00   3.1231037e+00   3.1929425e+00   3.2585090e+00   3.3197463e+00   3.3765734e+00   3.4288863e+00   3.4765623e+00   3.5194645e+00   3.5574481e+00   3.5903659e+00   3.6180750e+00   3.6404419e+00   3.6573481e+00   3.6686944e+00   3.6744050e+00   3.6744299e+00   3.6687477e+00   3.6573668e+00   3.6403267e+00   3.6176976e+00   3.5895808e+00   3.5561077e+00   3.5174382e+00   3.4737601e+00   3.4252864e+00   3.3722536e+00   3.3149194e+00   3.2535601e+00   3.1884678e+00   3.1199485e+00   3.0483178e+00   2.9739003e+00   2.8970246e+00   2.8180224e+00   2.7372248e+00   2.6549607e+00   2.5715533e+00   2.4873194e+00   2.4025657e+00   2.3175890e+00   2.2326723e+00   2.1480857e+00   2.0640829e+00   1.9809026e+00   1.8987653e+00   1.8178752e+00   1.7384172e+00   1.6605597e+00   1.5844512e+00   1.5102242e+00   1.4379915e+00   1.3678507e+00   1.2998809e+00   1.2341471e+00   1.1706971e+00   1.1095664e+00   1.0507749e+00   9.9433224e-01   9.4023376e-01   8.8846708e-01   8.3900716e-01   7.9182344e-01   7.4687425e-01   7.0411479e-01   6.6349043e-01   6.2494585e-01   5.8841693e-01   5.5384133e-01   5.2114871e-01   4.9027331e-01   4.6114198e-01   4.3369015e-01   4.0784703e-01   3.8355812e-01   3.6076755e-01   3.3945540e-01   3.1961962e-01   3.0135485e-01   2.8484081e-01   2.7057564e-01
